time,predicted_position,filtered_position,position_error,kalman_gain_position,kalman_gain_velocity
0.1,7.12118,10.4459,6.58435,0.50495,0.049505
0.2,10.4785,12.8191,6.71616,0.348493,0.0977326
0.3,12.9173,14.312,4.98868,0.279561,0.142482
0.4,14.4813,15.0198,2.18087,0.24692,0.181269
0.5,15.2286,15.1486,-0.344598,0.23234,0.211971
0.6,15.3501,15.1415,-0.918747,0.227044,0.233414
0.7,15.3216,15.742,1.85969,0.226079,0.245619
0.8,15.9678,17.7727,7.96665,0.226557,0.249652
0.9,18.1974,21.7899,15.8328,0.226902,0.247202
1,22.6059,27.9131,23.4411,0.226403,0.240125
1.1,29.292,35.8387,29.1139,0.224868,0.230113
1.2,37.8876,44.9892,31.9339,0.222384,0.218531
1.3,47.7359,54.6656,31.6196,0.219157,0.206379
1.4,58.0649,64.1557,28.2745,0.215418,0.194338
1.5,68.1045,72.8183,22.3,0.211379,0.182835
1.6,77.1748,80.1262,14.2435,0.207213,0.172114
1.7,84.7279,85.6905,4.74094,0.203053,0.162292
1.8,90.3691,89.2631,-5.5581,0.198996,0.153405
1.9,93.8564,90.7229,-16.0603,0.19511,0.145436
2,95.0826,90.0565,-26.2547,0.191438,0.138339
2.1,94.0531,87.3354,-35.7311,0.188005,0.132055
2.2,90.8601,82.6873,-44.2194,0.184825,0.126513
2.3,85.6526,76.2772,-51.541,0.181901,0.121645
2.4,78.6155,68.2975,-57.5689,0.179229,0.117384
2.5,69.96,58.9704,-62.1576,0.176802,0.113663
2.6,59.9264,48.5881,-64.9357,0.174609,0.110426
2.7,48.827,37.6209,-64.9116,0.172637,0.107616
2.8,37.1613,27.0037,-59.4459,0.170871,0.105184
2.9,25.9189,18.1322,-45.9945,0.169296,0.103087
3,16.5732,11.8383,-28.2008,0.167899,0.101282
3.1,9.99367,8.13624,-11.1448,0.166663,0.0997346
3.2,6.18046,6.67731,3.00073,0.165575,0.098412
3.3,4.75106,7.00108,13.6678,0.164622,0.0972854
3.4,5.20779,8.62364,20.8552,0.163789,0.0963292
3.5,7.03126,11.0833,24.8495,0.163064,0.0955205
3.6,9.7283,13.9676,26.0984,0.162437,0.0948393
3.7,12.8601,16.9278,25.1256,0.161895,0.0942678
3.8,16.0572,19.6885,22.4944,0.16143,0.0937902
3.9,19.0288,22.0419,18.711,0.161032,0.093393
4,21.5569,23.8345,14.1734,0.160693,0.093064
4.1,23.4815,24.9455,9.12684,0.160406,0.0927928
4.2,24.6771,25.2667,3.68118,0.160163,0.0925706
4.3,25.0325,24.6839,-2.17907,0.159959,0.0923891
4.4,24.4295,23.06,-8.57059,0.159789,0.092242
4.5,22.7266,20.2411,-15.5688,0.159646,0.0921233
4.6,19.7642,16.0677,-23.1719,0.159528,0.0920281
4.7,15.3775,10.3896,-31.2861,0.159431,0.0919524
4.8,9.41176,3.09753,-39.6246,0.159351,0.0918924
4.9,1.75561,-5.75203,-47.1331,0.159286,0.0918454
5,-7.52685,-11.0966,-22.4183,0.159233,0.0918088
5.1,-13.0772,-12.9795,0.613946,0.15919,0.0917806
5.2,-14.9545,-11.8064,19.7796,0.159156,0.0917591
5.3,-13.5999,-8.07001,34.7514,0.159128,0.0917429
5.4,-9.5447,-2.35082,45.2141,0.159107,0.0917308
5.5,-3.41076,4.70185,50.994,0.159089,0.0917219
5.6,4.10965,12.3869,52.0336,0.159076,0.0917156
5.7,12.272,19.9743,48.4226,0.159066,0.0917112
5.8,20.3035,26.7339,40.4282,0.159058,0.0917081
5.9,27.4337,31.9709,28.5265,0.159052,0.0917061
6,32.9324,35.0548,13.3442,0.159047,0.0917049
6.1,36.1386,35.4551,-4.29728,0.159044,0.0917042
6.2,36.4996,32.7853,-23.3542,0.159041,0.091704
6.3,33.6156,26.848,-42.553,0.159039,0.0917039
6.4,27.288,17.9506,-58.7121,0.159038,0.091704
6.5,17.8522,10.7748,-44.5015,0.159037,0.0917041
6.6,10.2684,8.47202,-11.2953,0.159036,0.0917043
6.7,7.86197,10.582,17.1032,0.159036,0.0917046
6.8,10.1288,16.259,38.546,0.159036,0.0917048
6.9,16.1593,24.4826,52.3361,0.159036,0.091705
7,24.8628,34.121,58.2144,0.159035,0.0917051
7.1,35.035,43.9871,56.29,0.159035,0.0917052
7.2,45.4174,52.9065,47.0902,0.159035,0.0917053
7.3,54.7686,59.7902,31.5754,0.159035,0.0917053
7.4,61.9419,63.7193,11.1762,0.159035,0.0917053
7.5,65.9735,64.0616,-12.0219,0.159035,0.0917053
7.6,66.2055,60.6807,-34.7394,0.159035,0.0917053
7.7,62.5061,54.5012,-50.3343,0.159035,0.0917053
7.8,55.8649,48.5224,-46.169,0.159035,0.0917052
7.9,49.4628,46.2681,-20.0882,0.159035,0.0917051
8,47.0242,48.9526,12.1251,0.159035,0.091705
8.1,49.8199,56.207,40.1614,0.159035,0.091705
8.2,57.4427,66.9864,60.0102,0.159035,0.0917049
8.3,68.7724,79.9133,70.0531,0.159035,0.0917049
8.4,82.3417,93.4572,69.8933,0.159035,0.0917048
8.5,96.5265,106.064,59.9703,0.159035,0.0917047
8.6,109.683,116.259,41.3497,0.159035,0.0917047
8.7,120.258,122.756,15.7074,0.159035,0.0917045
8.8,126.898,124.538,-14.8423,0.159035,0.0917045
8.9,128.544,120.952,-47.7422,0.159035,0.0917045
9,124.52,111.826,-79.8198,0.159035,0.0917044
9.1,114.663,97.8625,-105.639,0.159035,0.0917044
9.2,99.7304,82.6813,-107.203,0.159035,0.0917043
9.3,83.5661,72.7645,-67.9195,0.159035,0.0917043
9.4,73.0264,69.5089,-22.1178,0.159035,0.0917044
9.5,69.568,71.9074,14.7097,0.159035,0.0917042
9.6,72.1014,78.3967,39.5847,0.159035,0.0917043
9.7,78.9537,87.2578,52.2155,0.159035,0.0917042
9.8,88.2936,96.7846,53.3908,0.159035,0.0917042
9.9,98.3101,105.399,44.5751,0.159035,0.0917043
10,107.333,111.75,27.7729,0.159035,0.0917042
10.1,113.939,114.776,5.26157,0.159035,0.0917042
10.2,117.013,113.756,-20.4827,0.159035,0.0917042
10.3,115.805,108.338,-46.9539,0.159035,0.0917042
10.4,109.956,98.5378,-71.7987,0.159035,0.0917042
10.5,99.4982,84.7405,-92.7955,0.159035,0.0917042
10.6,84.8498,67.7976,-107.223,0.159035,0.0917042
10.7,66.9236,51.2327,-98.6639,0.159035,0.0917041
10.8,49.4539,39.6475,-61.662,0.159035,0.0917042
10.9,37.3033,32.2898,-31.525,0.159035,0.0917042
11,29.6565,27.8592,-11.3013,0.159035,0.0917042
11.1,25.1223,25.1081,-0.0892906,0.159035,0.0917042
11.2,22.3703,22.9594,3.70387,0.159035,0.0917041
11.3,20.2556,20.6007,2.16982,0.159035,0.0917042
11.4,17.9168,17.5459,-2.33234,0.159035,0.0917042
11.5,14.8406,13.7365,-6.94222,0.159035,0.0917042
11.6,10.9676,9.64451,-8.31952,0.159035,0.0917042
11.7,6.7993,6.18536,-3.86045,0.159035,0.0917041
11.8,3.30472,4.24825,5.93284,0.159035,0.0917042
11.9,1.42202,4.23549,17.6909,0.159035,0.0917042
12,1.57152,6.06643,28.2637,0.159035,0.0917042
12.1,3.66163,9.37427,35.9207,0.159035,0.0917042
12.2,7.29889,13.6592,39.9934,0.159035,0.0917041
12.3,11.9506,18.3846,40.4567,0.159035,0.0917042
12.4,17.047,23.0276,37.6057,0.159035,0.0917042
12.5,22.0348,27.1101,31.913,0.159035,0.0917042
12.6,26.41,30.2149,23.925,0.159035,0.0917042
12.7,29.7342,31.9885,14.1747,0.159035,0.0917041
12.8,31.6378,32.147,3.20226,0.159035,0.0917042
12.9,31.8257,30.4824,-8.44631,0.159035,0.0917042
13,30.0836,26.8699,-20.2076,0.159035,0.0917042
13.1,26.2858,21.279,-31.4821,0.159035,0.0917042
13.2,20.4062,13.7834,-41.6436,0.159035,0.0917041
13.3,12.5287,4.56703,-50.0624,0.159035,0.0917042
13.4,2.85321,-3.92339,-42.6108,0.159035,0.0917042
13.5,-6.02795,-9.0921,-19.2672,0.159035,0.0917042
13.6,-11.3734,-11.6001,-1.42561,0.159035,0.0917042
13.7,-13.8944,-12.1212,11.15,0.159035,0.0917041
13.8,-14.3133,-11.2833,19.052,0.159035,0.0917042
13.9,-13.3007,-9.59831,23.2803,0.159035,0.0917042
14,-11.4022,-7.38855,25.2374,0.159035,0.0917042
14.1,-8.961,-4.74022,26.5399,0.159035,0.0917042
14.2,-6.06927,-1.5196,28.608,0.159035,0.0917041
14.3,-2.58631,2.51082,32.0504,0.159035,0.0917042
14.4,1.73802,7.51689,36.3371,0.159035,0.0917042
14.5,7.07733,13.4646,40.1624,0.159035,0.0917042
14.6,13.3933,20.0661,41.9582,0.159035,0.0917042
14.7,20.3796,26.8077,40.4194,0.159035,0.0917041
14.8,27.4919,33.0055,34.6691,0.159035,0.0917042
14.9,34.0076,37.8866,24.3909,0.159035,0.0917042
15,39.1124,40.6724,9.80915,0.159035,0.0917042
15.1,41.9881,40.6653,-8.31766,0.159035,0.0917042
15.2,41.9048,37.3385,-28.7122,0.159035,0.0917041
15.3,38.3147,30.4525,-49.4367,0.159035,0.0917042
15.4,30.9753,20.9008,-63.3479,0.159035,0.0917042
15.5,20.8427,14.802,-37.9835,0.159035,0.0917042
15.6,14.3956,13.8381,-3.50503,0.159035,0.0917042
15.7,13.3995,17.2609,24.2798,0.159035,0.0917041
15.8,17.0449,23.9405,43.3586,0.159035,0.0917042
15.9,24.1221,32.5667,53.0986,0.159035,0.0917042
16,33.2353,41.7491,53.5344,0.159035,0.0917042
16.1,42.9087,50.1256,45.3797,0.159035,0.0917042
16.2,51.7013,56.4796,30.0452,0.159035,0.0917042
16.3,58.3308,59.873,9.69753,0.159035,0.0917043
16.4,61.8132,59.8582,-12.2925,0.159035,0.091704
16.5,61.6857,56.8597,-30.3454,0.159035,0.0917041
16.6,58.4089,52.8164,-35.1651,0.159035,0.0917042
16.7,54.0431,50.8306,-20.1999,0.159035,0.0917042
16.8,51.872,52.8886,6.39249,0.159035,0.0917043
16.9,53.9887,59.234,32.9821,0.159035,0.091704
17,60.6365,69.0948,53.1856,0.159035,0.0917041
17.1,70.9851,81.1891,64.1623,0.159035,0.0917042
17.2,83.6678,93.9928,64.9231,0.159035,0.0917042
17.3,97.0669,105.924,55.69,0.159035,0.0917043
17.4,109.508,115.471,37.4968,0.159035,0.091704
17.5,119.4,121.323,12.0904,0.159035,0.0917041
17.6,125.362,122.473,-18.166,0.159035,0.0917042
17.7,126.346,118.333,-50.3873,0.159035,0.0917042
17.8,121.744,108.917,-80.6539,0.159035,0.0917043
17.9,111.588,95.4778,-101.3,0.159035,0.091704
18,97.22,82.441,-92.9296,0.159035,0.0917041
18.1,83.331,74.802,-53.6297,0.159035,0.0917042
18.2,75.2002,73.3614,-11.562,0.159035,0.0917042
18.3,73.6536,77.1054,21.7047,0.159035,0.0917043
18.4,77.5966,84.4909,43.351,0.159035,0.0917041
18.5,85.3797,93.8199,53.0715,0.159035,0.0917041
18.6,95.1953,103.418,51.7053,0.159035,0.0917042
18.7,105.268,111.746,40.7342,0.159035,0.0917043
18.8,113.969,117.497,22.1804,0.159035,0.0917043
18.9,119.923,119.665,-1.62529,0.159035,0.0917041
19,122.076,117.601,-28.1398,0.159035,0.0917042
19.1,119.755,111.063,-54.6514,0.159035,0.0917042
19.2,112.716,100.302,-78.0553,0.159035,0.0917043
19.3,101.239,86.3848,-93.4005,0.159035,0.0917043
19.4,86.4649,72.1819,-89.8104,0.159035,0.0917041
19.5,71.4384,61.5432,-62.2204,0.159035,0.0917042
19.6,60.2291,55.6304,-28.9162,0.159035,0.0917042
19.7,54.0512,53.8438,-1.30405,0.159035,0.0917043
19.8,52.2525,55.0883,17.8312,0.159035,0.0917043
19.9,53.6606,58.1765,28.3953,0.159035,0.0917041
20,57.0092,61.9815,31.266,0.159035,0.0917042
20.1,61.101,65.5197,27.7846,0.159035,0.0917042
20.2,64.8939,67.9986,19.522,0.159035,0.0917043
20.3,67.5518,68.8505,8.16624,0.159035,0.0917043
20.4,68.4787,67.7325,-4.69188,0.159035,0.0917041
20.5,67.3176,64.5321,-17.5151,0.159035,0.0917042
20.6,63.9565,59.3521,-28.9521,0.159035,0.0917042
20.7,58.5111,52.4866,-37.8816,0.159035,0.0917043
20.8,51.2982,44.4049,-43.3446,0.159035,0.0917043
20.9,42.819,35.7476,-44.4643,0.159035,0.0917041
21,33.754,27.3082,-40.5303,0.159035,0.0917042
21.1,24.9429,19.9288,-31.5283,0.159035,0.0917042
21.2,17.2743,14.2859,-18.7908,0.159035,0.0917043
21.3,11.4591,10.7965,-4.16614,0.159035,0.0917043
21.4,7.93159,9.66307,10.8874,0.159035,0.0917041
21.5,6.89791,10.9278,25.3395,0.159035,0.0917042
21.6,8.39499,14.4956,38.3601,0.159035,0.0917042
21.7,12.3146,20.1194,49.0762,0.159035,0.0917043
21.8,18.3884,27.3994,56.6602,0.159035,0.0917043
21.9,26.1881,35.7923,60.391,0.159035,0.0917041
22,35.1348,44.6359,59.7422,0.159035,0.0917042
22.1,44.5262,53.1856,54.4498,0.159035,0.0917042
22.2,53.5753,60.6634,44.57,0.159035,0.0917043
22.3,61.4618,66.3132,30.505,0.159035,0.0917043
22.4,67.3913,69.4595,13.0046,0.159035,0.0917041
22.5,70.6568,69.5683,-6.84492,0.159035,0.0917042
22.6,70.7029,66.2947,-27.7185,0.159035,0.0917042
22.7,67.1751,59.5366,-48.0303,0.159035,0.0917043
22.8,59.9766,49.4984,-65.8858,0.159035,0.0917043
22.9,49.3342,37.0461,-77.2663,0.159035,0.0917041
23,36.1733,26.1473,-63.0432,0.159035,0.0917042
23.1,24.6963,19.3798,-33.4297,0.159035,0.0917042
23.2,17.6223,15.9792,-10.3319,0.159035,0.0917043
23.3,14.1269,14.7264,3.7692,0.159035,0.0917043
23.4,12.9087,14.3397,8.99824,0.159035,0.0917041
23.5,12.6046,13.6048,6.28963,0.159035,0.0917042
23.6,11.9273,11.494,-2.72485,0.159035,0.0917042
23.7,9.79149,7.34782,-15.3656,0.159035,0.0917043
23.8,5.50442,1.49517,-25.2098,0.159035,0.0917043
23.9,-0.579372,-2.9656,-15.0044,0.159035,0.0917041
24,-5.17778,-3.2279,12.2607,0.159035,0.0917042
24.1,-5.32764,0.969289,39.5947,0.159035,0.0917042
24.2,-0.767355,8.99288,61.3717,0.159035,0.0917043
24.3,7.81905,19.8201,75.4619,0.159035,0.0917043
24.4,19.3383,32.1985,80.864,0.159035,0.0917041
24.5,32.4582,44.764,77.378,0.159035,0.0917042
24.6,45.7334,56.1475,65.4836,0.159035,0.0917042
24.7,57.7174,65.0794,46.2918,0.159035,0.0917043
24.8,67.0737,70.5026,21.5606,0.159035,0.0917043
24.9,72.6947,71.6903,-6.31547,0.159035,0.0917041
25,73.8245,68.4305,-33.9171,0.159035,0.0917042
25.1,70.2536,61.477,-55.1865,0.159035,0.0917042
25.2,62.7941,53.7079,-57.1329,0.159035,0.0917043
25.3,54.5011,49.2792,-32.8348,0.159035,0.0917043
25.4,49.7712,49.7464,-0.155937,0.159035,0.0917041
25.5,50.2369,54.6641,27.8375,0.159035,0.0917042
25.6,55.4099,62.8466,46.7613,0.159035,0.0917042
25.7,64.0213,72.8437,55.4748,0.159035,0.0917043
25.8,74.5271,83.157,54.2641,0.159035,0.0917043
25.9,85.338,92.3939,44.3673,0.159035,0.0917041
26,94.9818,99.3923,27.733,0.159035,0.0917042
26.1,102.235,103.33,6.88776,0.159035,0.0917042
26.2,106.235,103.834,-15.0978,0.159035,0.0917043
26.3,106.601,101.1,-34.5938,0.159035,0.0917043
26.4,103.549,95.986,-47.5573,0.159035,0.0917041
26.5,97.9995,89.9703,-50.4871,0.159035,0.0917042
26.6,91.5209,84.6385,-43.2761,0.159035,0.0917042
26.7,85.7922,80.9217,-30.6253,0.159035,0.0917043
26.8,81.7946,78.8364,-18.6009,0.159035,0.0917043
26.9,79.5387,77.7257,-11.4004,0.159035,0.0917041
27,78.3234,76.6048,-10.8063,0.159035,0.0917042
27.1,77.1035,74.4012,-16.9918,0.159035,0.0917042
27.2,74.744,70.1367,-28.9708,0.159035,0.0917043
27.3,70.2138,63.0339,-45.1465,0.159035,0.0917043
27.4,62.6971,52.5952,-63.5199,0.159035,0.0917041
27.5,51.6759,38.6444,-81.9411,0.159035,0.0917042
27.6,36.9736,26.0954,-68.4015,0.159035,0.0917042
27.7,23.7973,19.9369,-24.2735,0.159035,0.0917043
27.8,17.4163,19.1608,10.9698,0.159035,0.0917043
27.9,16.7408,22.5752,36.6862,0.159035,0.0917041
28,20.4915,28.8793,52.7418,0.159035,0.0917042
28.1,27.2793,36.7501,59.5513,0.159035,0.0917042
28.2,35.6962,44.9196,57.996,0.159035,0.0917043
28.3,44.3976,52.255,49.4072,0.159035,0.0917043
28.4,52.1861,57.8214,35.4347,0.159035,0.0917041
28.5,58.0775,60.9379,17.9861,0.159035,0.0917042
28.6,61.3588,61.2231,-0.85355,0.159035,0.0917042
28.7,61.6362,58.6219,-18.9541,0.159035,0.0917043
28.8,58.8612,53.4634,-33.9406,0.159035,0.0917043
28.9,53.3915,46.5265,-43.1665,0.159035,0.0917041
29,46.0587,39.0752,-43.9117,0.159035,0.0917042
29.1,38.2048,32.4952,-35.9011,0.159035,0.0917042
29.2,31.2955,27.56,-23.4884,0.159035,0.0917043
29.3,26.1449,24.2898,-11.6651,0.159035,0.0917043
29.4,22.7677,22.2919,-2.99167,0.159035,0.0917041
29.5,20.7424,21.0512,1.94169,0.159035,0.0917042
29.6,19.5195,20.0994,3.64628,0.159035,0.0917042
29.7,18.6011,19.1018,3.14848,0.159035,0.0917043
29.8,17.6324,17.8891,1.61395,0.159035,0.0917043
29.9,16.4345,16.4632,0.180454,0.159035,0.0917041
30,15.0103,14.9467,-0.399443,0.159035,0.0917042
30.1,13.4901,13.5067,0.10425,0.159035,0.0917042
30.2,12.051,12.2613,1.32178,0.159035,0.0917043
30.3,10.8177,11.2237,2.55265,0.159035,0.0917043
30.4,9.80359,10.3002,3.12261,0.159035,0.0917041
30.5,8.9087,9.32292,2.60462,0.159035,0.0917042
30.6,7.95532,8.11314,0.992331,0.159035,0.0917042
30.7,6.75463,6.54766,-1.30143,0.159035,0.0917043
30.8,5.17722,4.64196,-3.36566,0.159035,0.0917043
30.9,3.24068,2.62691,-3.85938,0.159035,0.0917041
31,1.19021,0.975295,-1.35139,0.159035,0.0917042
31.1,-0.473794,0.270602,4.68071,0.159035,0.0917042
31.2,-1.13556,0.97007,13.2401,0.159035,0.0917043
31.3,-0.314677,3.26515,22.5097,0.159035,0.0917043
31.4,2.18684,7.08621,30.8069,0.159035,0.0917041
31.5,6.2904,12.1618,36.919,0.159035,0.0917042
31.6,11.7046,18.073,40.0442,0.159035,0.0917042
31.7,17.983,24.3035,39.7429,0.159035,0.0917043
31.8,24.5779,30.282,35.8667,0.159035,0.0917043
31.9,30.8853,35.4261,28.5524,0.159035,0.0917041
32,36.2913,39.1815,18.1735,0.159035,0.0917042
32.1,40.2134,41.0745,5.41448,0.159035,0.0917045
32.2,42.156,40.7811,-8.64499,0.159035,0.0917042
32.3,41.7833,38.2088,-22.4766,0.159035,0.091704
32.4,39.0049,33.7015,-33.3472,0.159035,0.0917043
32.5,34.1918,28.3851,-36.5121,0.159035,0.0917041
32.6,28.5406,24.1729,-27.4639,0.159035,0.0917044
32.7,24.0765,22.4986,-9.92128,0.159035,0.0917042
32.8,22.3113,23.6684,8.53366,0.159035,0.091704
32.9,23.5593,27.293,23.4775,0.159035,0.0917043
33,27.3992,32.6467,32.996,0.159035,0.0917041
33.1,33.0555,38.8443,36.3994,0.159035,0.0917044
33.2,39.5868,44.9559,33.7602,0.159035,0.0917042
33.3,46.008,50.0761,25.5799,0.159035,0.091704
33.4,51.3629,53.3967,12.7886,0.159035,0.0917043
33.5,54.8007,54.2543,-3.43539,0.159035,0.0917041
33.6,55.6269,52.1812,-21.6661,0.159035,0.0917044
33.7,53.355,46.9361,-40.3619,0.159035,0.0917042
33.8,47.7398,38.5479,-57.798,0.159035,0.091704
33.9,38.8215,27.5387,-70.9457,0.159035,0.0917043
34,27.1618,18.1089,-56.9241,0.159035,0.0917041
34.1,17.2099,12.9665,-26.682,0.159035,0.0917044
34.2,11.8229,11.3613,-2.90215,0.159035,0.0917042
34.3,10.1911,12.2484,12.9362,0.159035,0.091704
34.4,11.1967,14.517,20.8774,0.159035,0.0917043
34.5,13.6568,17.0762,21.5008,0.159035,0.0917041
34.6,16.4132,18.9169,15.7435,0.159035,0.0917044
34.7,18.3983,19.1622,4.8032,0.159035,0.0917042
34.8,18.6876,17.1132,-9.89991,0.159035,0.091704
34.9,16.5478,12.279,-26.8416,0.159035,0.0917043
35,11.4675,4.39544,-44.4688,0.159035,0.0917041
35.1,3.1761,-2.86769,-38.0028,0.159035,0.0917044
35.2,-4.43548,-5.10079,-4.18343,0.159035,0.0917042
35.3,-6.70695,-2.87347,24.1047,0.159035,0.091704
35.4,-4.25864,3.08244,46.1601,0.159035,0.0917043
35.5,2.12063,11.9256,61.6527,0.159035,0.0917041
35.6,11.5291,22.7442,70.5197,0.159035,0.0917044
35.7,22.9945,34.6086,73.029,0.159035,0.0917042
35.8,35.5285,46.6165,69.7203,0.159035,0.091704
35.9,48.1758,57.9328,61.351,0.159035,0.0917043
36,60.0547,67.8333,48.9115,0.159035,0.0917041
36.1,70.4039,75.725,33.4585,0.159035,0.0917044
36.2,78.6022,81.1687,16.1382,0.159035,0.0917042
36.3,84.194,83.8946,-1.88239,0.159035,0.091704
36.4,86.9027,83.7963,-19.533,0.159035,0.0917043
36.5,86.6252,80.9272,-35.8288,0.159035,0.0917041
36.6,83.4276,75.4941,-49.885,0.159035,0.0917044
36.7,77.537,67.8463,-60.9342,0.159035,0.0917042
36.8,69.3304,58.4772,-68.2438,0.159035,0.091704
36.9,59.3355,48.0537,-70.9395,0.159035,0.0917043
37,48.2614,37.4507,-67.9768,0.159035,0.0917041
37.1,37.035,27.6228,-59.1837,0.159035,0.0917044
37.2,26.6644,19.1099,-47.5021,0.159035,0.0917042
37.3,17.7159,11.8645,-36.7936,0.159035,0.091704
37.4,10.133,5.50229,-29.1175,0.159035,0.0917043
37.5,3.50387,-0.471543,-24.9972,0.159035,0.0917041
37.6,-2.69927,-6.54045,-24.153,0.159035,0.0917044
37.7,-8.98959,-13.0939,-25.8075,0.159035,0.0917042
37.8,-15.7797,-19.7232,-24.7965,0.159035,0.091704
37.9,-22.6365,-23.8475,-7.61469,0.159035,0.0917043
38,-26.8305,-24.9215,12.0035,0.159035,0.0917041
38.1,-27.7946,-23.0002,30.1466,0.159035,0.0917044
38.2,-25.5967,-18.2923,45.9297,0.159035,0.0917042
38.3,-20.4676,-11.1252,58.7443,0.159035,0.091704
38.4,-12.7618,-1.92565,68.1372,0.159035,0.0917043
38.5,-2.93741,8.79344,73.7628,0.159035,0.0917041
38.6,8.45809,20.4523,75.4186,0.159035,0.0917044
38.7,20.8086,32.4338,73.0986,0.159035,0.0917042
38.8,33.4604,44.1045,66.9291,0.159035,0.091704
38.9,45.7449,54.8448,57.2197,0.159035,0.0917043
39,57.0099,64.0799,44.4559,0.159035,0.0917041
39.1,66.6528,71.306,29.2591,0.159035,0.0917044
39.2,74.1471,76.1188,12.398,0.159035,0.0917042
39.3,79.0736,78.2224,-5.35189,0.159035,0.091704
39.4,81.1282,77.453,-23.1096,0.159035,0.0917043
39.5,80.1468,73.7804,-40.0313,0.159035,0.0917041
39.6,76.1072,67.3181,-55.265,0.159035,0.0917044
39.7,69.138,58.3532,-67.8136,0.159035,0.0917042
39.8,59.5512,47.4776,-75.9181,0.159035,0.091704
39.9,47.9795,36.2872,-73.5202,0.159035,0.0917043
40,36.1148,27.5467,-53.8756,0.159035,0.0917041
40.1,26.8802,22.2213,-29.2952,0.159035,0.0917044
40.2,21.2862,20.0867,-7.54253,0.159035,0.0917042
40.3,19.0824,20.6617,9.93044,0.159035,0.091704
40.4,19.7485,23.4201,23.087,0.159035,0.0917043
40.5,22.7186,27.8516,32.2757,0.159035,0.0917041
40.6,27.4461,33.4691,37.8723,0.159035,0.0917044
40.7,33.4109,39.8124,40.2524,0.159035,0.0917042
40.8,40.1234,46.4487,39.7736,0.159035,0.091704
40.9,47.1244,52.9749,36.7875,0.159035,0.0917043
41,53.988,59.0192,31.6364,0.159035,0.0917041
41.1,60.3224,64.2481,24.6844,0.159035,0.0917044
41.2,65.7776,68.386,16.4013,0.159035,0.0917042
41.3,70.0659,71.2209,7.26257,0.159035,0.091704
41.4,72.9675,72.6234,-2.16331,0.159035,0.0917043
41.5,74.3501,72.5568,-11.2762,0.159035,0.0917041
41.6,74.1801,71.0801,-19.4924,0.159035,0.0917044
41.7,72.5246,68.3451,-26.2803,0.159035,0.0917042
41.8,69.5486,64.5846,-31.2139,0.159035,0.091704
41.9,65.5019,60.0761,-34.117,0.159035,0.0917043
42,60.6805,55.1145,-34.9987,0.159035,0.0917041
42.1,55.3979,49.9706,-34.1264,0.159035,0.0917044
42.2,49.9411,44.8669,-31.9066,0.159035,0.0917042
42.3,44.5448,39.969,-28.7725,0.159035,0.091704
42.4,39.383,35.4051,-25.0128,0.159035,0.0917043
42.5,34.5898,31.2904,-20.7461,0.159035,0.0917041
42.6,30.2848,27.7361,-16.0261,0.159035,0.0917044
42.7,26.5836,24.8596,-10.8402,0.159035,0.0917042
42.8,23.6077,22.7644,-5.30271,0.159035,0.091704
42.9,21.4638,21.5211,0.360203,0.159035,0.0917043
43,20.2238,21.1674,5.93311,0.159035,0.0917041
43.1,19.9245,21.6928,11.1191,0.159035,0.0917044
43.2,20.5519,23.0572,15.7529,0.159035,0.0917042
43.3,22.0608,25.191,19.6825,0.159035,0.091704
43.4,24.375,27.9972,22.7762,0.159035,0.0917043
43.5,27.3902,31.3488,24.8915,0.159035,0.0917041
43.6,30.9699,35.0783,25.8329,0.159035,0.0917044
43.7,34.9364,38.9666,25.3417,0.159035,0.0917042
43.8,39.0571,42.7444,23.1857,0.159035,0.091704
43.9,43.0475,46.1042,19.2206,0.159035,0.0917043
44,46.5836,48.73,13.4961,0.159035,0.0917041
44.1,49.3331,50.3407,6.33577,0.159035,0.0917044
44.2,51.0019,50.7525,-1.56857,0.159035,0.0917042
44.3,51.3993,49.9572,-9.06789,0.159035,0.091704
44.4,50.5209,48.2095,-14.5342,0.159035,0.0917043
44.5,48.6399,46.0682,-16.1706,0.159035,0.0917041
44.6,46.3503,44.3013,-12.8837,0.159035,0.0917044
44.7,44.4653,43.6035,-5.41888,0.159035,0.0917042
44.8,43.7178,44.3258,3.82346,0.159035,0.091704
44.9,44.4752,46.3939,12.0648,0.159035,0.0917043
45,46.6539,49.3821,17.1549,0.159035,0.0917041
45.1,49.7994,52.6411,17.8682,0.159035,0.0917044
45.2,53.2222,55.4199,13.8188,0.159035,0.0917042
45.3,56.1277,56.9945,5.45013,0.159035,0.091704
45.4,57.7524,56.8021,-5.97501,0.159035,0.0917043
45.5,57.5052,54.618,-18.1546,0.159035,0.0917041
45.6,55.1546,50.822,-27.2428,0.159035,0.0917044
45.7,51.1087,46.6857,-27.8115,0.159035,0.0917042
45.8,46.7174,44.0843,-16.5573,0.159035,0.091704
45.9,43.9641,44.3983,2.72982,0.159035,0.0917043
46,44.3032,47.9872,23.1649,0.159035,0.0917041
46.1,48.1045,54.4335,39.7963,0.159035,0.0917044
46.2,54.9158,62.8776,50.0634,0.159035,0.0917042
46.3,63.819,72.2365,52.9287,0.159035,0.091704
46.4,73.6633,81.3649,48.4271,0.159035,0.0917043
46.5,83.2357,89.1937,37.4637,0.159035,0.0917041
46.6,91.4082,94.8528,21.6594,0.159035,0.0917044
46.7,97.2658,97.7905,3.29917,0.159035,0.0917042
46.8,100.234,97.89,-14.7376,0.159035,0.091704
46.9,100.198,95.577,-29.0578,0.159035,0.0917043
47,97.6186,91.8408,-36.3308,0.159035,0.0917041
47.1,93.5493,87.9863,-34.9796,0.159035,0.0917044
47.2,89.3741,85.0894,-26.9416,0.159035,0.0917042
47.3,86.2301,83.5382,-16.9261,0.159035,0.091704
47.4,84.5237,83.0163,-9.47821,0.159035,0.0917043
47.5,83.9148,82.7254,-7.4791,0.159035,0.0917041
47.6,83.5554,81.643,-12.0249,0.159035,0.0917044
47.7,82.3626,78.7214,-22.8957,0.159035,0.0917042
47.8,79.2311,73.0488,-38.8739,0.159035,0.091704
47.9,73.202,63.9635,-58.0911,0.159035,0.0917043
48,63.584,51.1399,-78.2478,0.159035,0.0917041
48.1,50.0428,35.6505,-90.4979,0.159035,0.0917044
48.2,33.7235,26.5648,-45.0137,0.159035,0.0917042
48.3,24.225,23.5458,-4.27113,0.159035,0.091704
48.4,21.1668,25.3272,26.1603,0.159035,0.0917043
48.5,23.1882,30.4466,45.6407,0.159035,0.0917041
48.6,28.7261,37.3544,54.2542,0.159035,0.0917044
48.7,36.1315,44.5434,52.8936,0.159035,0.0917042
48.8,43.8055,50.6574,43.0842,0.159035,0.091704
48.9,50.3146,54.6359,27.1722,0.159035,0.0917043
49,54.5423,55.8658,8.32209,0.159035,0.0917041
49.1,55.8485,54.3962,-9.13152,0.159035,0.0917044
49.2,54.2952,51.2259,-19.2994,0.159035,0.0917042
49.3,50.9479,48.2969,-16.6691,0.159035,0.091704
49.4,47.866,47.5046,-2.27271,0.159035,0.0917043
49.5,47.0529,49.6179,16.1288,0.159035,0.0917041
49.6,49.3141,54.3377,31.588,0.159035,0.0917044
49.7,54.3235,60.7498,40.4082,0.159035,0.0917042
49.8,61.1062,67.6676,41.2573,0.159035,0.091704
49.9,68.4023,73.8623,34.3321,0.159035,0.0917043
50,74.9119,78.2204,20.8033,0.159035,0.0917041
50.1,79.4608,79.8629,2.5284,0.159035,0.0917044
50.2,81.1264,78.227,-18.2313,0.159035,0.0917042
50.3,79.3233,73.1369,-38.9,0.159035,0.091704
50.4,73.8766,64.8703,-56.6304,0.159035,0.0917043
50.5,65.0907,54.3144,-67.7602,0.159035,0.0917041
50.6,53.9133,43.3246,-66.5811,0.159035,0.0917044
50.7,42.313,34.1715,-51.1929,0.159035,0.0917042
50.8,32.6904,27.6727,-31.5511,0.159035,0.091704
50.9,25.9022,23.5353,-14.883,0.159035,0.0917043
51,21.6284,21.3021,-2.05185,0.159035,0.0917041
51.1,19.3763,20.761,8.70667,0.159035,0.0917044
51.2,18.9151,22.046,19.687,0.159035,0.0917042
51.3,20.3807,25.4685,31.9921,0.159035,0.091704
51.4,24.0965,31.2486,44.972,0.159035,0.0917043
51.5,30.2891,39.3123,56.7373,0.159035,0.0917041
51.6,38.873,49.2145,65.0264,0.159035,0.0917044
51.7,49.3715,60.1802,67.9642,0.159035,0.0917042
51.8,60.9605,71.1854,64.2936,0.159035,0.091704
51.9,72.5554,81.0761,53.5778,0.159035,0.0917043
52,82.9373,88.6865,36.1508,0.159035,0.0917041
52.1,90.8793,92.9602,13.0844,0.159035,0.0917044
52.2,95.2729,93.0609,-13.9092,0.159035,0.0917042
52.3,95.2461,88.492,-42.4689,0.159035,0.091704
52.4,90.2878,79.2465,-69.4271,0.159035,0.0917043
52.5,80.4055,66.3491,-88.3862,0.159035,0.0917041
52.6,66.6976,54.1879,-78.66,0.159035,0.0917044
52.7,53.8151,47.1819,-41.7088,0.159035,0.0917042
52.8,46.4266,45.258,-7.34824,0.159035,0.091704
52.9,44.4353,47.0687,16.5583,0.159035,0.0917043
53,46.3978,50.9812,28.8198,0.159035,0.0917041
53.1,50.5746,55.3327,29.9189,0.159035,0.0917044
53.2,55.2006,58.599,21.3694,0.159035,0.0917042
53.3,58.6628,59.5451,5.5481,0.159035,0.091704
53.4,59.6598,57.3853,-14.3017,0.159035,0.0917043
53.5,57.3688,52.05,-33.4444,0.159035,0.0917041
53.6,51.7268,44.8176,-43.4449,0.159035,0.0917044
53.7,44.096,38.8153,-33.2046,0.159035,0.0917042
53.8,37.7892,36.5988,-7.48518,0.159035,0.091704
53.9,35.504,38.5187,18.9559,0.159035,0.0917043
54,37.5978,43.7301,38.5596,0.159035,0.0917041
54.1,43.1628,50.9275,48.8241,0.159035,0.0917044
54.2,50.808,58.6614,49.3818,0.159035,0.0917042
54.3,58.9947,65.569,41.3391,0.159035,0.091704
54.4,66.2814,70.5505,26.8437,0.159035,0.0917043
54.5,71.509,72.9709,9.19229,0.159035,0.0917041
54.6,74.0138,72.9204,-6.87531,0.159035,0.0917044
54.7,73.9002,71.4783,-15.2286,0.159035,0.0917042
54.8,72.3184,70.6201,-10.6789,0.159035,0.091704
54.9,71.3623,72.2775,5.75477,0.159035,0.0917043
55,73.0725,77.4103,27.2756,0.159035,0.0917041
55.1,78.4554,85.9513,47.1334,0.159035,0.0917044
55.2,87.4286,97.1547,61.1568,0.159035,0.0917042
55.3,99.1928,109.907,67.3688,0.159035,0.091704
55.4,112.563,122.943,65.2705,0.159035,0.0917043
55.5,126.198,135.013,55.4333,0.159035,0.0917041
55.6,138.776,144.99,39.0676,0.159035,0.0917044
55.7,149.111,151.952,17.8639,0.159035,0.0917042
55.8,156.237,155.236,-6.28961,0.159035,0.091704
55.9,159.464,154.465,-31.4325,0.159035,0.0917043
56,158.404,149.53,-55.7961,0.159035,0.0917041
56.1,152.958,140.589,-77.7734,0.159035,0.0917044
56.2,143.303,128.02,-96.0986,0.159035,0.0917042
56.3,129.853,112.4,-109.746,0.159035,0.091704
56.4,113.226,94.5257,-117.587,0.159035,0.0917043
56.5,94.2739,75.7162,-116.69,0.159035,0.0917041
56.6,74.3942,58.7402,-98.4314,0.159035,0.0917044
56.7,56.5156,45.5049,-69.2345,0.159035,0.0917042
56.8,42.6455,35.7217,-43.5364,0.159035,0.091704
56.9,32.4628,28.5473,-24.6204,0.159035,0.0917043
57,25.0629,23.0477,-12.671,0.159035,0.0917041
57.1,19.4469,18.3105,-7.14552,0.159035,0.0917044
57.2,14.6443,13.4881,-7.27058,0.159035,0.0917042
57.3,9.7552,7.83818,-12.0541,0.159035,0.091704
57.4,3.99462,0.761793,-20.3278,0.159035,0.0917043
57.5,-3.26803,-8.13521,-30.6046,0.159035,0.0917041
57.6,-12.4458,-16.4075,-24.9103,0.159035,0.0917044
57.7,-20.9464,-20.1101,5.25857,0.159035,0.0917042
57.8,-24.6008,-19.6494,31.1338,0.159035,0.091704
57.9,-23.8547,-15.7001,51.2756,0.159035,0.0917043
58,-19.4351,-9.11413,64.8976,0.159035,0.0917041
58.1,-12.2541,-0.878391,71.5295,0.159035,0.0917044
58.2,-3.36228,7.95849,71.1842,0.159035,0.0917042
58.3,6.12738,16.3405,64.2197,0.159035,0.091704
58.4,15.0983,23.2955,51.5435,0.159035,0.0917043
58.5,22.526,28.0072,34.4655,0.159035,0.0917041
58.6,27.5537,29.8842,14.6542,0.159035,0.0917044
58.7,29.5651,28.6578,-5.70522,0.159035,0.0917042
58.8,28.2864,24.513,-23.7265,0.159035,0.091704
58.9,23.924,18.4649,-34.3263,0.159035,0.0917043
59,17.5612,12.8667,-29.5184,0.159035,0.0917041
59.1,11.6922,9.71383,-12.4399,0.159035,0.0917044
59.2,8.42529,9.17036,4.68496,0.159035,0.0917042
59.3,7.92478,10.5353,16.4147,0.159035,0.091704
59.4,9.4402,12.8522,21.4542,0.159035,0.0917043
59.5,11.9539,15.1818,20.2969,0.159035,0.0917041
59.6,14.4696,16.751,14.3458,0.159035,0.0917044
59.7,16.1704,17.0982,5.83374,0.159035,0.0917042
59.8,16.571,16.2211,-2.20043,0.159035,0.091704
59.9,15.6738,14.7047,-6.09376,0.159035,0.0917043
60,14.1015,13.5873,-3.23316,0.159035,0.0917041
60.1,12.9544,13.766,5.10309,0.159035,0.0917044
60.2,13.1799,15.5406,14.8433,0.159035,0.0917042
60.3,15.0906,18.6677,22.4923,0.159035,0.091704
60.4,18.424,22.6054,26.2923,0.159035,0.0917043
60.5,22.6028,26.734,25.9764,0.159035,0.0917041
60.6,26.9697,30.5331,22.4066,0.159035,0.0917044
60.7,30.9742,33.7167,17.2445,0.159035,0.0917042
60.8,34.316,36.3109,12.5442,0.159035,0.091704
60.9,37.0253,38.6344,10.118,0.159035,0.0917043
61,39.4415,41.1324,10.6325,0.159035,0.0917041
61.1,42.037,44.1366,13.2022,0.159035,0.0917044
61.2,45.1623,47.684,15.8562,0.159035,0.0917042
61.3,48.855,51.493,16.5873,0.159035,0.091704
61.4,52.8162,55.0612,14.116,0.159035,0.0917043
61.5,56.5138,57.8163,8.19011,0.159035,0.0917041
61.6,59.3441,59.2934,-0.318478,0.159035,0.0917044
61.7,60.8182,59.3259,-9.38345,0.159035,0.0917042
61.8,60.7647,58.2287,-15.9461,0.159035,0.091704
61.9,59.5213,56.8476,-16.8121,0.159035,0.0917043
62,57.9859,56.2719,-10.7777,0.159035,0.0917041
62.1,57.3115,57.2672,-0.278435,0.159035,0.0917044
62.2,58.3041,59.9358,10.2597,0.159035,0.0917042
62.3,61.0669,63.7681,16.9852,0.159035,0.091704
62.4,65.0549,67.8447,17.5419,0.159035,0.0917043
62.5,69.2924,71.0741,11.203,0.159035,0.0917041
62.6,72.6245,72.4227,-1.2689,0.159035,0.0917044
62.7,73.9615,71.1874,-17.4435,0.159035,0.0917042
62.8,72.5662,67.4279,-32.309,0.159035,0.091704
62.9,68.5105,62.6338,-36.9522,0.159035,0.0917043
63,63.3775,59.7283,-22.9459,0.159035,0.0917041
63.1,60.2616,61.0601,5.02112,0.159035,0.0917044
63.2,61.6394,67.2216,35.1007,0.159035,0.0917042
63.3,68.1228,77.5408,59.2197,0.159035,0.091704
63.4,78.9851,90.6299,73.2217,0.159035,0.0917043
63.5,92.7456,104.708,75.217,0.159035,0.0917041
63.6,107.513,117.823,64.8295,0.159035,0.0917044
63.7,121.223,128.043,42.8797,0.159035,0.0917042
63.8,131.836,133.619,11.2132,0.159035,0.091704
63.9,137.515,133.144,-27.4861,0.159035,0.0917043
64,136.788,125.662,-69.96,0.159035,0.0917041
64.1,128.664,110.784,-112.428,0.159034,0.0917039
64.2,112.756,89.195,-148.149,0.159035,0.0917048
64.3,89.8078,75.9839,-86.9239,0.159035,0.0917044
64.4,75.7996,72.4821,-20.8601,0.159035,0.0917042
64.5,72.1065,76.592,28.2043,0.159035,0.091704
64.6,76.475,85.8593,59.0076,0.159034,0.0917038
64.7,86.2835,97.6611,71.5413,0.159035,0.0917047
64.8,98.7413,109.371,66.8363,0.159035,0.0917044
64.9,111.064,118.535,46.9809,0.159035,0.0917041
65,120.659,123.034,14.933,0.159035,0.0917039
65.1,125.295,121.22,-25.6267,0.159034,0.0917038
65.2,123.246,112.031,-70.5178,0.159035,0.0917047
65.3,113.41,95.0793,-115.262,0.159035,0.0917043
65.4,95.4016,75.4821,-125.252,0.159035,0.0917041
65.5,74.6558,67.2144,-46.791,0.159035,0.0917039
65.6,65.9589,68.6388,16.8508,0.159034,0.0917038
65.7,67.5378,77.4944,62.6062,0.159035,0.0917047
65.8,76.9676,91.2414,89.7524,0.159035,0.0917043
65.9,91.5376,107.229,98.6661,0.159035,0.0917041
66,108.43,122.885,90.8926,0.159035,0.0917039
66.1,124.92,135.892,68.9917,0.159034,0.0917038
66.2,138.559,144.353,36.4309,0.159035,0.0917047
66.3,147.354,146.933,-2.65115,0.159035,0.0917043
66.4,149.91,143.004,-43.4235,0.159035,0.0917041
66.5,145.583,132.837,-80.1417,0.159035,0.0917039
66.6,134.681,118.106,-104.224,0.159034,0.0917038
66.7,118.994,102.887,-101.278,0.159035,0.0917047
66.8,102.847,91.644,-70.4428,0.159035,0.0917043
66.9,90.9574,85.2187,-36.0843,0.159035,0.0917041
67,84.2012,82.2192,-12.4625,0.159035,0.0917039
67.1,81.0874,80.5834,-3.16952,0.159034,0.0917038
67.2,79.4224,78.1989,-7.69368,0.159035,0.0917047
67.3,76.9675,73.2234,-23.5423,0.159035,0.0917043
67.4,71.7761,64.399,-46.3866,0.159035,0.0917041
67.5,62.5264,51.9472,-66.5213,0.159035,0.0917039
67.6,49.4645,41.4005,-50.7062,0.159034,0.0917038
67.7,38.4526,38.4346,-0.112671,0.159035,0.0917047
67.8,35.4859,43.3315,49.3323,0.159035,0.0917043
67.9,40.8352,54.8356,88.0339,0.159035,0.0917041
68,53.1466,71.1111,112.96,0.159035,0.0917039
68.1,70.4579,90.0238,123.029,0.159034,0.0917038
68.2,90.4989,109.338,118.457,0.159035,0.0917047
68.3,110.899,126.889,100.546,0.159035,0.0917043
68.4,129.373,140.738,71.4613,0.159035,0.0917041
68.5,143.876,149.302,34.1181,0.159035,0.0917039
68.6,152.754,151.467,-8.0898,0.159034,0.0917038
68.7,154.845,146.652,-51.5138,0.159035,0.0917047
68.8,149.557,134.844,-92.5142,0.159035,0.0917043
68.9,136.901,116.675,-127.178,0.159035,0.0917041
69,117.566,94.6266,-144.239,0.159035,0.0917039
69.1,94.1943,78.6323,-97.853,0.159034,0.0917038
69.2,77.3025,69.9338,-46.3335,0.159035,0.0917047
69.3,68.1792,66.6138,-9.84334,0.159035,0.0917043
69.4,64.7689,66.5705,11.3283,0.159035,0.0917041
69.5,64.8295,67.8083,18.7304,0.159035,0.0917039
69.6,66.2391,68.5955,14.8171,0.159034,0.0917038
69.7,67.1621,67.5653,2.53537,0.159035,0.0917047
69.8,66.1552,63.8079,-14.7598,0.159035,0.0917043
69.9,62.2624,56.9871,-33.1709,0.159035,0.0917041
70,55.1375,47.5843,-47.4943,0.159035,0.0917039
70.1,45.2991,37.5828,-48.5199,0.159034,0.0917038
70.2,34.8525,30.109,-29.8262,0.159035,0.0917047
70.3,27.1054,26.5812,-3.29637,0.159035,0.0917043
70.4,23.5473,26.75,20.1378,0.159035,0.0917041
70.5,23.9008,29.8128,37.1742,0.159035,0.0917039
70.6,27.3045,34.8805,47.6378,0.159034,0.0917038
70.7,32.8089,41.1762,52.6125,0.159035,0.0917047
70.8,39.5872,48.1132,53.6103,0.159035,0.0917043
70.9,47.0158,55.3069,52.1339,0.159035,0.0917041
71,54.6877,62.5193,49.2446,0.159035,0.0917039
71.1,62.3516,69.5743,45.4157,0.159034,0.0917038
71.2,69.8231,76.2683,40.5268,0.159035,0.0917047
71.3,76.8887,82.302,34.0385,0.159035,0.0917043
71.4,83.2346,87.2761,25.4123,0.159035,0.0917041
71.5,88.4417,90.7133,14.2837,0.159035,0.0917039
71.6,92.0099,92.1222,0.706085,0.159034,0.0917038
71.7,93.4254,91.0716,-14.8008,0.159035,0.0917047
71.8,92.2389,87.2455,-31.3981,0.159035,0.0917043
71.9,88.125,80.507,-47.9013,0.159035,0.0917041
72,80.9472,70.9352,-62.9547,0.159035,0.0917039
72.1,70.798,58.8287,-75.2627,0.159034,0.0917038
72.2,58.0013,44.7197,-83.5138,0.159035,0.0917047
72.3,43.1265,29.7322,-84.2224,0.159035,0.0917043
72.4,27.3667,17.9305,-59.3343,0.159035,0.0917041
72.5,15.0208,9.16025,-36.851,0.159035,0.0917039
72.6,5.91269,2.37418,-22.25,0.159034,0.0917038
72.7,-1.07767,-3.36575,-14.3872,0.159035,0.0917047
72.8,-6.94928,-8.71843,-11.1243,0.159035,0.0917043
72.9,-12.404,-13.7829,-8.67057,0.159035,0.0917041
73,-17.548,-17.7879,-1.50892,0.159035,0.0917039
73.1,-21.5668,-19.641,12.1093,0.159034,0.0917038
73.2,-23.3092,-18.8483,28.0497,0.159035,0.0917047
73.3,-22.2589,-15.4906,42.5583,0.159035,0.0917043
73.4,-18.511,-9.98298,53.6235,0.159035,0.0917041
73.5,-12.5116,-2.92224,60.2973,0.159035,0.0917039
73.6,-4.8979,5.00901,62.2942,0.159034,0.0917038
73.7,3.60448,13.1207,59.8373,0.159035,0.0917047
73.8,12.265,20.7692,53.4735,0.159035,0.0917043
73.9,20.4039,27.4179,44.1039,0.159035,0.0917041
74,27.4571,32.6596,32.7132,0.159035,0.0917039
74.1,32.9987,36.2348,20.3486,0.159034,0.0917038
74.2,36.7606,38.0318,7.99345,0.159035,0.0917047
74.3,38.6308,38.0581,-3.60168,0.159035,0.0917043
74.4,38.624,36.4242,-13.8325,0.159035,0.0917041
74.5,36.8633,33.3167,-22.3008,0.159035,0.0917039
74.6,33.5514,29.0141,-28.5305,0.159034,0.0917038
74.7,28.9871,23.9604,-31.607,0.159035,0.0917047
74.8,23.6436,18.8963,-29.8503,0.159035,0.0917043
74.9,18.3058,14.83,-21.8554,0.159035,0.0917041
75,14.039,12.6519,-8.72185,0.159035,0.0917039
75.1,11.781,12.8158,6.50702,0.159034,0.0917038
75.2,12.0044,15.3918,21.2994,0.159035,0.0917047
75.3,14.7758,20.2007,34.1116,0.159035,0.0917043
75.4,19.8976,26.9041,44.0567,0.159035,0.0917041
75.5,27.0049,35.063,50.6688,0.159035,0.0917039
75.6,35.6285,44.1918,53.8457,0.159034,0.0917038
75.7,45.2512,53.7991,53.7486,0.159035,0.0917047
75.8,55.3513,63.4202,50.737,0.159035,0.0917043
75.9,65.4376,72.6473,45.3338,0.159035,0.0917041
76,75.0804,81.14,38.1021,0.159035,0.0917039
76.1,83.9225,88.6328,29.6177,0.159034,0.0917038
76.2,91.6872,94.9266,20.3689,0.159035,0.0917047
76.3,98.1675,99.8736,10.7279,0.159035,0.0917043
76.4,103.213,103.355,0.895828,0.159035,0.0917041
76.5,106.703,105.274,-8.98674,0.159035,0.0917039
76.6,108.539,105.541,-18.8519,0.159034,0.0917038
76.7,108.633,104.08,-28.6313,0.159035,0.0917047
76.8,106.91,100.841,-38.1584,0.159035,0.0917043
76.9,103.321,95.8178,-47.1788,0.159035,0.0917041
77,97.8649,89.0838,-55.2152,0.159035,0.0917039
77.1,90.6246,80.8216,-61.6406,0.159034,0.0917038
77.2,81.7972,71.3891,-65.4453,0.159035,0.0917047
77.3,71.7645,61.3797,-65.2989,0.159035,0.0917043
77.4,61.1562,51.6549,-59.7437,0.159035,0.0917041
77.5,50.8836,43.1411,-48.6846,0.159035,0.0917039
77.6,41.9233,36.431,-34.5354,0.159034,0.0917038
77.7,34.8965,31.634,-20.5143,0.159035,0.0917047
77.8,29.9114,28.4876,-8.95297,0.159035,0.0917043
77.9,26.6829,26.5109,-1.08165,0.159035,0.0917041
78,24.6963,25.1108,2.60666,0.159035,0.0917039
78.1,23.3201,23.6384,2.00091,0.159034,0.0917038
78.2,21.8659,21.4279,-2.75409,0.159035,0.0917047
78.3,19.6303,17.838,-11.27,0.159035,0.0917043
78.4,15.937,12.3082,-22.8177,0.159035,0.0917041
78.5,10.198,4.51713,-35.7212,0.159035,0.0917039
78.6,2.07937,-3.43755,-34.6901,0.159034,0.0917038
78.7,-6.19363,-6.60551,-2.58984,0.159035,0.0917047
78.8,-9.38513,-4.46823,30.9171,0.159035,0.0917043
78.9,-6.96434,2.70688,60.812,0.159035,0.0917041
79,0.768441,14.3766,85.5676,0.159035,0.0917039
79.1,13.2229,29.7785,104.101,0.159034,0.0917038
79.2,29.5794,47.9448,115.48,0.159035,0.0917047
79.3,48.8047,67.7637,119.213,0.159035,0.0917043
79.4,69.7168,88.0037,114.987,0.159035,0.0917041
79.5,91.0112,107.385,102.958,0.159035,0.0917039
79.6,111.337,124.65,83.7116,0.159034,0.0917038
79.7,129.369,138.63,58.2278,0.159035,0.0917047
79.8,143.883,148.323,27.9209,0.159035,0.0917043
79.9,153.833,152.955,-5.51709,0.159035,0.0917041
80,158.414,152.034,-40.1157,0.159035,0.0917039
80.1,157.125,145.395,-73.759,0.159034,0.0917038
80.2,149.81,133.222,-104.305,0.159035,0.0917047
80.3,136.68,116.059,-129.658,0.159035,0.0917043
80.4,118.328,95.1692,-145.624,0.159035,0.0917041
80.5,96.1027,77.3738,-117.766,0.159035,0.0917039
80.6,77.2275,65.8812,-71.3447,0.159034,0.0917038
80.7,65.0805,59.2517,-36.6511,0.159035,0.0917047
80.8,58.115,55.8092,-14.4985,0.159035,0.0917043
80.9,54.5395,53.9318,-3.82107,0.159035,0.0917041
81,52.6271,52.175,-2.84269,0.159035,0.0917039
81.1,50.8443,49.3635,-9.31112,0.159034,0.0917038
81.2,47.9472,44.7064,-20.3776,0.159035,0.0917047
81.3,43.1034,37.9692,-32.2831,0.159035,0.0917043
81.4,36.0702,29.9309,-38.603,0.159035,0.0917041
81.5,27.6778,22.911,-29.9734,0.159035,0.0917039
81.6,20.3831,19.1258,-7.90553,0.159034,0.0917038
81.7,16.5252,19.0424,15.8278,0.159035,0.0917047
81.8,16.5871,22.0899,34.6011,0.159035,0.0917043
81.9,19.9519,27.2879,46.1286,0.159035,0.0917041
82,25.5729,33.5115,49.9172,0.159035,0.0917039
82.1,32.2542,39.6378,46.4276,0.159034,0.0917038
82.2,38.8063,44.6599,36.8069,0.159035,0.0917047
82.3,44.1659,47.7528,22.5541,0.159035,0.0917043
82.4,47.4657,48.3605,5.62662,0.159035,0.0917041
82.5,48.125,46.2531,-11.7702,0.159035,0.0917039
82.6,45.9097,41.6327,-26.8934,0.159034,0.0917038
82.7,41.0426,35.3171,-36.0012,0.159035,0.0917047
82.8,34.3969,28.8957,-34.591,0.159035,0.0917043
82.9,27.6583,24.0717,-22.5518,0.159035,0.0917041
83,22.6275,21.5582,-6.72377,0.159035,0.0917039
83.1,20.0523,21.1513,6.91041,0.159034,0.0917038
83.2,19.7087,22.2209,15.7967,0.159035,0.0917047
83.3,20.9232,24.0012,19.3543,0.159035,0.0917043
83.4,22.881,25.7395,17.9739,0.159035,0.0917041
83.5,24.7842,26.7849,12.5803,0.159035,0.0917039
83.6,25.9449,26.624,4.27008,0.159034,0.0917038
83.7,25.8231,24.9248,-5.64815,0.159035,0.0917047
83.8,24.0722,21.5396,-15.9248,0.159035,0.0917043
83.9,20.5409,16.5316,-25.2101,0.159035,0.0917041
84,15.3018,10.2684,-31.6499,0.159035,0.0917039
84.1,8.74828,3.6695,-31.9351,0.159034,0.0917038
84.2,1.85643,-1.77027,-22.8043,0.159035,0.0917047
84.3,-3.79233,-5.13105,-8.41777,0.159035,0.0917043
84.4,-7.2303,-6.33253,5.6451,0.159035,0.0917041
84.5,-8.38002,-5.62103,17.3484,0.159035,0.0917039
84.6,-7.50942,-3.3368,26.2372,0.159034,0.0917038
84.7,-4.98472,0.180353,32.4775,0.159035,0.0917047
84.8,-1.16961,4.60986,36.3409,0.159035,0.0917043
84.9,3.59315,9.65703,38.1293,0.159035,0.0917041
85,8.98998,15.0501,38.1055,0.159035,0.0917039
85.1,14.7325,20.5253,36.425,0.159034,0.0917038
85.2,20.5417,25.816,33.1643,0.159035,0.0917047
85.3,26.1365,30.649,28.3742,0.159035,0.0917043
85.4,31.2298,34.7293,22.0046,0.159035,0.0917041
85.5,35.5118,37.7478,14.0601,0.159035,0.0917039
85.6,38.6593,39.398,4.64497,0.159034,0.0917038
85.7,40.3521,39.3844,-6.08509,0.159035,0.0917047
85.8,40.2826,37.4579,-17.7615,0.159035,0.0917043
85.9,38.1933,33.4569,-29.7818,0.159035,0.0917041
86,33.9192,27.4039,-40.9678,0.159035,0.0917039
86.1,27.4905,19.7996,-48.3602,0.159034,0.0917038
86.2,19.4426,12.5916,-43.0789,0.159035,0.0917047
86.3,11.8396,8.1474,-23.2164,0.159035,0.0917043
86.4,7.18255,6.91034,-1.71163,0.159035,0.0917041
86.5,5.92981,8.45081,15.8519,0.159035,0.0917039
86.6,7.61564,12.0468,27.8627,0.159034,0.0917038
86.7,11.4671,16.8381,33.7726,0.159035,0.0917047
86.8,16.5681,21.9101,33.5896,0.159035,0.0917043
86.9,21.9481,26.3562,27.7176,0.159035,0.0917041
87,26.6484,29.3381,16.9126,0.159035,0.0917039
87.1,29.7855,30.1628,2.37248,0.159034,0.0917038
87.2,30.6319,28.3485,-14.3579,0.159035,0.0917047
87.3,28.6859,23.7795,-30.8513,0.159035,0.0917043
87.4,23.834,17.218,-41.6011,0.159035,0.0917041
87.5,16.891,11.6309,-33.075,0.159035,0.0917039
87.6,11.0006,9.58333,-8.91193,0.159034,0.0917038
87.7,8.87126,11.2406,14.8985,0.159035,0.0917047
87.8,10.6653,15.933,33.1233,0.159035,0.0917043
87.9,15.6614,22.6998,44.2569,0.159035,0.0917041
88,22.834,30.4726,48.0315,0.159035,0.0917039
88.1,31.0473,38.1673,44.7699,0.159034,0.0917038
88.2,39.1526,44.7779,35.3716,0.159035,0.0917047
88.3,46.0875,49.4429,21.0986,0.159035,0.0917043
88.4,50.946,51.4978,3.47012,0.159035,0.0917041
88.5,53.0327,50.5365,-15.6962,0.159035,0.0917039
88.6,51.9274,46.4452,-34.4721,0.159034,0.0917038
88.7,47.5201,39.4976,-50.4448,0.159035,0.0917047
88.8,40.1098,30.6804,-59.2913,0.159035,0.0917043
88.9,30.749,22.5725,-51.4129,0.159035,0.0917041
89,22.1696,17.3261,-30.4556,0.159035,0.0917039
89.1,16.6439,15.0023,-10.3221,0.159034,0.0917038
89.2,14.2253,15.0061,4.90951,0.159035,0.0917047
89.3,14.2743,16.6789,15.1205,0.159035,0.0917043
89.4,16.0857,19.4878,21.3921,0.159035,0.0917041
89.5,19.0908,23.0936,25.1693,0.159035,0.0917039
89.6,22.9274,27.3583,27.8617,0.159034,0.0917038
89.7,27.4476,32.2747,30.3524,0.159035,0.0917047
89.8,32.6423,37.8528,32.7632,0.159035,0.0917043
89.9,38.5209,44.0215,34.5875,0.159035,0.0917041
90,45.0067,50.5501,34.8562,0.159035,0.0917039
90.1,51.8549,57.0553,32.6994,0.159034,0.0917038
90.2,58.6601,63.0356,27.5124,0.159035,0.0917047
90.3,64.8926,67.9285,19.0897,0.159035,0.0917043
90.4,69.9606,71.1993,7.78864,0.159035,0.0917041
90.5,73.3028,72.3903,-5.7374,0.159035,0.0917039
90.6,74.4412,71.1936,-20.4212,0.159034,0.0917038
90.7,73.0574,67.493,-34.9878,0.159035,0.0917047
90.8,69.0358,61.3685,-48.2115,0.159035,0.0917043
90.9,62.4692,53.1202,-58.786,0.159035,0.0917041
91,53.6818,43.2377,-65.6715,0.159035,0.0917039
91.1,43.1971,32.3662,-68.1042,0.159034,0.0917038
91.2,31.701,21.2469,-65.734,0.159035,0.0917047
91.3,19.979,10.5908,-59.0318,0.159035,0.0917043
91.4,8.78153,0.921142,-49.4256,0.159035,0.0917041
91.5,-1.34141,-7.14788,-36.5107,0.159035,0.0917039
91.6,-9.74525,-12.9893,-20.3987,0.159034,0.0917038
91.7,-15.774,-16.3024,-3.32283,0.159035,0.0917047
91.8,-19.1173,-17.055,12.9674,0.159035,0.0917043
91.9,-19.751,-15.4682,26.9302,0.159035,0.0917041
92,-17.9172,-11.9794,37.3369,0.159035,0.0917039
92.1,-14.086,-7.21674,43.1935,0.159034,0.0917038
92.2,-8.92741,-1.93748,43.952,0.159035,0.0917047
92.3,-3.24497,3.05641,39.6226,0.159035,0.0917043
92.4,2.11227,6.99668,30.7128,0.159035,0.0917041
92.5,6.33419,9.27816,18.5115,0.159035,0.0917039
92.6,8.78543,9.6456,5.4087,0.159034,0.0917038
92.7,9.20242,8.52447,-4.26289,0.159035,0.0917047
92.8,8.04224,7.40753,-3.99101,0.159035,0.0917043
92.9,6.88871,8.21831,8.36047,0.159035,0.0917041
93,7.77615,11.9742,26.3972,0.159035,0.0917039
93.1,11.7741,18.6901,43.4877,0.159034,0.0917038
93.2,18.8889,27.7979,56.019,0.159035,0.0917047
93.3,28.5103,38.4314,62.3834,0.159035,0.0917043
93.4,39.7159,49.5926,62.1041,0.159035,0.0917041
93.5,51.4466,60.2836,55.5665,0.159035,0.0917039
93.6,62.6472,69.6233,43.8654,0.159034,0.0917038
93.7,72.3893,76.9626,28.7567,0.159035,0.0917047
93.8,79.9921,81.9784,12.4891,0.159035,0.0917043
93.9,85.1224,84.749,-2.34777,0.159035,0.0917041
94,87.8716,85.7765,-13.1737,0.159035,0.0917039
94.1,88.7782,85.8593,-18.3538,0.159034,0.0917038
94.2,88.6929,85.8148,-18.0974,0.159035,0.0917047
94.3,88.4823,86.1538,-14.641,0.159035,0.0917043
94.4,88.687,86.9163,-11.1343,0.159035,0.0917041
94.5,89.3474,87.7241,-10.2071,0.159035,0.0917039
94.6,90.0616,87.9393,-13.3446,0.159034,0.0917038
94.7,90.1546,86.8485,-20.7885,0.159035,0.0917047
94.8,88.8729,83.8324,-31.6948,0.159035,0.0917043
94.9,85.5662,78.5495,-44.1206,0.159035,0.0917041
95,79.8787,71.1673,-54.7765,0.159035,0.0917039
95.1,71.9942,62.7038,-58.4176,0.159034,0.0917038
95.2,62.995,55.1086,-49.5893,0.159035,0.0917047
95.3,54.945,50.1262,-30.3003,0.159035,0.0917043
95.4,49.6848,48.2557,-8.98621,0.159035,0.0917041
95.5,47.7319,49.0273,8.14562,0.159035,0.0917039
95.6,48.5782,51.5004,18.3746,0.159034,0.0917038
95.7,51.2197,54.5547,20.9699,0.159035,0.0917047
95.8,54.4664,57.0882,16.4856,0.159035,0.0917043
95.9,57.151,58.1634,6.36576,0.159035,0.0917041
96,58.2846,57.1471,-7.15298,0.159035,0.0917039
96.1,57.2027,53.8719,-20.9439,0.159034,0.0917038
96.2,53.7355,48.8566,-30.6776,0.159035,0.0917047
96.3,48.4389,43.4862,-31.1419,0.159035,0.0917043
96.4,42.7829,39.5156,-20.5445,0.159035,0.0917041
96.5,38.6239,37.9483,-4.24794,0.159035,0.0917039
96.6,37.0177,38.7407,10.8342,0.159034,0.0917038
96.7,37.9093,41.1794,20.5621,0.159035,0.0917047
96.8,40.5366,44.2362,23.2625,0.159035,0.0917043
96.9,43.8067,46.8084,18.8742,0.159035,0.0917041
97,46.552,47.8676,8.27218,0.159035,0.0917039
97.1,47.6871,46.5921,-6.88538,0.159034,0.0917038
97.2,46.3484,42.4855,-24.2895,0.159035,0.0917047
97.3,42.0191,35.5795,-40.492,0.159035,0.0917043
97.4,34.7418,27.1059,-48.0137,0.159035,0.0917041
97.5,25.8279,20.2839,-34.8604,0.159035,0.0917039
97.6,18.6862,17.1528,-9.64205,0.159034,0.0917038
97.7,15.4666,17.5419,13.0492,0.159035,0.0917047
97.8,15.9754,20.4918,28.3985,0.159035,0.0917043
97.9,19.1858,24.7892,35.2339,0.159035,0.0917041
98,23.8063,29.1665,33.7051,0.159035,0.0917039
98.1,28.4927,32.4257,24.7307,0.159034,0.0917038
98.2,31.9787,33.5404,9.82001,0.159035,0.0917047
98.3,33.1834,31.7293,-9.14333,0.159035,0.0917043
98.4,31.2885,26.5381,-29.8697,0.159035,0.0917041
98.5,25.8234,18.0333,-48.9836,0.159035,0.0917039
98.6,16.8693,9.36665,-47.1766,0.159034,0.0917038
98.7,7.76997,5.48106,-14.3925,0.159035,0.0917047
98.8,3.75251,6.10136,14.7694,0.159035,0.0917043
98.9,4.50825,10.1787,35.6552,0.159035,0.0917041
99,8.91253,16.4567,47.4374,0.159035,0.0917039
99.1,15.6256,23.6086,50.1965,0.159034,0.0917038
99.2,23.2377,30.3332,44.6159,0.159035,0.0917047
99.3,30.3715,35.4362,31.846,0.159035,0.0917043
99.4,35.7665,37.9127,13.4948,0.159035,0.0917041
99.5,38.3668,37.0339,-8.38141,0.159035,0.0917039
99.6,37.4111,32.4904,-30.9411,0.159034,0.0917038
99.7,32.5839,24.9908,-47.7453,0.159035,0.0917047
99.8,24.6464,18.5656,-38.2359,0.159035,0.0917043
99.9,17.8706,16.9165,-5.99936,0.159035,0.0917041
