time,predicted_position,filtered_position,position_error
0.1,39.1161,35.557,-7.04835
0.2,35.5221,31.9348,-10.2938
0.3,31.7993,28.1179,-13.1684
0.4,27.7948,23.8991,-15.7771
0.5,23.29,19.0377,-18.3021
0.6,18.0406,13.3025,-20.8689
0.7,11.8183,6.55859,-23.2648
0.8,4.50298,-0.960259,-24.1142
0.9,-3.61788,-7.22444,-15.8948
1,-10.275,-10.1878,0.38513
1.1,-13.2291,-9.92631,14.6876
1.2,-12.6296,-7.02085,25.2211
1.3,-9.17301,-2.19116,31.8578
1.4,-3.68583,3.81646,34.8266
1.5,2.9986,10.2975,34.5299
1.6,10.111,16.6319,31.4698
1.7,16.987,22.3138,26.2338
1.8,23.0947,26.9684,19.4662
1.9,28.0479,30.3541,11.8201
2,31.6055,32.3619,3.95106
2.1,33.6679,33.0055,-3.52367
2.2,34.265,32.404,-10.0688
2.3,33.5361,30.7637,-15.2414
2.4,31.7104,28.3509,-18.7446
2.5,29.0776,25.4614,-20.4531
2.6,25.9556,22.3901,-20.4198
2.7,22.6589,19.396,-18.9002
2.8,19.4613,16.6881,-16.2298
2.9,16.5828,14.4109,-12.8285
3,14.1733,12.6444,-9.10595
3.1,12.3146,11.4102,-5.42629
3.2,11.0263,10.6713,-2.14374
3.3,10.2662,10.3388,0.440808
3.4,9.93803,10.2797,2.08611
3.5,9.89903,10.3316,2.65304
3.6,9.9763,10.3234,2.13672
3.7,9.98831,10.0978,0.676147
3.8,9.76907,9.53662,-1.43994
3.9,9.19441,8.58508,-3.78389
4,8.20753,7.27249,-5.81881
4.1,6.84079,5.7185,-6.99655
4.2,5.22188,4.11432,-6.91516
4.3,3.55369,2.66019,-5.58575
4.4,2.04795,1.47965,-3.55657
4.5,0.834602,0.577882,-1.60805
4.6,-0.08198,-0.145995,-0.401277
4.7,-0.809553,-0.863536,-0.338596
4.8,-1.5302,-1.76664,-1.48376
4.9,-2.44695,-3.02786,-3.64697
5,-3.74166,-4.75285,-6.35037
5.1,-5.52495,-6.90959,-8.69805
5.2,-7.76153,-9.19622,-9.0144
5.3,-10.1309,-10.9963,-5.43875
5.4,-11.9809,-11.8359,0.911409
5.5,-12.812,-11.6177,7.50721
5.6,-12.5251,-10.4561,13.006
5.7,-11.2442,-8.54948,16.9406
5.8,-9.18216,-6.12107,19.2452
5.9,-6.57725,-3.37861,20.1107
6,-3.65037,-0.491154,19.8634
6.1,-0.580753,2.42863,18.9217
6.2,2.51255,5.33348,17.7371
6.3,5.58005,8.23014,16.6631
6.4,8.62952,11.1689,15.9669
6.5,11.7147,14.2045,15.6557
6.6,14.8939,17.3729,15.5875
6.7,18.2052,20.6686,15.4897
6.8,21.643,24.0328,15.0269
6.9,25.145,27.3538,13.8891
7,28.5934,30.4753,11.8333
7.1,31.8233,33.2052,8.68904
7.2,34.633,35.3301,4.38356
7.3,36.798,36.628,-1.06926
7.4,38.0861,36.8822,-7.57025
7.5,38.2709,35.8967,-14.9291
7.6,37.1485,33.5116,-22.8685
7.7,34.5537,29.633,-30.9407
7.8,30.3913,24.2896,-38.3671
7.9,24.6961,17.9654,-42.3222
8,17.9838,12.8044,-32.5675
8.1,12.5241,10.1785,-14.7489
8.2,9.76297,10.0262,1.65547
8.3,9.62589,11.9853,14.836
8.4,11.721,15.5918,24.3392
8.5,15.5507,20.3357,30.0875
8.6,20.5705,25.6931,32.2101
8.7,26.2233,31.1668,31.0846
8.8,31.9821,36.3174,27.2604
8.9,37.3827,40.8027,21.5046
9,42.0651,44.414,14.7696
9.1,45.8119,47.1056,8.13421
9.2,48.5781,48.9993,2.64857
9.3,50.4961,50.3559,-0.881336
9.4,51.8446,51.4946,-2.20058
9.5,52.9632,52.6803,-1.77862
9.6,54.1325,54.029,-0.651016
9.7,55.4752,55.4731,-0.0134239
9.8,56.9192,56.7786,-0.884373
9.9,58.2166,57.5985,-3.88654
10,59.0009,57.5389,-9.19261
10.1,58.857,56.2196,-16.5834
10.2,57.3856,53.3405,-25.4355
10.3,54.2732,48.7608,-34.6617
10.4,49.3757,42.6405,-42.3502
10.5,42.8671,35.8135,-44.3525
10.6,35.6332,30.0786,-34.927
10.7,29.5781,26.8023,-17.4541
10.8,26.1417,26.178,0.228155
10.9,25.5195,27.8342,14.5545
11,27.3092,31.1827,24.3563
11.1,30.881,35.5599,29.4208
11.2,35.5281,40.3009,30.0113
11.3,40.5443,44.8017,26.7704
11.4,45.2906,48.5568,20.5379
11.5,49.234,51.1988,12.3544
11.6,51.9893,52.5309,3.40553
11.7,53.3526,52.5358,-5.13559
11.8,53.3105,51.3837,-12.1154
11.9,52.0472,49.4035,-16.6238
12,49.9145,47.0128,-18.2459
12.1,47.3566,44.6115,-17.2606
12.2,44.797,42.4822,-14.5549
12.3,42.5342,40.7581,-11.1684
12.4,40.7076,39.4594,-7.84871
12.5,39.337,38.5683,-4.83335
12.6,38.4016,38.0938,-1.93568
12.7,37.9093,38.0996,1.19664
12.8,37.9261,38.6926,4.81969
12.9,38.5633,39.9762,8.88448
13,39.9284,41.9892,12.9583
13.1,42.0602,44.67,16.4102
13.2,44.8915,47.843,18.559
13.3,48.2347,51.2378,18.8832
13.4,51.8026,54.5206,17.0906
13.5,55.2422,57.3338,13.1516
13.6,58.176,59.3384,7.30959
13.7,60.2476,60.2547,0.0442467
13.8,61.1643,59.9033,-7.92897
13.9,60.7402,58.2473,-15.6756
14,58.9404,55.4409,-22.0051
14.1,55.9322,51.8811,-25.4729
14.2,52.1389,48.2228,-24.6242
14.3,48.2548,45.2574,-18.8473
14.4,45.1165,43.6588,-9.16571
14.5,43.4339,43.8168,2.40792
14.6,43.614,45.844,14.0226
14.7,45.7698,49.6648,24.4917
14.8,49.8152,55.0866,33.1465
14.9,55.5409,61.8457,39.6441
15,62.6635,69.6255,43.7763
15.1,70.8448,78.0675,45.416
15.2,79.7033,86.7745,44.4631
15.3,88.818,95.3122,40.835
15.4,97.7302,103.229,34.5755
15.5,105.964,110.065,25.786
15.6,113.036,115.378,14.7241
15.7,118.485,118.771,1.80184
15.8,121.894,119.914,-12.4491
15.9,122.923,118.575,-27.3432
16,121.333,114.634,-42.1222
16.1,117.006,108.109,-55.9414
16.2,109.968,99.1611,-67.9551
16.3,100.397,88.0981,-77.3336
16.4,88.6246,75.4038,-83.1316
16.5,75.168,61.8495,-83.7456
16.6,60.8457,48.9085,-75.0604
16.7,47.2164,38.1379,-57.0844
16.8,35.9223,29.6093,-39.6955
16.9,27.0297,22.7578,-26.8617
17,19.9318,16.9431,-18.7927
17.1,13.9448,11.5953,-14.7736
17.2,8.46149,6.27346,-13.7582
17.3,3.01349,0.715077,-14.4523
17.4,-2.67736,-5.07482,-15.075
17.5,-8.60557,-10.4529,-11.6161
17.6,-14.0902,-14.3691,-1.75342
17.7,-18.0224,-16.6406,8.68901
17.8,-20.2142,-17.5299,16.8787
17.9,-20.9487,-17.3971,22.3328
18,-20.6111,-16.5814,25.3385
18.1,-19.5632,-15.3458,26.5185
18.2,-18.0843,-13.833,26.732
18.3,-16.3264,-12.0563,26.85
18.4,-14.3034,-9.94001,27.4368
18.5,-11.9356,-7.39647,28.5415
18.6,-9.13029,-4.40587,29.7068
18.7,-5.86727,-1.06502,30.1962
18.8,-2.2495,2.417,29.3426
18.9,1.50162,5.74544,26.6849
19,5.07476,8.58261,22.0571
19.1,8.1142,10.5933,15.5882
19.2,10.2678,11.4885,7.67586
19.3,11.2335,11.083,-0.946218
19.4,10.8193,9.36483,-9.14537
19.5,9.01722,6.64948,-14.8882
19.6,6.16534,3.83307,-14.6651
19.7,3.21445,2.05843,-7.26895
19.8,1.37314,1.79773,2.6698
19.9,1.13694,2.92695,11.2554
20,2.36936,5.05834,16.9081
20.1,4.65581,7.70513,19.1739
20.2,7.47843,10.3615,18.1284
20.3,10.301,12.5593,14.2001
20.4,12.6291,13.9059,8.02812
20.5,14.0493,14.125,0.476119
20.6,14.2727,13.104,-7.34906
20.7,13.1843,10.9648,-13.9565
20.8,10.9171,8.22476,-16.9295
20.9,8.02189,5.86034,-13.5917
21,5.53283,4.71883,-5.11832
21.1,4.34438,5.07199,4.57513
21.2,4.73949,6.82175,13.0931
21.3,6.60933,9.72657,19.601
21.4,9.6939,13.5046,23.9614
21.5,13.6917,17.8781,26.3244
21.6,18.3066,22.5959,26.9706
21.7,23.2717,27.4285,26.1378
21.8,28.344,32.1606,23.9985
21.9,33.2961,36.5755,20.6204
22,37.9002,40.4482,16.0217
22.1,41.9198,43.5393,10.1836
22.2,45.1043,45.6011,3.12367
22.3,47.1947,46.3931,-5.04006
22.4,47.9405,45.7027,-14.071
22.5,47.1211,43.3719,-23.5751
22.6,44.574,39.3192,-33.0422
22.7,40.2183,33.5766,-41.7626
22.8,34.0928,26.3872,-48.4525
22.9,26.459,19.0406,-46.6468
23,18.6846,13.9345,-29.8687
23.1,13.3046,11.2121,-13.1578
23.2,10.4616,10.4018,-0.375896
23.3,9.64788,10.9294,8.05807
23.4,10.2494,12.2107,12.333
23.5,11.6438,13.693,12.8855
23.6,13.2442,14.8893,10.3442
23.7,14.5354,15.4106,5.5032
23.8,15.1072,14.9868,-0.75672
23.9,14.6764,13.4938,-7.43604
24,13.1153,10.9814,-13.4177
24.1,10.4798,7.72305,-17.3339
24.2,7.06246,4.2852,-17.4632
24.3,3.46446,1.37336,-13.1487
24.4,0.432062,-0.622185,-6.62904
24.5,-1.62429,-1.70796,-0.526119
24.6,-2.71489,-2.08136,3.98363
24.7,-3.05176,-1.97785,6.75266
24.8,-2.88632,-1.58877,8.15894
24.9,-2.4224,-1.02286,8.80025
25,-1.77581,-0.294315,9.31555
25.1,-0.961839,0.650451,10.138
25.2,0.0758976,1.88817,11.3955
25.3,1.41812,3.46962,12.8997
25.4,3.11787,5.38929,14.2825
25.5,5.16851,7.58524,15.1962
25.6,7.50381,9.95575,15.4176
25.7,10.0157,12.3896,14.9269
25.8,12.5865,14.7862,13.8316
25.9,15.1099,17.0762,12.3644
26,17.5133,19.2269,10.7752
26.1,19.7628,21.2343,9.25228
26.2,21.855,23.1105,7.89431
26.3,23.8036,24.8672,6.68775
26.4,25.6216,26.4978,5.50896
26.5,27.3027,27.9746,4.22431
26.6,28.8183,29.2496,2.71237
26.7,30.1182,30.268,0.941559
26.8,31.1452,30.9812,-1.03147
26.9,31.8489,31.3567,-3.09496
27,32.1961,31.3882,-5.0803
27.1,32.181,31.0919,-6.84833
27.2,31.8219,30.5035,-8.28946
27.3,31.1575,29.6676,-9.36825
27.4,30.2357,28.6308,-10.0916
27.5,29.1063,27.4424,-10.4627
27.6,27.822,26.1589,-10.4575
27.7,26.4425,24.8527,-9.99662
27.8,25.0447,23.6169,-8.9782
27.9,23.7265,22.5616,-7.32506
28,22.6041,21.7865,-5.14076
28.1,21.7819,21.3527,-2.69875
28.2,21.3233,21.2538,-0.437218
28.3,21.2204,21.4139,1.21699
28.4,21.3917,21.6926,1.89247
28.5,21.6877,21.9091,1.3921
28.6,21.917,21.8777,-0.247099
28.7,21.8833,21.4396,-2.78989
28.8,21.4197,20.5102,-5.71835
28.9,20.4378,19.1145,-8.32094
29,18.9658,17.4175,-9.73568
29.1,17.1795,15.7153,-9.2065
29.2,15.3929,14.3487,-6.56595
29.3,13.966,13.5783,-2.43817
29.4,13.1733,13.512,2.12971
29.5,13.1265,14.1189,6.2398
29.6,13.7906,15.3023,9.50512
29.7,15.0612,16.9749,12.0336
29.8,16.8442,19.1153,14.2805
29.9,19.1155,21.7976,16.8648
30,21.9525,25.1689,20.2243
30.1,25.5092,29.3912,24.4098
30.2,29.9554,34.5677,29.0014
30.3,35.3978,40.6847,33.2432
30.4,41.8197,47.5923,36.2978
30.5,49.0602,55.0066,37.3909
30.6,56.8174,62.5411,35.9904
30.7,64.6819,69.737,31.7861
30.8,72.1693,76.1117,24.789
30.9,78.7713,81.1981,15.2598
31,83.9977,84.5911,3.73145
31.1,87.4249,85.9834,-9.0643
31.2,88.734,85.1966,-22.2429
31.3,87.7433,82.2109,-34.7876
31.4,84.4385,77.1886,-45.5869
31.5,78.9983,70.5112,-53.3664
31.6,71.8314,62.8192,-56.6683
31.7,63.6197,55.0113,-54.1295
31.8,55.3154,47.9984,-46.0087
31.9,47.8807,42.308,-35.0409
32,41.8689,37.9968,-24.3473
32.1,37.3344,34.848,-15.6347
32.2,34.0422,32.5535,-9.36134
32.3,31.6619,30.812,-5.34393
32.4,29.8714,29.3832,-3.07003
32.5,28.4144,28.0904,-2.03757
32.6,27.1029,26.8209,-1.77352
32.7,25.8172,25.5079,-1.94466
32.8,24.4864,24.1235,-2.28162
32.9,23.0811,22.6853,-2.48866
33,21.62,21.281,-2.13196
33.1,20.1961,20.102,-0.591555
33.2,19.0118,19.4435,2.71439
33.3,18.3781,19.639,7.92825
33.4,18.6463,20.9537,14.5089
33.5,20.0941,23.5024,21.4309
33.6,22.8393,27.2195,27.5422
33.7,26.809,31.8766,31.865
33.8,31.7584,37.1167,33.693
33.9,37.3074,42.4906,32.5918
34,42.9802,47.5113,28.4914
34.1,48.2622,51.6942,21.58
34.2,52.6429,54.6014,12.3146
34.3,55.663,55.8835,1.38651
34.4,56.9579,55.3098,-10.3634
34.5,56.2892,52.7914,-21.9934
34.6,53.5691,48.4026,-32.4865
34.7,48.8824,42.3796,-40.8889
34.8,42.4844,35.134,-46.2188
34.9,34.815,27.2665,-47.4643
35,26.5122,19.5468,-43.7975
35.1,18.3908,12.5433,-36.7688
35.2,11.0502,6.2176,-30.387
35.3,4.44581,0.229801,-26.51
35.4,-1.78517,-5.32721,-22.2721
35.5,-7.54635,-9.14692,-10.0643
35.6,-11.4584,-10.6871,4.85008
35.7,-12.954,-9.90568,19.1679
35.8,-11.9969,-6.97329,31.5879
35.9,-8.77486,-2.23116,41.1463
36,-3.65534,3.84371,47.1535
36.1,2.8519,10.6658,49.1331
36.2,10.1246,17.5915,46.9512
36.3,17.4808,23.9599,40.7401
36.4,24.2229,29.1411,30.9254
36.5,29.6876,32.5819,18.1989
36.6,33.2953,33.8488,3.48041
36.7,34.5942,32.6575,-12.1777
36.8,33.2912,28.893,-27.6557
36.9,29.2731,22.6288,-41.7789
37,22.6257,14.8031,-49.1879
37.1,14.349,10.5169,-24.0959
37.2,9.84178,9.25137,-3.71247
37.3,8.54223,10.2557,10.7743
37.4,9.64536,12.7326,19.4126
37.5,12.3003,15.893,22.5903
37.6,15.6678,19.0033,20.9732
37.7,18.9704,21.4264,15.443
37.8,21.5352,22.663,7.09123
37.9,22.8368,22.3806,-2.86832
38,22.5282,20.4441,-13.1045
38.1,20.4714,16.9753,-21.9835
38.2,16.801,12.5129,-26.9635
38.3,12.0914,8.28444,-23.9379
38.4,7.64338,5.38604,-14.194
38.5,4.61485,3.91697,-4.38822
38.6,3.1055,3.49497,2.44895
38.7,2.706,3.60767,5.66965
38.8,2.87068,3.73895,5.45963
38.9,3.05201,3.43224,2.39088
39,2.76725,2.32506,-2.78044
39.1,1.63455,0.170309,-9.20702
39.2,-0.604612,-3.1511,-16.0121
39.3,-4.07286,-7.62336,-22.3254
39.4,-8.74989,-10.8516,-13.2153
39.5,-12.0993,-12.1031,-0.0240984
39.6,-13.351,-11.7013,10.3736
39.7,-12.854,-9.98116,18.0645
39.8,-10.9683,-7.25684,23.3373
39.9,-8.02997,-3.79238,26.6456
40,-4.32114,0.218213,28.5431
40.1,-0.0488021,4.64733,29.5289
40.2,4.65111,9.42259,30.0027
40.3,9.7015,14.4965,30.1506
40.4,15.0519,19.8122,29.9326
40.5,20.6421,25.2875,29.21
40.6,26.3853,30.7964,27.7362
40.7,32.1485,36.1715,25.2963
40.8,37.7556,41.217,21.7651
40.9,43.0007,45.7235,17.1208
41,47.6642,49.4864,11.4583
41.1,51.5323,52.3225,4.96881
41.2,54.4138,54.0773,-2.11613
41.3,56.1492,54.6361,-9.51379
41.4,56.6209,53.9288,-16.9278
41.5,55.7582,51.9295,-24.0748
41.6,53.5382,48.6705,-30.6076
41.7,49.9985,44.2645,-36.0551
41.8,45.2618,38.9648,-39.5953
41.9,39.5991,33.2832,-39.7136
42,33.5533,28.0595,-34.5447
42.1,28.0127,24.1266,-24.436
42.2,23.8558,21.8758,-12.4498
42.3,21.4908,21.2753,-1.35531
42.4,20.8779,22.0446,7.33649
42.5,21.7145,23.7697,12.9227
42.6,23.558,25.9564,15.0807
42.7,25.8831,28.0803,13.8162
42.8,28.1337,29.6181,9.33399
42.9,29.7571,30.0793,2.02598
43,30.2368,29.0496,-7.46511
43.1,29.1387,26.2169,-18.372
43.2,26.1375,21.4368,-29.5582
43.3,21.0863,15.0567,-37.9137
43.4,14.3586,9.91665,-27.9304
43.5,8.9624,7.97207,-6.22714
43.6,6.96067,9.05206,13.1505
43.7,8.16129,12.6423,28.1762
43.8,12.0099,18.1055,38.3285
43.9,17.8245,24.7431,43.5031
44,24.8611,31.8429,43.9014
44.1,32.3636,38.7189,39.962
44.2,39.606,44.748,32.3326
44.3,45.9316,49.4064,21.8495
44.4,50.7905,52.2979,9.47869
44.5,53.7688,53.1716,-3.7549
44.6,54.6081,51.94,-16.7766
44.7,53.2226,48.6725,-28.6108
44.8,49.6927,43.6002,-38.3098
44.9,44.2691,37.117,-44.9718
45,37.3735,29.8,-47.6216
45.1,29.6198,22.4745,-44.9294
45.2,21.8823,15.9586,-37.2474
45.3,15.0249,10.5093,-28.3937
45.4,9.31507,5.99821,-20.8562
45.5,4.6128,2.30291,-14.5245
45.6,0.784241,-0.515658,-8.17366
45.7,-2.10922,-2.23868,-0.81407
45.8,-3.83971,-2.65984,7.41894
45.9,-4.19289,-1.71659,15.5708
46,-3.10679,0.491573,22.6263
46.1,-0.691187,3.72546,27.7715
46.2,2.79741,7.64745,30.4967
46.3,6.99907,11.8652,30.5982
46.4,11.4974,15.9692,28.1182
46.5,15.8593,19.5764,23.3728
46.6,19.6808,22.359,16.8403
46.7,22.6178,24.0756,9.16628
46.8,24.4184,24.5911,1.08539
46.9,24.9439,23.8884,-6.63676
47,24.1804,22.0708,-13.2648
47.1,22.2412,19.3554,-18.1457
47.2,19.3593,16.0448,-20.8417
47.3,15.8576,12.4783,-21.2486
47.4,12.0963,8.97235,-19.643
47.5,8.41017,5.77584,-16.5645
47.6,5.06174,3.10164,-12.3249
47.7,2.27455,1.17134,-6.93691
47.8,0.280627,0.21346,-0.422341
47.9,-0.681159,0.40408,6.8239
48,-0.427927,1.81266,14.0887
48.1,1.10982,4.38495,20.5937
48.2,3.87099,7.9546,25.6775
48.3,7.67611,12.2623,28.8375
48.4,12.2482,16.9881,29.8039
48.5,17.2473,21.7887,28.5558
48.6,22.3099,26.3317,25.2889
48.7,27.0847,30.3404,20.4713
48.8,31.2811,33.6223,14.721
48.9,34.6981,36.1039,8.83955
49,37.2607,37.8449,3.67354
49.1,39.0355,39.0193,-0.101616
49.2,40.2089,39.8713,-2.12276
49.3,41.0414,40.6341,-2.56145
49.4,41.7807,41.4532,-2.05957
49.5,42.5809,42.3486,-1.46088
49.6,43.463,43.218,-1.5405
49.7,44.3182,43.8762,-2.77909
49.8,44.951,44.0979,-5.3639
49.9,45.1235,43.6657,-9.16632
50,44.6072,42.4066,-13.8372
50.1,43.2212,40.2194,-18.8752
50.2,40.8609,37.0878,-23.7252
50.3,37.5117,33.0985,-27.75
50.4,33.268,28.4566,-30.2538
50.5,28.3486,23.5406,-30.232
50.6,23.1554,18.959,-26.3867
50.7,18.3318,15.4454,-18.1493
50.8,14.6518,13.578,-6.75237
50.9,12.7224,13.6792,6.01654
51,12.8789,15.8874,18.9176
51.1,15.2605,20.2078,31.1082
51.2,19.8662,26.5379,41.9516
51.3,26.581,34.6593,50.7957
51.4,35.1682,44.2463,57.0822
51.5,45.2787,54.8772,60.3551
51.6,56.4631,66.0515,60.2909
51.7,68.1902,77.2205,56.7818
51.8,79.8799,87.8187,49.9189
51.9,90.936,97.3037,40.0396
52,100.788,105.194,27.7043
52.1,108.933,111.104,13.6513
52.2,114.967,114.771,-1.23121
52.3,118.624,116.085,-15.9637
52.4,119.791,115.092,-29.5494
52.5,118.527,111.998,-41.0497
52.6,115.057,107.16,-49.6564
52.7,109.763,101.042,-54.8359
52.8,103.142,94.1722,-56.4042
52.9,95.7553,87.0536,-54.716
53,88.1349,80.0996,-50.5254
53.1,80.7176,73.5893,-44.8216
53.2,73.7963,67.6725,-38.5056
53.3,67.5264,62.4124,-32.1562
53.4,61.9713,57.8196,-26.1061
53.5,57.1391,53.869,-20.5622
53.6,53,50.4968,-15.7395
53.7,49.4835,47.5895,-11.9091
53.8,46.4669,44.9778,-9.36355
53.9,43.7693,42.45,-8.29601
54,41.1655,39.7739,-8.75005
54.1,38.4091,36.7444,-10.4674
54.2,35.2837,33.2332,-12.8934
54.3,31.6542,29.2652,-15.0223
54.4,27.5484,25.0962,-15.4188
54.5,23.2381,21.225,-12.6583
54.6,19.2507,18.2359,-6.38124
54.7,16.2032,16.5122,1.94306
54.8,14.4973,16.1161,10.1792
54.9,14.1945,16.8514,16.7063
55,15.083,18.3816,20.7413
55.1,16.8034,20.3344,22.2024
55.2,18.9598,22.3883,21.5581
55.3,21.2114,24.3434,19.6934
55.4,23.3471,26.1654,17.7215
55.5,25.3317,27.9913,16.7238
55.6,27.3109,30.0573,17.2692
55.7,29.5353,32.5813,19.1532
55.8,32.2349,35.6377,21.3968
55.9,35.4876,39.102,22.7272
56,39.1602,42.6558,21.98
56.1,42.9156,45.8332,18.3453
56.2,46.2612,48.0866,11.4782
56.3,48.6199,48.853,1.46526
56.4,49.3997,47.62,-11.1906
56.5,48.0641,43.9835,-25.6585
56.6,44.1924,37.7193,-40.702
56.7,37.5549,29.0379,-53.5545
56.8,28.3823,21.8604,-41.0094
56.9,20.8287,18.9895,-11.5649
57,17.8519,19.9999,13.5071
57.1,18.9861,24.1298,32.3432
57.2,23.4126,30.4873,44.4853
57.3,30.1781,38.1172,49.921
57.4,38.2658,46.0596,49.0068
57.5,46.6575,53.4091,42.4535
57.6,54.3964,59.3677,31.2593
57.7,60.6416,63.2952,16.6859
57.8,64.7221,64.7512,0.182404
57.9,66.1798,63.5413,-16.5909
58,64.8177,59.7667,-31.7601
58.1,60.752,53.9364,-42.8561
58.2,54.5285,47.1754,-46.2364
58.3,47.3435,41.1299,-39.0708
58.4,40.9398,36.9184,-25.2864
58.5,36.4964,34.6446,-11.6442
58.6,34.1158,33.86,-1.6088
58.7,33.3164,33.9322,3.87163
58.8,33.4242,34.2164,4.98142
58.9,33.754,34.1522,2.50383
59,33.7129,33.3178,-2.48396
59.1,32.8557,31.4692,-8.71824
59.2,30.9271,28.5607,-14.8796
59.3,27.8821,24.7698,-19.5702
59.4,23.9118,20.485,-21.547
59.5,19.4294,16.2172,-20.1986
59.6,14.9763,12.38,-16.3253
59.7,10.9894,9.10366,-11.8577
59.8,7.60439,6.25416,-8.49013
59.9,4.67697,3.56479,-6.99328
60,1.92353,0.757283,-7.33329
60.1,-0.951293,-2.35461,-8.82396
60.2,-4.14404,-5.72537,-9.94329
60.3,-7.60598,-8.85011,-7.82299
60.4,-10.8025,-10.9446,-0.893183
60.5,-12.9051,-11.6431,7.93535
60.6,-13.531,-10.9921,15.9645
60.7,-12.7334,-9.21434,22.1278
60.8,-10.7528,-6.59229,26.161
60.9,-7.89089,-3.39903,28.2445
61,-4.43857,0.146028,28.8277
61.1,-0.629186,3.91009,28.5426
61.2,3.39665,7.85952,28.0622
61.3,7.60342,12.0422,27.9111
61.4,12.0421,16.549,28.3391
61.5,16.8087,21.4591,29.241
61.6,21.987,26.7983,30.2532
61.7,27.6036,32.5137,30.8745
61.8,33.6021,38.475,30.6402
61.9,39.8445,44.4863,29.1878
62,46.1234,50.3136,26.3475
62.1,52.1924,55.7091,22.1129
62.2,57.7906,60.4324,16.6117
62.3,62.6662,64.2778,10.1338
62.4,66.6046,67.0822,3.00317
62.5,69.4365,68.7398,-4.38089
62.6,71.054,69.2038,-11.6337
62.7,71.4112,68.4832,-18.4111
62.8,70.5218,66.6375,-24.4242
62.9,68.4522,63.7692,-29.4463
63,65.3138,60.0017,-33.4017
63.1,61.2401,55.4769,-36.2384
63.2,56.3828,50.3359,-38.0227
63.3,50.8932,44.7093,-38.884
63.4,44.91,38.7147,-38.9556
63.5,38.5581,32.4544,-38.3803
63.6,31.9458,26.0323,-37.184
63.7,25.1828,19.5907,-35.1628
63.8,18.4188,13.4154,-31.4605
63.9,11.955,8.03206,-24.6668
64,6.34543,4.00836,-14.6953
64.1,2.18696,1.66716,-3.2685
64.2,-0.184351,1.10919,8.13365
64.3,-0.667593,2.31449,18.7511
64.4,0.709661,5.18578,28.1455
64.5,3.83905,9.56572,36.0089
64.6,8.5492,15.2415,42.0808
64.7,14.6108,21.9494,46.1443
64.8,21.7419,29.3809,48.0333
64.9,29.6139,37.1875,47.6219
65,37.8572,44.994,44.8758
65.1,46.0752,52.4108,39.8378
65.2,53.8575,59.0547,32.6795
65.3,60.8009,64.5633,23.6578
65.4,66.5265,68.623,13.1825
65.5,70.7071,70.9885,1.76954
65.6,73.0888,71.5088,-9.93491
65.7,73.5182,70.1567,-21.1364
65.8,71.9721,67.0555,-30.9155
65.9,68.5873,62.5245,-38.1228
66,63.7068,57.1146,-41.4508
66.1,57.9168,51.5709,-39.9026
66.2,52.0072,46.621,-33.8677
66.3,46.7467,42.6908,-25.5032
66.4,42.5826,39.8171,-17.3895
66.5,39.5494,37.7507,-11.3103
66.6,37.3793,36.1046,-8.01526
66.7,35.6596,34.4664,-7.50289
66.8,33.9527,32.4984,-9.14441
66.9,31.9009,30.0365,-11.7229
67,29.3315,27.2018,-13.3912
67.1,26.374,24.4963,-11.8067
67.2,23.5601,22.6813,-5.526
67.3,21.6945,22.4009,4.44179
67.4,21.4548,23.9189,15.4944
67.5,23.115,27.1408,25.3143
67.6,26.569,31.7266,32.431
67.7,31.4521,37.1935,36.101
67.8,37.2501,42.9931,36.1115
67.9,43.3808,48.5653,32.5995
68,49.252,53.397,26.0634
68.1,54.3227,57.0637,17.2351
68.2,58.1475,59.2671,7.03988
68.3,60.4154,59.8709,-3.4242
68.4,60.9878,58.9244,-12.9743
68.5,59.9224,56.6876,-20.3401
68.6,57.499,53.6118,-24.4429
68.7,54.1991,50.2689,-24.7124
68.8,50.6296,47.1898,-21.629
68.9,47.3522,44.7058,-16.6403
69,44.7155,42.8985,-11.4248
69.1,42.8035,41.6496,-7.25579
69.2,41.488,40.7406,-4.69938
69.3,40.5359,39.9266,-3.83133
69.4,39.6868,38.9995,-4.32166
69.5,38.7201,37.8178,-5.6734
69.6,37.4863,36.3201,-7.33318
69.7,35.9213,34.5114,-8.86531
69.8,34.0314,32.4297,-10.0715
69.9,31.8573,30.1224,-10.9091
70,29.45,27.6132,-11.5494
70.1,26.8349,24.9058,-12.1302
70.2,24.0161,22.0054,-12.6433
70.3,20.9999,18.9683,-12.7743
70.4,17.8457,15.9683,-11.8049
70.5,14.7374,13.3185,-8.92167
70.6,12.0058,11.4023,-3.79516
70.7,10.0546,10.5101,2.86396
70.8,9.18884,10.7421,9.76657
70.9,9.51037,11.9998,15.6533
71,10.9116,14.0351,19.64
71.1,13.127,16.5067,21.2512
71.2,15.7935,19.0285,20.3413
71.3,18.5018,21.2164,17.0692
71.4,20.8463,22.7263,11.8211
71.5,22.4646,23.2913,5.1983
71.6,23.0773,22.756,-2.01988
71.7,22.5235,21.1126,-8.87124
71.8,20.7987,18.5441,-14.177
71.9,18.1002,15.4702,-16.5369
72,14.8747,12.5138,-14.8452
72.1,11.7821,10.2536,-9.61079
72.2,9.43375,8.97843,-2.86301
72.3,8.13235,8.7057,3.60517
72.4,7.89268,9.3166,8.95353
72.5,8.58568,10.6733,13.1268
72.6,10.0628,12.6821,16.4702
72.7,12.2226,15.3045,19.3787
72.8,15.0227,18.5456,22.1519
72.9,18.4669,22.4057,24.7664
73,22.5541,26.8317,26.8969
73.1,27.2268,31.6902,28.0661
73.2,32.3428,36.7594,27.7716
73.3,37.6666,41.7371,25.5952
73.4,42.879,46.2689,21.3152
73.5,47.6062,49.9769,14.9065
73.6,51.4509,52.5006,6.60029
73.7,54.0352,53.5323,-3.16241
73.8,55.0379,52.8465,-13.7791
73.9,54.2257,50.3402,-24.432
74,51.4953,46.0696,-34.1166
74.1,46.9119,40.3235,-41.4274
74.2,40.786,33.7902,-43.9885
74.3,33.8492,27.6777,-38.8059
74.4,27.3809,23.0311,-27.3513
74.5,22.4834,20.0614,-15.2294
74.6,19.3741,18.4693,-5.68908
74.7,17.7298,17.7778,0.302284
74.8,17.0411,17.4821,2.77323
74.9,16.7709,17.1295,2.25522
75,16.4389,16.3828,-0.352484
75.1,15.689,15.0713,-3.8837
75.2,14.3418,13.265,-6.77081
75.3,12.4735,11.3214,-7.2445
75.4,10.4634,9.81245,-4.09295
75.5,8.91693,9.25293,2.11278
75.6,8.37679,9.8694,9.38548
75.7,9.07926,11.6081,15.9009
75.8,10.9638,14.2361,20.5756
75.9,13.7805,17.4212,22.8923
76,17.1755,20.8023,22.8048
76.1,20.7657,24.0227,20.4798
76.2,24.174,26.7674,16.307
76.3,27.0683,28.7802,10.7643
76.4,29.1797,29.8736,4.363
76.5,30.3131,29.9392,-2.35106
76.6,30.3572,28.9462,-8.8723
76.7,29.2828,26.9431,-14.7122
76.8,27.1448,24.0576,-19.4123
76.9,24.0813,20.5103,-22.4538
77,20.3281,16.6302,-23.252
77.1,16.2348,12.8408,-21.341
77.2,12.2497,9.55893,-16.919
77.3,8.81264,7.03134,-11.2007
77.4,6.18233,5.28717,-5.62868
77.5,4.38655,4.19792,-1.18606
77.6,3.28642,3.53594,1.56895
77.7,2.63875,3.02886,2.45297
77.8,2.15424,2.38475,1.4494
77.9,1.52342,1.32197,-1.2667
78,0.449026,-0.40954,-5.39862
78.1,-1.33199,-3.00914,-10.5458
78.2,-4.02838,-6.60134,-16.1786
78.3,-7.76886,-10.8704,-19.502
78.4,-12.2167,-13.2106,-6.24937
78.5,-14.6143,-13.6043,6.35062
78.6,-14.9497,-12.3245,16.5075
78.7,-13.5186,-9.71795,23.8983
78.8,-10.6929,-6.17211,28.4261
78.9,-6.88633,-2.1002,30.0949
79,-2.53845,2.08408,29.0662
79.1,1.91238,5.99641,25.6801
79.2,6.0602,9.30407,20.3972
79.3,9.55491,11.7556,13.8375
79.4,12.1333,13.2006,6.71095
79.5,13.6398,13.6178,-0.13863
79.6,14.0558,13.1378,-5.77219
79.7,13.5229,12.058,-9.21146
79.8,12.3586,10.8141,-9.71171
79.9,11.0256,9.85085,-7.38686
80,9.99465,9.46835,-3.30932
80.1,9.5818,9.77076,1.18813
80.2,9.89511,10.715,5.15545
80.3,10.8866,12.1813,8.14081
80.4,12.4276,14.0114,9.95868
80.5,14.349,16.0258,10.5439
80.6,16.4601,18.029,9.86527
80.7,18.5538,19.7975,7.82022
80.8,20.394,21.0774,4.29734
80.9,21.7133,21.5854,-0.804003
81,22.2139,21.0175,-7.52296
81.1,21.577,19.0818,-15.69
81.2,19.4975,15.5681,-24.7075
81.3,15.7572,10.7167,-31.6938
81.4,10.6152,6.94153,-23.0996
81.5,6.62813,6.26677,-2.27217
81.6,5.93253,8.88818,18.585
81.7,8.72435,14.5824,36.8349
81.8,14.7564,22.9354,51.4292
81.9,23.581,33.3757,61.5885
82,34.5861,45.2165,66.8434
82.1,47.0399,57.6834,66.9261
82.2,60.1207,69.9557,61.8415
82.3,72.9599,81.2124,51.8913
82.4,84.6925,90.6838,37.673
82.5,94.5093,97.6941,20.0262
82.6,101.703,101.719,0.0965881
82.7,105.729,102.428,-20.7559
82.8,106.248,99.7418,-40.9091
82.9,103.186,93.9161,-58.291
83,96.8261,85.7259,-69.7973
83.1,87.9959,76.7856,-70.4893
83.2,78.4093,69.2537,-57.5697
83.3,70.3493,64.374,-37.5724
83.4,65.1251,62.1682,-18.5928
83.5,62.7487,62.0521,-4.38007
83.6,62.5925,63.2224,3.96083
83.7,63.7992,64.8454,6.57811
83.8,65.4824,66.15,4.19754
83.9,66.8255,66.4919,-2.09777
84,67.1482,65.396,-11.0174
84.1,65.9513,62.5779,-21.2117
84.2,62.9387,57.9588,-31.313
84.3,58.0324,51.6695,-40.0094
84.4,51.3762,44.0881,-45.8274
84.5,43.3746,35.92,-46.8737
84.6,34.7766,28.2218,-41.2162
84.7,26.7004,21.8683,-30.3839
84.8,20.0683,17.043,-19.0227
84.9,15.0686,13.5009,-9.85782
85,11.436,10.877,-3.51519
85.1,8.77993,8.82034,0.254062
85.2,6.72545,7.05481,2.07095
85.3,4.97907,5.4071,2.69142
85.4,3.35604,3.81419,2.88083
85.5,1.78956,2.3401,3.46182
85.6,0.347213,1.17235,5.1884
85.7,-0.773115,0.588735,8.56319
85.8,-1.27805,0.883658,13.5927
85.9,-0.858479,2.27479,19.7018
86,0.713325,4.85974,26.0724
86.1,3.53736,8.60093,31.8395
86.2,7.57045,13.3296,36.2128
86.3,12.6313,18.7679,38.5867
86.4,18.4234,24.54,38.4604
86.5,24.5482,30.2028,35.5559
86.6,30.5371,35.278,29.8107
86.7,35.8857,39.2876,21.3908
86.8,40.0914,41.7925,10.696
86.9,42.6944,42.4307,-1.65775
87,43.3174,40.9522,-14.8727
87.1,41.7025,37.2547,-27.9675
87.2,37.7486,31.4285,-39.7399
87.3,31.5579,23.9778,-47.6632
87.4,23.6701,17.3221,-39.916
87.5,16.6484,13.3764,-20.574
87.6,12.514,11.8362,-4.262
87.7,10.9347,12.0641,7.1015
87.8,11.2278,13.3983,13.648
87.9,12.6871,15.249,16.1089
88,14.6855,17.1771,15.6669
88.1,16.7573,18.9547,13.8172
88.2,18.6616,20.5988,12.1808
88.3,20.4174,22.3357,12.0622
88.4,22.265,24.466,13.8398
88.5,24.5221,27.1911,16.7823
88.6,27.4011,30.5088,19.5411
88.7,30.8981,34.1997,20.7602
88.8,34.7793,37.8908,19.5645
88.9,38.6498,41.1488,15.7138
89,42.052,43.5781,9.59615
89.1,44.5692,44.9384,2.32123
89.2,45.9509,45.2767,-4.23912
89.3,46.2502,45.0306,-7.66893
89.4,45.9338,44.9888,-5.94238
89.5,45.8375,45.9747,0.862808
89.6,46.8314,48.4727,10.3204
89.7,49.424,52.4889,19.2719
89.8,53.6169,57.6343,25.2611
89.9,58.994,63.2546,26.7907
90,64.86,68.5529,23.2211
90.1,70.3712,72.6967,14.6223
90.2,74.6492,74.9136,1.66274
90.3,76.8813,74.5737,-14.5098
90.4,76.4082,71.2972,-32.1381
90.5,72.837,65.1143,-48.5597
90.6,66.2089,56.9727,-58.0764
90.7,57.5347,49.6753,-49.4193
90.8,49.7841,45.8146,-24.9602
90.9,45.6944,45.775,0.506618
91,45.6595,48.9374,20.6112
91.1,49.011,54.3361,33.4843
91.2,54.7168,60.889,38.8103
91.3,61.6255,67.5195,37.0614
91.4,68.5959,73.2535,29.2865
91.5,74.5984,77.2927,16.9415
91.6,78.793,79.0824,1.82001
91.7,80.5995,78.3832,-13.936
91.8,79.7724,75.3362,-27.8942
91.9,76.4696,70.547,-37.2407
92,71.3389,65.0883,-39.3029
92.1,65.5198,60.1735,-33.6173
92.2,60.2967,56.5689,-23.4402
92.3,56.4771,54.3616,-13.302
92.4,54.1478,53.1532,-6.2544
92.5,52.882,52.3315,-3.46169
92.6,52.0287,51.2528,-4.87871
92.7,50.9052,49.3761,-9.61436
92.8,48.9404,46.3584,-16.2352
92.9,45.7737,42.1558,-22.7491
93,41.3626,37.1391,-26.5569
93.1,36.1023,32.134,-24.9528
93.2,30.8682,28.0963,-17.4295
93.3,26.6709,25.5326,-7.15759
93.4,24.0415,24.374,2.09078
93.5,22.9021,24.1953,8.13159
93.6,22.7979,24.4144,10.1641
93.7,23.1101,24.4406,8.36589
93.8,23.2132,23.7548,3.40576
93.9,22.5586,21.989,-3.58167
94,20.76,18.9996,-11.069
94.1,17.6691,14.9785,-16.9182
94.2,13.4927,10.6572,-17.8294
94.3,9.00799,7.18847,-11.441
94.4,5.43436,5.26604,-1.0584
94.5,3.50223,4.87464,8.62966
94.6,3.18997,5.63873,15.3977
94.7,4.09514,7.06014,18.6437
94.8,5.68763,8.64245,18.5796
94.9,7.44032,9.9661,15.8819
95,8.90962,10.7431,11.5291
95.1,9.79238,10.8636,6.73555
95.2,9.9745,10.4169,2.78167
95.3,9.5534,9.68898,0.852501
95.4,8.83331,9.06229,1.43979
95.5,8.21982,8.85949,4.02219
95.6,8.05391,9.23561,7.43049
95.7,8.49812,10.1776,10.5601
95.8,9.53695,11.5869,12.8897
95.9,11.0645,13.3552,14.4039
96,12.9649,15.419,15.4311
96.1,15.1702,17.7871,16.4551
96.2,17.6892,20.5124,17.7524
96.3,20.5773,23.6492,19.3155
96.4,23.8912,27.1988,20.7978
96.5,27.6315,31.0702,21.6225
96.6,31.7012,35.0735,21.2046
96.7,35.899,38.9331,19.0781
96.8,39.9336,42.3141,14.9687
96.9,43.4518,44.8609,8.86006
97,46.0798,46.2323,0.95863
97.1,47.46,46.1318,-8.35144
97.2,47.2831,44.3414,-18.4968
97.3,45.323,40.7286,-28.8887
97.4,41.4453,35.2708,-38.8247
97.5,35.6314,28.0537,-47.6476
97.6,27.9774,19.4014,-53.925
97.7,18.8305,13.1749,-35.5622
97.8,12.2779,9.81966,-15.4572
97.9,8.78092,8.83287,0.326655
98,7.79714,9.69119,11.9097
98.1,8.76467,11.8892,19.6467
98.2,11.1428,14.9615,24.0118
98.3,14.4353,18.507,25.6025
98.4,18.2156,22.1986,25.0443
98.5,22.1368,25.7905,22.974
98.6,25.9395,29.1234,20.0205
98.7,29.456,32.1146,16.717
98.8,32.6004,34.752,13.5286
98.9,35.3619,37.0745,10.7691
99,37.7832,39.1465,8.57241
99.1,39.9338,41.0372,6.93804
99.2,41.8882,42.7989,5.72641
99.3,43.7023,44.4499,4.70118
99.4,45.3965,45.9739,3.6311
99.5,46.9538,47.3186,2.29415
99.6,48.3195,48.4077,0.554855
99.7,49.4137,49.1571,-1.61399
99.8,50.1482,49.489,-4.14537
99.9,50.4421,49.3551,-6.83508
