time,x0,y0,x1,y1,x2,y2,distance
0.0000,4.2330,-2.1597,-0.4978,-3.7089,-0.5296,2.5697,2.6237
0.1000,4.5670,-1.3134,-0.3798,-1.8693,0.3688,4.3646,4.3802
0.2000,4.7336,-0.4189,-0.2230,0.0416,1.2943,6.1342,6.2693
0.3000,4.7267,0.4910,-0.0330,1.9487,2.2295,7.8056,8.1177
0.4000,4.5465,1.3828,0.1821,3.7770,3.1549,9.3074,9.8275
0.5000,4.1996,2.2240,0.4125,5.4548,4.0494,10.5729,11.3218
0.6000,3.6988,2.9836,0.6469,6.9164,4.8915,11.5429,12.5366
0.7000,3.0623,3.6339,0.8730,8.1045,5.6595,12.1679,13.4196
0.8000,2.3136,4.1509,1.0780,8.9731,6.3324,12.4102,13.9324
0.9000,1.4801,4.5158,1.2498,9.4884,6.8905,12.2460,14.0515
1.0000,0.5923,4.7151,1.3769,9.6308,7.3165,11.6662,13.7707
1.1000,-0.3171,4.7415,1.4496,9.3955,7.5961,10.6771,13.1034
1.2000,-1.2150,4.5942,1.4602,8.7922,7.7183,9.3002,12.0858
1.3000,-2.0683,4.2784,1.4039,7.8455,7.6766,7.5720,10.7826
1.4000,-2.8458,3.8058,1.2786,6.5932,7.4687,5.5424,9.3005
1.5000,-3.5190,3.1937,1.0856,5.0852,7.0972,3.2734,7.8157
1.6000,-4.0632,2.4644,0.8297,3.3812,6.5695,0.8365,6.6226
1.7000,-4.4584,1.6449,0.5187,1.5486,5.8979,-1.6895,6.1351
1.8000,-4.6902,0.7650,0.1636,-0.3402,5.0988,-4.2216,6.6197
1.9000,-4.7500,-0.1429,-0.2220,-2.2110,4.1927,-6.6756,7.8830
2.0000,-4.6357,-1.0456,-0.6221,-3.9903,3.2036,-8.9688,9.5238
2.1000,-4.3515,-1.9099,-1.0197,-5.6086,2.1578,-11.0238,11.2330
2.2000,-3.9077,-2.7042,-1.3967,-7.0025,1.0833,-12.7706,12.8165
2.3000,-3.3207,-3.3994,-1.7352,-8.1182,0.0090,-14.1497,14.1497
2.4000,-2.6119,-3.9700,-2.0180,-8.9124,-1.0368,-15.1139,15.1495
2.5000,-1.8074,-4.3950,-2.2298,-9.3550,-2.0267,-15.6304,15.7613
2.6000,-0.9366,-4.6589,-2.3578,-9.4297,-2.9360,-15.6817,15.9542
2.7000,-0.0315,-4.7520,-2.3921,-9.1347,-3.7427,-15.2664,15.7185
2.8000,0.8747,-4.6709,-2.3269,-8.4828,-4.4289,-14.3991,15.0649
2.9000,1.7489,-4.4186,-2.1603,-7.5006,-4.9810,-13.1100,14.0244
3.0000,2.5590,-4.0043,-1.8947,-6.2280,-5.3906,-11.4434,12.6495
3.1000,3.2752,-3.4432,-1.5373,-4.7159,-5.6541,-9.4565,11.0179
3.2000,3.8714,-2.7559,-1.0993,-3.0244,-5.7732,-7.2168,9.2419
3.3000,4.3257,-1.9675,-0.5959,-1.2208,-5.7546,-4.7999,7.4936
3.4000,4.6214,-1.1070,-0.0460,0.6239,-5.6093,-2.2866,6.0575
3.5000,4.7477,-0.2059,0.5292,2.4370,-5.3527,0.2403,5.3580
3.6000,4.6999,0.7027,1.1062,4.1474,-5.0030,2.6986,5.6844
3.7000,4.4798,1.5855,1.6608,5.6884,-4.5811,5.0099,6.7886
3.8000,4.0955,2.4103,2.1687,7.0002,-4.1092,7.1025,8.2056
3.9000,3.5611,3.1467,2.6068,8.0323,-3.6097,8.9139,9.6170
4.0000,2.8961,3.7677,2.9541,8.7453,-3.1047,10.3925,10.8463
4.1000,2.1250,4.2506,3.1928,9.1127,-2.6143,11.4998,11.7933
4.2000,1.2759,4.5777,3.3091,9.1215,-2.1564,12.2117,12.4006
4.3000,0.3801,4.7369,3.2939,8.7730,-1.7454,12.5184,12.6395
4.4000,-0.5297,4.7225,3.1432,8.0826,-1.3916,12.4251,12.5027
4.5000,-1.4200,4.5350,2.8588,7.0789,-1.1013,11.9512,12.0018
4.6000,-2.2583,4.1812,2.4481,5.8030,-0.8760,11.1295,11.1640
4.7000,-3.0138,3.6742,1.9239,4.3061,-0.7126,10.0044,10.0298
4.8000,-3.6588,3.0324,1.3043,2.6482,-0.6037,8.6299,8.6510
4.9000,-4.1697,2.2795,0.6119,0.8951,-0.5381,7.0676,7.0881
5.0000,-4.5277,1.4431,-0.1270,-0.8838,-0.5012,5.3838,5.4070
5.1000,-4.7198,0.5537,-0.8835,-2.6185,-0.4760,3.6469,3.6778
5.2000,-4.7388,-0.3560,-1.6268,-4.2414,-0.4440,1.9249,1.9755
5.3000,-4.5841,-1.2526,-2.3262,-5.6891,-0.3864,0.2824,0.4786
5.4000,-4.2613,-2.1033,-2.9517,-6.9060,-0.2850,-1.2217,1.2545
5.5000,-3.7823,-2.8769,-3.4756,-7.8455,-0.1232,-2.5366,2.5396
5.6000,-3.1647,-3.5451,-3.8736,-8.4723,0.1124,-3.6212,3.6229
5.7000,-2.4310,-4.0832,-4.1260,-8.7638,0.4318,-4.4455,4.4664
5.8000,-1.6083,-4.4717,-4.2187,-8.7104,0.8404,-4.9918,5.0621
5.9000,-0.7265,-4.6963,-4.1435,-8.3163,1.3384,-5.2552,5.4230
6.0000,0.1818,-4.7487,-3.8992,-7.5992,1.9206,-5.2429,5.5836
6.1000,1.0835,-4.6270,-3.4914,-6.5891,2.5760,-4.9741,5.6016
6.2000,1.9455,-4.3356,-2.9326,-5.3275,3.2884,-4.4790,5.5566
6.3000,2.7362,-3.8854,-2.2418,-3.8657,4.0365,-3.7967,5.5415
6.4000,3.4265,-3.2927,-1.4436,-2.2622,4.7946,-2.9739,5.6420
6.5000,3.9913,-2.5793,-0.5680,-0.5810,5.5334,-2.0623,5.9052
6.6000,4.4097,-1.7713,0.3513,1.1114,6.2215,-1.1165,6.3208
6.7000,4.6664,-0.8984,1.2783,2.7486,6.8261,-0.1914,6.8288
6.8000,4.7521,0.0074,2.1754,4.2666,7.3149,0.6601,7.3447
6.9000,4.6636,0.9130,3.0058,5.6068,7.6574,1.3896,7.7824
7.0000,4.4041,1.7851,3.7343,6.7178,7.8259,1.9553,8.0664
7.1000,3.9832,2.5917,4.3293,7.5577,7.7974,2.3237,8.1363
7.2000,3.4162,3.3034,4.7638,8.0955,7.5548,2.4712,7.9487
7.3000,2.7240,3.8939,5.0170,8.3124,7.0874,2.3849,7.4779
7.4000,1.9320,4.3417,5.0746,8.2023,6.3926,2.0635,6.7174
7.5000,1.0691,4.6303,4.9304,7.7721,5.4754,1.5171,5.6817
7.6000,0.1670,4.7492,4.5860,7.0411,4.3496,0.7669,4.4167
7.7000,-0.7412,4.6940,4.0512,6.0405,3.0371,-0.1557,3.0411
7.8000,-1.6222,4.4667,3.3438,4.8116,1.5676,-1.2106,1.9806
7.9000,-2.4438,4.0756,2.4888,3.4047,-0.0219,-2.3502,2.3503
8.0000,-3.1757,3.5352,1.5177,1.8763,-1.6886,-3.5220,3.9059
8.1000,-3.7913,2.8651,0.4673,0.2874,-3.3849,-4.6707,5.7682
8.2000,-4.2679,2.0900,-0.6217,-1.2990,-5.0600,-5.7400,7.6519
8.3000,-4.5880,1.2383,-1.7062,-2.8207,-6.6619,-6.6758,9.4312
8.4000,-4.7399,0.3412,-2.7427,-4.2185,-8.1390,-7.4281,11.0191
8.5000,-4.7180,-0.5684,-3.6887,-5.4388,-9.4420,-7.9529,12.3451
8.6000,-4.5232,-1.4572,-4.5047,-6.4351,-10.5258,-8.2149,13.3520
8.7000,-4.1626,-2.2925,-5.1556,-7.1705,-11.3512,-8.1884,13.9964
8.8000,-3.6494,-3.0438,-5.6125,-7.6184,-11.8866,-7.8586,14.2495
8.9000,-3.0024,-3.6836,-5.8538,-7.7640,-12.1091,-7.2227,14.0996
9.0000,-2.2453,-4.1883,-5.8661,-7.6044,-12.0057,-6.2901,13.5537
9.1000,-1.4059,-4.5394,-5.6451,-7.1488,-11.5738,-5.0819,12.6404
9.2000,-0.5150,-4.7242,-5.1959,-6.4181,-10.8218,-3.6305,11.4146
9.3000,0.3948,-4.7357,-4.5326,-5.4435,-9.7686,-1.9785,9.9669
9.4000,1.2902,-4.5737,-3.6783,-4.2658,-8.4432,-0.1771,8.4450
9.5000,2.1382,-4.2439,-2.6641,-2.9332,-6.8841,1.7158,7.0947
9.6000,2.9079,-3.7586,-1.5281,-1.4998,-5.1377,3.6376,6.2951
9.7000,3.5709,-3.1355,-0.3137,-0.0227,-3.2570,5.5234,6.4122
9.8000,4.1030,-2.3975,0.9317,1.4395,-1.2997,7.3083,7.4230
9.9000,4.4848,-1.5716,2.1589,2.8297,0.6740,8.9302,8.9556
10.0000,4.7021,-0.6880,3.3188,4.0939,2.6034,10.3317,10.6546
10.1000,4.7470,0.2208,4.3639,5.1840,4.4291,11.4623,12.2882
10.2000,4.6179,1.1214,5.2510,6.0590,6.0957,12.2806,13.7102
10.3000,4.3196,1.9810,5.9424,6.6870,7.5536,12.7554,14.8242
10.4000,3.8628,2.7679,6.4077,7.0462,8.7605,12.8674,15.5665
10.5000,3.2645,3.4534,6.6254,7.1256,9.6832,12.6093,15.8984
10.6000,2.5465,4.0123,6.5832,6.9252,10.2987,11.9865,15.8031
10.7000,1.7351,4.4241,6.2794,6.4563,10.5950,11.0167,15.2847
10.8000,0.8601,4.6737,5.7225,5.7404,10.5712,9.7293,14.3670
10.9000,-0.0464,4.7519,4.9313,4.8088,10.2381,8.1643,13.0948
11.0000,-0.9512,4.6560,3.9343,3.7005,9.6169,6.3707,11.5356
11.1000,-1.8211,4.3894,2.7684,2.4615,8.7387,4.4048,9.7861
11.2000,-2.6243,3.9618,1.4779,1.1419,7.6435,2.3284,7.9902
11.3000,-3.3313,3.3890,0.1126,-0.2054,6.3778,0.2058,6.3811
11.4000,-3.9161,2.6920,-1.2742,-1.5270,4.9936,-1.8974,5.3419
11.5000,-4.3574,1.8963,-2.6275,-2.7714,3.5456,-3.9177,5.2839
11.6000,-4.6389,1.0311,-3.8933,-3.8907,2.0896,-5.7952,6.1604
11.7000,-4.7504,0.1281,-5.0201,-4.8426,0.6798,-7.4756,7.5065
11.8000,-4.6878,-0.7796,-5.9615,-5.5919,-0.6329,-8.9128,8.9352
11.9000,-4.4532,-1.6588,-6.6779,-6.1120,-1.8033,-10.0692,10.2294
12.0000,-4.0555,-2.4771,-7.1384,-6.3856,-2.7932,-10.9178,11.2694
12.1000,-3.5090,-3.2046,-7.3216,-6.4054,-3.5732,-11.4424,11.9873
12.2000,-2.8339,-3.8147,-7.2172,-6.1742,-4.1237,-11.6379,12.3469
12.3000,-2.0550,-4.2849,-6.8261,-5.7049,-4.4355,-11.5106,12.3356
12.4000,-1.2007,-4.5980,-6.1608,-5.0192,-4.5100,-11.0770,11.9600
12.5000,-0.3024,-4.7425,-5.2446,-4.1475,-4.3593,-10.3634,11.2430
12.6000,0.6071,-4.7132,-4.1113,-3.1266,-4.0052,-9.4044,10.2218
12.7000,1.4942,-4.5111,-2.8035,-1.9992,-3.4783,-8.2415,8.9454
12.8000,2.3266,-4.1437,-1.3713,-0.8111,-2.8164,-6.9212,7.4723
12.9000,3.0737,-3.6243,0.1298,0.3899,-2.0633,-5.4933,5.8680
13.0000,3.7081,-2.9721,1.6410,1.5565,-1.2661,-4.0087,4.2039
13.1000,4.2065,-2.2109,3.1024,2.6431,-0.4736,-2.5177,2.5618
13.2000,4.5508,-1.3686,4.4557,3.6084,0.2661,-1.0680,1.1007
13.3000,4.7282,-0.4762,5.6461,4.4164,0.9079,0.2967,0.9552
13.4000,4.7323,0.4336,6.6249,5.0378,1.4116,1.5388,2.0882
13.5000,4.5629,1.3276,7.3513,5.4514,1.7436,2.6272,3.1532
13.6000,4.2263,2.1729,7.7941,5.6443,1.8790,3.5388,4.0067
13.7000,3.7347,2.9386,7.9333,5.6129,1.8024,4.2586,4.6243
13.8000,3.1062,3.5965,7.7605,5.3622,1.5088,4.7802,5.0126
13.9000,2.3638,4.1226,7.2797,4.9060,1.0042,5.1053,5.2031
14.0000,1.5347,4.4975,6.5073,4.2660,0.3052,5.2435,5.2524
14.1000,0.6494,4.7076,5.4714,3.4708,-0.5613,5.2114,5.2415
14.2000,-0.2597,4.7450,4.2105,2.5546,-1.5591,5.0312,5.2673
14.3000,-1.1592,4.6086,2.7728,1.5558,-2.6444,4.7301,5.4191
14.4000,-2.0163,4.3032,1.2136,0.5154,-3.7672,4.3381,5.7455
14.5000,-2.7995,3.8400,-0.4063,-0.5249,-4.8735,3.8871,6.2338
14.6000,-3.4800,3.2361,-2.0234,-1.5240,-5.9078,3.4089,6.8207
14.7000,-4.0330,2.5135,-3.5736,-2.4432,-6.8150,2.9341,7.4198
14.8000,-4.4381,1.6988,-4.9952,-3.2479,-7.5433,2.4904,7.9438
14.9000,-4.6805,0.8218,-6.2308,-3.9086,-8.0462,2.1019,8.3162
15.0000,-4.7514,-0.0853,-7.2302,-4.4022,-8.2847,1.7873,8.4753
15.1000,-4.6480,-0.9893,-7.9520,-4.7127,-8.2293,1.5598,8.3759
15.2000,-4.3743,-1.8570,-8.3657,-4.8317,-7.8615,1.4267,7.9899
15.3000,-3.9402,-2.6567,-8.4527,-4.7585,-7.1747,1.3887,7.3079
15.4000,-3.3616,-3.3589,-8.2070,-4.5003,-6.1752,1.4405,6.3410
15.5000,-2.6598,-3.9380,-7.6360,-4.0714,-4.8818,1.5709,5.1283
15.6000,-1.8605,-4.3728,-6.7601,-3.4926,-3.3261,1.7638,3.7649
15.7000,-0.9930,-4.6472,-5.6116,-2.7901,-1.5512,1.9989,2.5302
15.8000,-0.0891,-4.7513,-4.2342,-1.9948,0.3898,2.2526,2.2861
15.9000,0.8180,-4.6812,-2.6807,-1.1401,2.4352,2.4998,3.4899
16.0000,1.6952,-4.4395,-1.0113,-0.2616,4.5173,2.7145,5.2701
16.1000,2.5103,-4.0350,0.7089,0.6056,6.5643,2.8717,7.1650
16.2000,3.2333,-3.4826,2.4121,1.4271,8.5037,2.9481,9.0003
16.3000,3.8378,-2.8026,4.0310,2.1716,10.2644,2.9239,10.6728
16.4000,4.3016,-2.0198,5.5012,2.8115,11.7798,2.7835,12.1042
16.5000,4.6077,-1.1629,6.7636,3.3239,12.9901,2.5160,13.2315
16.6000,4.7448,-0.2635,7.7673,3.6919,13.8451,2.1166,14.0060
16.7000,4.7081,0.6457,8.4709,3.9047,14.3060,1.5864,14.3936
16.8000,4.4987,1.5311,8.8451,3.9578,14.3469,0.9325,14.3772
16.9000,4.1244,2.3605,8.8732,3.8537,13.9564,0.1682,13.9574
17.0000,3.5990,3.1033,8.5520,3.6008,13.1379,-0.6877,13.1559
17.1000,2.9416,3.7323,7.8924,3.2133,11.9099,-1.6118,12.0185
17.2000,2.1763,4.2245,6.9185,2.7107,10.3054,-2.5762,10.6225
17.3000,1.3313,4.5619,5.6671,2.1163,8.3708,-3.5504,9.0927
17.4000,0.4374,4.7320,4.1861,1.4567,6.1648,-4.5021,7.6337
17.5000,-0.4724,4.7286,2.5328,0.7601,3.7558,-5.3983,6.5763
17.6000,-1.3650,4.5519,0.7715,0.0557,1.2198,-6.2070,6.3257
17.7000,-2.2075,4.2083,-1.0289,-0.6281,-1.3622,-6.8980,7.0312
17.8000,-2.9691,3.7105,-2.7974,-1.2646,-3.9072,-7.4444,8.4074
17.9000,-3.6218,3.0766,-4.4643,-1.8296,-6.3333,-7.8236,10.0658
18.0000,-4.1418,2.3299,-5.9633,-2.3028,-8.5626,-8.0182,11.7307
18.1000,-4.5099,1.4978,-7.2345,-2.6683,-10.5238,-8.0165,13.2293
18.2000,-4.7127,0.6108,-8.2268,-2.9150,-12.1551,-7.8130,14.4495
18.3000,-4.7428,-0.2985,-8.8998,-3.0371,-13.4062,-7.4090,15.3173
18.4000,-4.5989,-1.1970,-9.2255,-3.0340,-14.2403,-6.8122,15.7858
18.5000,-4.2865,-2.0515,-9.1898,-2.9105,-14.6351,-6.0363,15.8311
18.6000,-3.8169,-2.8309,-8.7925,-2.6759,-14.5840,-5.1009,15.4503
18.7000,-3.2074,-3.5065,-8.0478,-2.3440,-14.0957,-4.0306,14.6606
18.8000,-2.4804,-4.0535,-6.9837,-1.9321,-13.1943,-2.8541,13.4994
18.9000,-1.6623,-4.4519,-5.6409,-1.4600,-11.9179,-1.6032,12.0253
19.0000,-0.7834,-4.6871,-4.0712,-0.9494,-10.3174,-0.3116,10.3221
19.1000,0.1243,-4.7505,-2.3358,-0.4229,-8.4543,0.9861,8.5116
19.2000,1.0274,-4.6398,-0.5023,0.0974,-6.3984,2.2556,6.7843
19.3000,1.8928,-4.3589,1.3573,0.5902,-4.2250,3.4643,5.4637
19.4000,2.6889,-3.9183,3.1698,1.0364,-2.0121,4.5819,5.0042
19.5000,3.3864,-3.3340,4.8637,1.4197,0.1625,5.5816,5.5839
19.6000,3.9597,-2.6275,6.3718,1.7271,2.2242,6.4408,6.8140
19.7000,4.3879,-1.8246,7.6343,1.9491,4.1045,7.1416,8.2371
19.8000,4.6552,-0.9549,8.6005,2.0808,5.7432,7.6716,9.5832
19.9000,4.7519,-0.0502,9.2315,2.1208,7.0910,8.0233,10.7078
20.0000,4.6743,0.8564,9.5016,2.0722,8.1111,8.1949,11.5302
20.1000,4.4254,1.7316,9.3990,1.9414,8.7800,8.1895,12.0066
20.2000,4.0143,2.5433,8.9268,1.7385,9.0890,8.0151,12.1182
20.3000,3.4560,3.2617,8.1026,1.4759,9.0434,7.6837,11.8668
20.4000,2.7710,3.8606,6.9580,1.1681,8.6628,7.2109,11.2713
20.5000,1.9845,4.3180,5.5372,0.8311,7.9796,6.6153,10.3651
20.6000,1.1251,4.6170,3.8956,0.4812,7.0377,5.9171,9.1946
20.7000,0.2246,4.7468,2.0971,0.1345,5.8903,5.1378,7.8162
20.8000,-0.6842,4.7026,0.2124,-0.1939,4.5979,4.2993,6.2948
20.9000,-1.5680,4.4860,-1.6847,-0.4906,3.2251,3.4229,4.7030
21.0000,-2.3942,4.1050,-3.5194,-0.7442,1.8386,2.5290,3.1267
21.1000,-3.1327,3.5734,-5.2194,-0.9461,0.5038,1.6360,1.7118
21.2000,-3.7563,2.9109,-6.7175,-1.0905,-0.7179,0.7604,1.0457
21.3000,-4.2422,2.1416,-7.9545,-1.1749,-1.7714,-0.0837,1.7734
21.4000,-4.5726,1.2938,-8.8812,-1.1994,-2.6104,-0.8850,2.7564
21.5000,-4.7354,0.3986,-9.4606,-1.1674,-3.1993,-1.6346,3.5927
21.6000,-4.7246,-0.5112,-9.6694,-1.0848,-3.5147,-2.3263,4.2148
21.7000,-4.5405,-1.4022,-9.4988,-0.9595,-3.5460,-2.9561,4.6166
21.8000,-4.1901,-2.2419,-8.9550,-0.8012,-3.2965,-3.5220,4.8240
21.9000,-3.6860,-2.9994,-8.0589,-0.6208,-2.7823,-4.0236,4.8919
22.0000,-3.0468,-3.6469,-6.8454,-0.4297,-2.0324,-4.4617,4.9028
22.1000,-2.2959,-4.1608,-5.3618,-0.2390,-1.0871,-4.8378,4.9584
22.2000,-1.4608,-4.5221,-3.6662,-0.0592,0.0040,-5.1535,5.1535
22.3000,-0.5722,-4.7176,-1.8250,0.1002,1.1837,-5.4107,5.5386
22.4000,0.3374,-4.7401,0.0893,0.2316,2.3900,-5.6103,6.0982
22.5000,1.2346,-4.5890,2.0016,0.3296,3.5586,-5.7530,6.7647
22.6000,2.0866,-4.2695,3.8367,0.3907,4.6259,-5.8382,7.4487
22.7000,2.8621,-3.7936,5.5223,0.4140,5.5314,-5.8647,8.0617
22.8000,3.5326,-3.1786,6.9921,0.4009,6.2210,-5.8303,8.5260
22.9000,4.0737,-2.4470,8.1881,0.3551,6.6488,-5.7320,8.7785
23.0000,4.4654,-1.6258,9.0632,0.2822,6.7795,-5.5665,8.7719
23.1000,4.6934,-0.7449,9.5829,0.1893,6.5902,-5.3303,8.4760
23.2000,4.7493,0.1632,9.7267,0.0848,6.0714,-5.0202,7.8780
23.3000,4.6312,1.0654,9.4888,-0.0225,5.2275,-4.6337,6.9856
23.4000,4.3432,1.9285,8.8787,-0.1234,4.0774,-4.1694,5.8318
23.5000,3.8961,2.7209,7.9201,-0.2095,2.6534,-3.6276,4.4944
23.6000,3.3061,3.4136,6.6510,-0.2731,1.0004,-3.0103,3.1722
23.7000,2.5949,3.9811,5.1212,-0.3082,-0.8257,-2.3221,2.4645
23.8000,1.7886,4.4027,3.3910,-0.3103,-2.7601,-1.5697,3.1753
23.9000,0.9167,4.6629,1.5283,-0.2774,-4.7316,-0.7627,4.7927
24.0000,0.0112,4.7521,-0.3934,-0.2094,-6.6651,0.0868,6.6657
24.1000,-0.8947,4.6672,-2.2987,-0.1087,-8.4850,0.9645,8.5396
24.2000,-1.7678,4.4111,-4.1127,0.0200,-10.1177,1.8535,10.2860
24.3000,-2.5761,3.9933,-5.7640,0.1701,-11.4947,2.7355,11.8157
24.4000,-3.2899,3.4292,-7.1880,0.3332,-12.5555,3.5908,13.0589
24.5000,-3.8832,2.7393,-8.3289,0.4997,-13.2501,4.3989,13.9612
24.6000,-4.3341,1.9490,-9.1421,0.6591,-13.5406,5.1396,14.4832
24.7000,-4.6261,1.0872,-9.5958,0.8009,-13.4036,5.7932,14.6019
24.8000,-4.7485,0.1856,-9.6728,0.9148,-12.8307,6.3415,14.3123
24.9000,-4.6969,-0.7228,-9.3704,0.9914,-11.8296,6.7685,13.6290
25.0000,-4.4730,-1.6047,-8.7009,1.0231,-10.4232,7.0609,12.5897
25.1000,-4.0852,-2.4278,-7.6912,1.0040,-8.6499,7.2091,11.2602
25.2000,-3.5476,-3.1619,-6.3813,0.9309,-6.5617,7.2070,9.7466
25.3000,-2.8800,-3.7800,-4.8232,0.8030,-4.2224,7.0528,8.2202
25.4000,-2.1068,-4.2596,-3.0786,0.6226,-1.7058,6.7493,6.9616
25.5000,-1.2563,-4.5831,-1.2161,0.3947,0.9072,6.3035,6.3684
25.6000,-0.3598,-4.7385,0.6907,0.1274,3.5317,5.7265,6.7280
25.7000,0.5499,-4.7202,2.5669,-0.1692,6.0816,5.0336,7.8945
25.8000,1.4394,-4.5289,4.3388,-0.4824,8.4727,4.2433,9.4759
25.9000,2.2762,-4.1716,5.9371,-0.7984,10.6261,3.3771,11.1499
26.0000,3.0295,-3.6613,7.2993,-1.1021,12.4708,2.4584,12.7108
26.1000,3.6718,-3.0168,8.3724,-1.3782,13.9462,1.5121,14.0279
26.2000,4.1794,-2.2617,9.1148,-1.6121,15.0046,0.5633,15.0152
26.3000,4.5339,-1.4237,9.4983,-1.7902,15.6128,-0.3635,15.6170
26.4000,4.7221,-0.5335,9.5086,-1.9008,15.7529,-1.2448,15.8021
26.5000,4.7372,0.3763,9.1462,-1.9348,15.4237,-2.0598,15.5606
26.6000,4.5787,1.2722,8.4263,-1.8862,14.6396,-2.7903,14.9031
26.7000,4.2523,2.1215,7.3781,-1.7526,13.4309,-3.4217,13.8599
26.8000,3.7700,2.8931,6.0437,-1.5353,11.8422,-3.9434,12.4815
26.9000,3.1495,3.5586,4.4763,-1.2393,9.9307,-4.3493,10.8413
27.0000,2.4136,4.0936,2.7381,-0.8738,7.7638,-4.6373,9.0433
27.1000,1.5891,4.4786,0.8979,-0.4512,5.4170,-4.8100,7.2443
27.2000,0.7065,4.6993,-0.9718,0.0128,2.9707,-4.8738,5.7078
27.3000,-0.2021,4.7478,-2.7973,0.4999,0.5075,-4.8387,4.8652
27.4000,-1.1033,4.6223,-4.5073,0.9901,-1.8914,-4.7178,5.0828
27.5000,-1.9640,4.3273,-6.0349,1.4622,-4.1485,-4.5264,6.1399
27.6000,-2.7528,3.8737,-7.3207,1.8952,-6.1930,-4.2814,7.5288
27.7000,-3.4406,3.2780,-8.3152,2.2687,-7.9636,-4.0001,8.9118
27.8000,-4.0023,2.5622,-8.9802,2.5641,-9.4103,-3.6998,10.1116
27.9000,-4.4172,1.7524,-9.2910,2.7655,-10.4961,-3.3965,11.0320
28.0000,-4.6702,0.8785,-9.2367,2.8604,-11.1980,-3.1041,11.6203
28.1000,-4.7521,-0.0277,-8.8207,2.8404,-11.5080,-2.8341,11.8518
28.2000,-4.6597,-0.9329,-8.0609,2.7019,-11.4324,-2.5948,11.7231
28.3000,-4.3965,-1.8039,-6.9884,2.4461,-10.9919,-2.3907,11.2489
28.4000,-3.9721,-2.6087,-5.6467,2.0791,-10.2201,-2.2227,10.4591
28.5000,-3.4021,-3.3179,-4.0896,1.6123,-9.1621,-2.0879,9.3970
28.6000,-2.7074,-3.9055,-2.3790,1.0616,-7.8720,-1.9797,8.1171
28.7000,-1.9134,-4.3499,-0.5830,0.4470,-6.4112,-1.8882,6.6835
28.8000,-1.0493,-4.6349,1.2278,-0.2082,-4.8454,-1.8012,5.1694
28.9000,-0.1467,-4.7499,2.9821,-0.8781,-3.2420,-1.7041,3.6626
29.0000,0.7612,-4.6908,4.6113,-1.5352,-1.6672,-1.5815,2.2980
29.1000,1.6413,-4.4597,6.0521,-2.1520,-0.1835,-1.4178,1.4296
29.2000,2.4612,-4.0652,7.2487,-2.7015,1.1527,-1.1982,1.6627
29.3000,3.1908,-3.5216,8.1556,-3.1589,2.2935,-0.9098,2.4674
29.4000,3.8035,-2.8489,8.7384,-3.5022,3.2013,-0.5422,3.2469
29.5000,4.2768,-2.0718,8.9761,-3.7139,3.8496,-0.0888,3.8506
29.6000,4.5932,-1.2187,8.8610,-3.7812,4.2247,0.4528,4.2489
29.7000,4.7413,-0.3210,8.3996,-3.6969,4.3253,1.0803,4.4581
29.8000,4.7156,0.5886,7.6118,-3.4601,4.1627,1.7863,4.5297
29.9000,4.5169,1.4765,6.5304,-3.0761,3.7599,2.5582,4.5477
30.0000,4.1528,2.3103,5.1995,-2.5564,3.1505,3.3785,4.6195
30.1000,3.6363,3.0594,3.6727,-1.9184,2.3769,4.2251,4.8478
30.2000,2.9866,3.6964,2.0111,-1.1851,1.4887,5.0718,5.2858
30.3000,2.2273,4.1978,0.2806,-0.3837,0.5397,5.8896,5.9143
30.4000,1.3865,4.5454,-1.4503,0.4548,-0.4138,6.6473,6.6602
30.5000,0.4948,4.7263,-3.1138,1.2973,-1.3159,7.3130,7.4304
30.6000,-0.4151,4.7340,-4.6450,2.1094,-2.1135,7.8552,8.1345
30.7000,-1.3097,4.5681,-5.9845,2.8575,-2.7588,8.2441,8.6935
30.8000,-2.1563,4.2348,-7.0812,3.5094,-3.2111,8.4535,9.0428
30.9000,-2.9239,3.7462,-7.8934,4.0363,-3.4390,8.4612,9.1334
31.0000,-3.5843,3.1202,-8.3913,4.4138,-3.4216,8.2510,8.9323
31.1000,-4.1132,2.3799,-8.5573,4.6229,-3.1493,7.8129,8.4238
31.2000,-4.4914,1.5524,-8.3872,4.6513,-2.6248,7.1446,7.6115
31.3000,-4.7050,0.6679,-7.8900,4.4936,-1.8625,6.2516,6.5231
31.4000,-4.7460,-0.2410,-7.0876,4.1518,-0.8883,5.1473,5.2234
31.5000,-4.6131,-1.1412,-6.0135,3.6358,0.2614,3.8533,3.8621
31.6000,-4.3110,-1.9994,-4.7119,2.9624,1.5414,2.3985,2.8511
31.7000,-3.8510,-2.7844,-3.2356,2.1554,2.8992,0.8189,3.0126
31.8000,-3.2497,-3.4673,-1.6437,1.2445,4.2775,-0.8439,4.3599
31.9000,-2.5293,-4.0231,0.0003,0.2642,5.6161,-2.5436,6.1653
32.0000,-1.7162,-4.4314,1.6315,-0.7473,6.8550,-4.2312,8.0557
32.1000,-0.8401,-4.6773,3.1861,-1.7500,7.9362,-5.8559,9.8628
32.2000,0.0667,-4.7517,4.6037,-2.7032,8.8068,-7.3675,11.4821
32.3000,0.9711,-4.6519,5.8296,-3.5677,9.4206,-8.7181,12.8356
32.4000,1.8399,-4.3815,6.8173,-4.3069,9.7405,-9.8635,13.8624
32.5000,2.6412,-3.9506,7.5300,-4.8885,9.7402,-10.7653,14.5177
32.6000,3.3457,-3.3748,7.9421,-5.2862,9.4049,-11.3921,14.7727
32.7000,3.9276,-2.6753,8.0398,-5.4805,8.7327,-11.7209,14.6164
32.8000,4.3655,-1.8777,7.8222,-5.4598,7.7343,-11.7378,14.0569
32.9000,4.6433,-1.0113,7.3003,-5.2208,6.4331,-11.4393,13.1241
33.0000,4.7509,-0.1078,6.4975,-4.7693,4.8643,-10.8319,11.8739
33.1000,4.6844,0.7997,5.4476,-4.1194,3.0738,-9.9321,10.3969
33.2000,4.4461,1.6778,4.1942,-3.2938,1.1166,-8.7665,8.8373
33.3000,4.0448,2.4944,2.7883,-2.3224,-0.9454,-7.3702,7.4306
33.4000,3.4953,3.2196,1.2865,-1.2415,-3.0455,-5.7864,6.5389
33.5000,2.8176,3.8267,-0.2513,-0.0927,-5.1144,-4.0641,6.5325
33.6000,2.0366,4.2936,-1.7644,1.0792,-7.0833,-2.2571,7.4342
33.7000,1.1810,4.6031,-3.1937,2.2278,-8.8860,-0.4218,8.8960
33.8000,0.2821,4.7438,-4.4840,3.3067,-10.4613,1.3849,10.5526
33.9000,-0.6272,4.7106,-5.5858,4.2716,-11.7556,3.1073,12.1593
34.0000,-1.5135,4.5047,-6.4579,5.0821,-12.7245,4.6935,13.5625
34.1000,-2.3443,4.1337,-7.0683,5.7033,-13.3347,6.0964,14.6622
34.2000,-3.0891,3.6111,-7.3958,6.1076,-13.5648,7.2763,15.3931
34.3000,-3.7207,2.9562,-7.4305,6.2755,-13.4065,8.2015,15.7162
34.4000,-4.2159,2.1929,-7.1741,6.1965,-12.8645,8.8502,15.6148
34.5000,-4.5566,1.3492,-6.6399,5.8703,-11.9564,9.2104,15.0926
34.6000,-4.7302,0.4560,-5.8517,5.3060,-10.7120,9.2808,14.1732
34.7000,-4.7304,-0.4539,-4.8433,4.5228,-9.1721,9.0707,12.8998
34.8000,-4.5572,-1.3471,-3.6569,3.5488,-7.3870,8.5993,11.3365
34.9000,-4.2169,-2.1910,-2.3409,2.4200,-5.4146,7.8948,9.5732
35.0000,-3.7221,-2.9545,-0.9485,1.1792,-3.3182,6.9935,7.7408
35.1000,-3.0907,-3.6097,0.4647,-0.1256,-1.1642,5.9381,6.0512
35.2000,-2.3461,-4.1326,1.8429,-1.4433,0.9801,4.7758,4.8753
35.3000,-1.5155,-4.5040,3.1325,-2.7217,3.0491,3.5564,4.6845
35.4000,-0.6293,-4.7103,4.2838,-3.9093,4.9811,2.3306,5.4994
35.5000,0.2799,-4.7439,5.2533,-4.9576,6.7205,1.1473,6.8178
35.6000,1.1789,-4.6036,6.0052,-5.8230,8.2196,0.0522,8.2198
35.7000,2.0347,-4.2945,6.5127,-6.4689,9.4399,-0.9143,9.4841
35.8000,2.8159,-3.8280,6.7588,-6.8667,10.3535,-1.7188,10.4952
35.9000,3.4939,-3.2212,6.7374,-6.9974,10.9438,-2.3361,11.1903
36.0000,4.0437,-2.4962,6.4525,-6.8526,11.2055,-2.7501,11.5381
36.1000,4.4454,-1.6798,5.9190,-6.4346,11.1450,-2.9545,11.5299
36.2000,4.6840,-0.8018,5.1611,-5.7568,10.7790,-2.9530,11.1762
36.3000,4.7510,0.1056,4.2116,-4.8430,10.1343,-2.7589,10.5031
36.4000,4.6438,1.0092,3.1104,-3.7268,9.2462,-2.3947,9.5513
36.5000,4.3663,1.8757,1.9030,-2.4500,8.1567,-1.8907,8.3729
36.6000,3.9288,2.6735,0.6381,-1.0617,6.9129,-1.2837,7.0310
36.7000,3.3472,3.3733,-0.6336,0.3844,5.5650,-0.6155,5.5989
36.8000,2.6430,3.9494,-1.8620,1.8314,4.1643,0.0691,4.1649
36.9000,1.8418,4.3807,-2.9994,3.2220,2.7612,0.7245,2.8547
37.0000,0.9732,4.6514,-4.0025,4.5003,1.4031,1.3064,1.9172
37.1000,0.0688,4.7516,-4.8338,5.6143,0.1331,1.7736,1.7786
37.2000,-0.8380,4.6777,-5.4633,6.5182,-1.0120,2.0901,2.3222
37.3000,-1.7142,4.4322,-5.8691,7.1739,-2.0026,2.2270,2.9950
37.4000,-2.5275,4.0243,-6.0389,7.5528,-2.8169,2.1638,3.5521
37.5000,-3.2481,3.4688,-5.9696,7.6370,-3.4422,1.8895,3.9267
37.6000,-3.8497,2.7862,-5.6677,7.4203,-3.8740,1.4033,4.1204
37.7000,-4.3101,2.0014,-5.1489,6.9082,-4.1168,0.7149,4.1784
37.8000,-4.6126,1.1432,-4.4372,6.1181,-4.1825,-0.1554,4.1854
37.9000,-4.7459,0.2432,-3.5636,5.0787,-4.0904,-1.1778,4.2566
38.0000,-4.7053,-0.6658,-2.5654,3.8288,-3.8655,-2.3138,4.5051
38.1000,-4.4921,-1.5504,-1.4839,2.4158,-3.5371,-3.5176,4.9885
38.2000,-4.1143,-2.3781,-0.3631,0.8944,-3.1377,-4.7380,5.6828
38.3000,-3.5857,-3.1186,0.7520,-0.6764,-2.7009,-5.9204,6.5073
38.4000,-2.9256,-3.7448,1.8178,-2.2346,-2.2599,-7.0089,7.3643
38.5000,-2.1582,-4.2338,2.7930,-3.7186,-1.8463,-7.9492,8.1608
38.6000,-1.3118,-4.5675,3.6409,-5.0688,-1.4881,-8.6902,8.8167
38.7000,-0.4172,-4.7338,4.3304,-6.2306,-1.2089,-9.1867,9.2659
38.8000,0.4926,-4.7265,4.8372,-7.1566,-1.0264,-9.4015,9.4573
38.9000,1.3844,-4.5460,5.1448,-7.8079,-0.9523,-9.3068,9.3554
39.0000,2.2255,-4.1988,5.2449,-8.1565,-0.9912,-8.8863,8.9414
39.1000,2.9849,-3.6977,5.1375,-8.1862,-1.1410,-8.1355,8.2151
39.2000,3.6349,-3.0611,4.8309,-7.8932,-1.3927,-7.0628,7.1988
39.3000,4.1517,-2.3122,4.3411,-7.2865,-1.7310,-5.6893,5.9468
39.4000,4.5163,-1.4785,3.6913,-6.3877,-2.1353,-4.0483,4.5769
39.5000,4.7153,-0.5907,2.9103,-5.2299,-2.5804,-2.1847,3.3811
39.6000,4.7414,0.3188,2.0318,-3.8570,-3.0381,-0.1532,3.0420
39.7000,4.5938,1.2166,1.0923,-2.3218,-3.4780,1.9833,4.0038
39.8000,4.2777,2.0699,0.1305,-0.6835,-3.8695,4.1560,5.6785
39.9000,3.8048,2.8472,-0.8152,0.9936,-4.1830,6.2927,7.5561
40.0000,3.1924,3.5201,-1.7078,2.6437,-4.3910,8.3201,9.4077
40.1000,2.4630,4.0641,-2.5131,4.2012,-4.4702,10.1671,11.1064
40.2000,1.6433,4.4590,-3.2012,5.6041,-4.4019,11.7669,12.5633
40.3000,0.7634,4.6904,-3.7475,6.7957,-4.1732,13.0599,13.7105
40.4000,-0.1446,4.7499,-4.1338,7.7276,-3.7778,13.9962,14.4971
40.5000,-1.0472,4.6353,-4.3484,8.3612,-3.2163,14.5370,14.8886
40.6000,-1.9114,4.3508,-4.3870,8.6696,-2.4963,14.6568,14.8679
40.7000,-2.7056,3.9067,-4.2522,8.6383,-1.6323,14.3443,14.4369
40.8000,-3.4006,3.3195,-3.9539,8.2666,-0.6453,13.6028,13.6181
40.9000,-3.9709,2.6105,-3.5077,7.5669,0.4382,12.4506,12.4584
41.0000,-4.3957,1.8059,-2.9354,6.5648,1.5869,10.9204,11.0351
41.1000,-4.6593,0.9350,-2.2627,5.2981,2.7656,9.0581,9.4709
41.2000,-4.7521,0.0299,-1.5192,3.8152,3.9374,6.9213,7.9629
41.3000,-4.6706,-0.8764,-0.7363,2.1734,5.0639,4.5774,6.8261
41.4000,-4.4180,-1.7505,0.0538,0.4365,6.1078,2.1012,6.4591
41.5000,-4.0034,-2.5604,0.8194,-1.3274,7.0333,-0.4278,7.0463
41.6000,-3.4420,-3.2765,1.5307,-3.0488,7.8082,-2.9282,8.3393
41.7000,-2.7545,-3.8724,2.1608,-4.6596,8.4047,-5.3200,9.9469
41.8000,-1.9660,-4.3264,2.6870,-6.0956,8.8004,-7.5267,11.5801
41.9000,-1.1054,-4.6218,3.0912,-7.2993,8.9794,-9.4788,13.0568
42.0000,-0.2043,-4.7478,3.3610,-8.2219,8.9328,-11.1162,14.2605
42.1000,0.7043,-4.6997,3.4895,-8.8255,8.6585,-12.3897,15.1154
42.2000,1.5871,-4.4793,3.4762,-9.0849,8.1623,-13.2637,15.5740
42.3000,2.4117,-4.0947,3.3259,-8.9880,7.4564,-13.7167,15.6123
42.4000,3.1479,-3.5600,3.0490,-8.5370,6.5600,-13.7422,15.2277
42.5000,3.7687,-2.8948,2.6609,-7.7479,5.4980,-13.3491,14.4369
42.6000,4.2513,-2.1234,2.1808,-6.6504,4.2999,-12.5606,13.2763
42.7000,4.5781,-1.2743,1.6312,-5.2863,2.9996,-11.4140,11.8016
42.8000,4.7371,-0.3784,1.0366,-3.7081,1.6330,-9.9584,10.0914
42.9000,4.7223,0.5314,0.4227,-1.9773,0.2379,-8.2532,8.2567
43.0000,4.5345,1.4216,-0.1851,-0.1613,-1.1483,-6.3657,6.4684
43.1000,4.1804,2.2598,-0.7623,1.6685,-2.4889,-4.3681,5.0274
43.2000,3.6731,3.0151,-1.2867,3.4402,-3.7500,-2.3351,4.4176
43.3000,3.0312,3.6599,-1.7389,5.0836,-4.9007,-0.3409,4.9125
43.4000,2.2781,4.1705,-2.1034,6.5335,-5.9146,1.5439,6.1128
43.5000,1.4415,4.5283,-2.3686,7.7319,-6.7704,3.2545,7.5120
43.6000,0.5520,4.7200,-2.5279,8.6308,-7.4518,4.7350,8.8289
43.7000,-0.3577,4.7387,-2.5790,9.1936,-7.9488,5.9398,9.9229
43.8000,-1.2543,4.5836,-2.5243,9.3969,-8.2568,6.8355,10.7191
43.9000,-2.1048,4.2606,-2.3707,9.2314,-8.3770,7.4022,11.1789
44.0000,-2.8783,3.7813,-2.1289,8.7026,-8.3159,7.6338,11.2885
44.1000,-3.5462,3.1634,-1.8128,7.8299,-8.0847,7.5381,11.0538
44.2000,-4.0841,2.4296,-1.4390,6.6466,-7.6985,7.1364,10.4974
44.3000,-4.4723,1.6067,-1.0257,5.1985,-7.1759,6.4623,9.6568
44.4000,-4.6965,0.7249,-0.5922,3.5417,-6.5377,5.5598,8.5821
44.5000,-4.7486,-0.1835,-0.1576,1.7409,-5.8063,4.4821,7.3350
44.6000,-4.6266,-1.0852,0.2596,-0.1334,-5.0047,3.2884,5.9884
44.7000,-4.3350,-1.9470,0.6426,-2.0077,-4.1557,2.0417,4.6302
44.8000,-3.8844,-2.7375,0.9771,-3.8080,-3.2809,0.8062,3.3785
44.9000,-3.2915,-3.4277,1.2512,-5.4634,-2.4005,-0.3558,2.4267
45.0000,-2.5779,-3.9922,1.4566,-6.9082,-1.5321,-1.3865,2.0663
45.1000,-1.7698,-4.4103,1.5883,-8.0850,-0.6912,-2.2348,2.3392
45.2000,-0.8968,-4.6668,1.6449,-8.9470,0.1099,-2.8588,2.8610
45.3000,0.0091,-4.7521,1.6283,-9.4594,0.8617,-3.2277,3.3407
45.4000,0.9146,-4.6633,1.5439,-9.6013,1.5575,-3.3227,3.6696
45.5000,1.7866,-4.4035,1.3997,-9.3664,2.1933,-3.1381,3.8286
45.6000,2.5931,-3.9823,1.2062,-8.7631,2.7675,-2.6817,3.8536
45.7000,3.3046,-3.4151,0.9754,-7.8145,3.2803,-1.9742,3.8285
45.8000,3.8949,-2.7227,0.7206,-6.5573,3.7333,-1.0486,3.8777
45.9000,4.3424,-1.9304,0.4554,-5.0403,4.1291,0.0513,4.1295
46.0000,4.6307,-1.0675,0.1930,-3.3230,4.4710,1.2728,4.6486
46.1000,4.7493,-0.1653,-0.0541,-1.4724,4.7618,2.5562,5.4045
46.2000,4.6937,0.7428,-0.2750,0.4387,5.0041,3.8378,6.3063
46.3000,4.4661,1.6238,-0.4608,2.3353,5.1997,5.0521,7.2499
46.4000,4.0748,2.4452,-0.6048,4.1427,5.3493,6.1351,8.1397
46.5000,3.5341,3.1770,-0.7032,5.7896,5.4524,7.0268,8.8941
46.6000,2.8638,3.7923,-0.7544,7.2112,5.5072,7.6739,9.4455
46.7000,2.0885,4.2686,-0.7598,8.3512,5.5108,8.0323,9.7410
46.8000,1.2367,4.5884,-0.7229,9.1644,5.4594,8.0689,9.7423
46.9000,0.3395,4.7400,-0.6497,9.6187,5.3486,7.7635,9.4276
47.0000,-0.5701,4.7178,-0.5477,9.6958,5.1736,7.1096,8.7928
47.1000,-1.4588,4.5227,-0.4257,9.3923,4.9300,6.1154,7.8551
47.2000,-2.2940,4.1618,-0.2933,8.7200,4.6137,4.8030,6.6600
47.3000,-3.0451,3.6483,-0.1603,7.7051,4.2220,3.2088,5.3030
47.4000,-3.6846,3.0011,-0.0359,6.3873,3.7538,1.3813,3.9999
47.5000,-4.1891,2.2438,0.0715,4.8183,3.2098,-0.6198,3.2691
47.6000,-4.5399,1.4043,0.1548,3.0596,2.5931,-2.7262,3.7625
47.7000,-4.7243,0.5133,0.2087,1.1805,1.9092,-4.8635,5.2248
47.8000,-4.7356,-0.3965,0.2302,-0.7453,1.1665,-6.9537,7.0509
47.9000,-4.5732,-1.2918,0.2182,-2.6419,0.3759,-8.9186,8.9266
48.0000,-4.2432,-2.1397,0.1741,-4.4350,-0.4493,-10.6826,10.6921
48.1000,-3.7576,-2.9092,0.1013,-6.0539,-1.2935,-12.1756,12.2442
48.2000,-3.1343,-3.5720,0.0054,-7.4350,-2.1393,-13.3360,13.5065
48.3000,-2.3960,-4.1039,-0.1065,-8.5241,-2.9678,-14.1129,14.4216
48.4000,-1.5700,-4.4853,-0.2260,-9.2784,-3.7595,-14.4684,14.9489
48.5000,-0.6864,-4.7023,-0.3440,-9.6685,-4.4950,-14.3793,15.0655
48.6000,0.2224,-4.7469,-0.4512,-9.6791,-5.1553,-13.8376,14.7667
48.7000,1.1231,-4.6175,-0.5384,-9.3101,-5.7227,-12.8518,14.0684
48.8000,1.9825,-4.3189,-0.5975,-8.5761,-6.1817,-11.4462,13.0088
48.9000,2.7693,-3.8618,-0.6217,-7.5062,-6.5193,-9.6603,11.6543
49.0000,3.4546,-3.2633,-0.6060,-6.1429,-6.7255,-7.5475,10.1093
49.1000,4.0132,-2.5451,-0.5477,-4.5398,-6.7943,-5.1732,8.5396
49.2000,4.4247,-1.7335,-0.4463,-2.7603,-6.7232,-2.6126,7.2130
49.3000,4.6740,-0.8585,-0.3040,-0.8744,-6.5139,0.0521,6.5141
49.4000,4.7519,0.0480,-0.1255,1.0436,-6.1722,2.7345,6.7508
49.5000,4.6556,0.9528,0.0822,2.9184,-5.7076,5.3475,7.8213
49.6000,4.3887,1.8227,0.3098,4.6763,-5.1332,7.8059,9.3425
49.7000,3.9609,2.6257,0.5467,6.2483,-4.4653,10.0300,10.9791
49.8000,3.3879,3.3325,0.7807,7.5731,-3.7226,11.9482,12.5147
49.9000,2.6906,3.9171,0.9992,8.5989,-2.9256,13.4997,13.8130
50.0000,1.8948,4.3581,1.1897,9.2858,-2.0958,14.6363,14.7856
50.1000,1.0295,4.6393,1.3400,9.6076,-1.2552,15.3248,15.3761
50.2000,0.1264,4.7505,1.4397,9.5521,-0.4251,15.5475,15.5533
50.3000,-0.7813,4.6875,1.4799,9.1222,0.3746,15.3028,15.3074
50.4000,-1.6603,4.4527,1.4546,8.3356,1.1257,14.6057,14.6490
50.5000,-2.4785,4.0546,1.3602,7.2239,1.8130,13.4862,13.6075
50.6000,-3.2059,3.5079,1.1966,5.8314,2.4240,11.9889,12.2315
50.7000,-3.8157,2.8326,0.9670,4.2134,2.9499,10.1707,10.5899
50.8000,-4.2856,2.0535,0.6778,2.4339,3.3856,8.0987,8.7779
50.9000,-4.5984,1.1990,0.3388,0.5634,3.7295,5.8478,6.9359
51.0000,-4.7426,0.3007,-0.0375,-1.3246,3.9835,3.4976,5.3011
51.1000,-4.7130,-0.6087,-0.4361,-3.1559,4.1529,1.1294,4.3037
51.2000,-4.5106,-1.4958,-0.8402,-4.8586,4.2456,-1.1768,4.4057
51.3000,-4.1428,-2.3280,-1.2321,-6.3663,4.2718,-3.3449,5.4256
51.4000,-3.6232,-3.0749,-1.5934,-7.6203,4.2432,-5.3062,6.7941
51.5000,-2.9707,-3.7091,-1.9066,-8.5720,4.1724,-7.0010,8.1500
51.6000,-2.2094,-4.2073,-2.1552,-9.1850,4.0719,-8.3815,9.3182
51.7000,-1.3670,-4.5513,-2.3251,-9.4362,3.9536,-9.4126,10.2092
51.8000,-0.4745,-4.7284,-2.4049,-9.3169,3.8280,-10.0736,10.7764
51.9000,0.4353,-4.7322,-2.3868,-8.8329,3.7038,-10.3582,11.0004
52.0000,1.3292,-4.5625,-2.2671,-8.0044,3.5868,-10.2747,10.8827
52.1000,2.1744,-4.2255,-2.0461,-6.8652,3.4804,-9.8452,10.4422
52.2000,2.9399,-3.7336,-1.7288,-5.4610,3.3845,-9.1045,9.7133
52.3000,3.5976,-3.1049,-1.3246,-3.8479,3.2964,-8.0986,8.7437
52.4000,4.1234,-2.3623,-0.8471,-2.0900,3.2099,-6.8819,7.5937
52.5000,4.4980,-1.5332,-0.3135,-0.2568,3.1167,-5.5157,6.3353
52.6000,4.7078,-0.6478,0.2558,1.5793,3.0060,-4.0650,5.0557
52.7000,4.7450,0.2613,0.8381,3.3463,2.8657,-2.5960,3.8667
52.8000,4.6082,1.1609,1.4095,4.9751,2.6830,-1.1730,2.9282
52.9000,4.3025,2.0179,1.9452,6.4023,2.4450,0.1436,2.4492
53.0000,3.8390,2.8009,2.4215,7.5728,2.1398,1.3004,2.5039
53.1000,3.2348,3.4812,2.8162,8.4415,1.7573,2.2528,2.8571
53.2000,2.5121,4.0339,3.1098,8.9759,1.2901,2.9667,3.2350
53.3000,1.6972,4.4387,3.2863,9.1563,0.7341,3.4197,3.4976
53.4000,0.8201,4.6808,3.3344,8.9772,0.0892,3.6022,3.6034
53.5000,-0.0870,4.7513,3.2475,8.4475,-0.6404,3.5173,3.5752
53.6000,-0.9910,4.6477,3.0248,7.5894,-1.4455,3.1806,3.4936
53.7000,-1.8586,4.3736,2.6710,6.4383,-2.3125,2.6191,3.4938
53.8000,-2.6581,3.9392,2.1965,5.0408,-3.2229,1.8703,3.7263
53.9000,-3.3601,3.3604,1.6170,3.4529,-4.1544,0.9804,4.2685
54.0000,-3.9390,2.6584,0.9532,1.7380,-5.0807,0.0017,5.0807
54.1000,-4.3734,1.8590,0.2297,-0.0360,-5.9731,-1.0091,6.0577
54.2000,-4.6476,0.9914,-0.5253,-1.7991,-6.8010,-1.9940,7.0872
54.3000,-4.7513,0.0875,-1.2818,-3.4823,-7.5331,-2.8958,8.0705
54.4000,-4.6809,-0.8197,-2.0089,-5.0197,-8.1388,-3.6611,8.9243
54.5000,-4.4389,-1.6968,-2.6757,-6.3521,-8.5893,-4.2423,9.5799
54.6000,-4.0341,-2.5117,-3.2533,-7.4280,-8.8590,-4.5999,9.9820
54.7000,-3.4815,-3.2345,-3.7156,-8.2070,-8.9264,-4.7042,10.0901
54.8000,-2.8012,-3.8388,-4.0405,-8.6600,-8.7757,-4.5370,9.8791
54.9000,-2.0183,-4.3023,-4.2110,-8.7713,-8.3973,-4.0918,9.3412
55.0000,-1.1613,-4.6081,-4.2162,-8.5385,-7.7885,-3.3752,8.4884
55.1000,-0.2618,-4.7449,-4.0513,-7.9729,-6.9545,-2.4057,7.3588
55.2000,0.6473,-4.7078,-3.7189,-7.0987,-5.9078,-1.2140,6.0312
55.3000,1.5327,-4.4982,-3.2281,-5.9523,-4.6689,0.1588,4.6716
55.4000,2.3619,-4.1236,-2.5951,-4.5804,-3.2653,1.6624,3.6642
55.5000,3.1045,-3.5979,-1.8419,-3.0382,-1.7313,3.2395,3.6731
55.6000,3.7333,-2.9402,-0.9963,-1.3875,-0.1065,4.8278,4.8290
55.7000,4.2253,-2.1748,-0.0903,0.3063,1.5648,6.3629,6.5525
55.8000,4.5623,-1.3297,0.8407,1.9763,3.2355,7.7804,8.4263
55.9000,4.7321,-0.4358,1.7596,3.5573,4.8570,9.0188,10.2435
56.0000,4.7284,0.4741,2.6290,4.9877,6.3810,10.0220,11.8810
56.1000,4.5514,1.3666,3.4126,6.2126,7.7610,10.7417,13.2521
56.2000,4.2075,2.2090,4.0768,7.1852,8.9543,11.1390,14.2918
56.3000,3.7094,2.9704,4.5922,7.8695,9.9232,11.1865,14.9535
56.4000,3.0753,3.6229,4.9348,8.2405,10.6366,10.8695,15.2080
56.5000,2.3284,4.1426,5.0872,8.2862,11.0714,10.1864,15.0446
56.6000,1.4962,4.5105,5.0392,8.0073,11.2131,9.1492,14.4721
56.7000,0.6092,4.7129,4.7885,7.4172,11.0566,7.7831,13.5213
56.8000,-0.3002,4.7427,4.3413,6.5416,10.6062,6.1259,12.2482
56.9000,-1.1986,4.5985,3.7116,5.4171,9.8763,4.2262,10.7425
57.0000,-2.0531,4.2858,2.9211,4.0899,8.8900,2.1423,9.1445
57.1000,-2.8322,3.8159,1.9984,2.6138,7.6791,-0.0604,7.6793
57.2000,-3.5076,3.2062,0.9781,1.0478,6.2826,-2.3115,6.6943
57.3000,-4.0544,2.4789,-0.1006,-0.5456,4.7454,-4.5380,6.5659
57.4000,-4.4525,1.6608,-1.1955,-2.1038,3.1168,-6.6673,7.3599
57.5000,-4.6874,0.7817,-2.2630,-3.5660,1.4489,-8.6299,8.7507
57.6000,-4.7505,-0.1259,-3.2598,-4.8755,-0.2059,-10.3614,10.3634
57.7000,-4.6394,-1.0290,-4.1445,-5.9823,-1.7959,-11.8052,11.9410
57.8000,-4.3582,-1.8944,-4.8799,-6.8449,-3.2729,-12.9145,13.3228
57.9000,-3.9173,-2.6903,-5.4337,-7.4317,-4.5933,-13.6539,14.4058
58.0000,-3.3328,-3.3875,-5.7806,-7.7221,-5.7199,-14.0005,15.1238
58.1000,-2.6261,-3.9606,-5.9034,-7.7076,-6.6232,-13.9449,15.4378
58.2000,-1.8231,-4.3885,-5.7932,-7.3917,-7.2824,-13.4912,15.3312
58.3000,-0.9533,-4.6556,-5.4506,-6.7896,-7.6862,-12.6568,14.8078
58.4000,-0.0485,-4.7519,-4.8856,-5.9279,-7.8328,-11.4719,13.8909
58.5000,0.8580,-4.6740,-4.1171,-4.8430,-7.7303,-9.9778,12.6220
58.6000,1.7331,-4.4248,-3.1726,-3.5797,-7.3958,-8.2258,11.0617
58.7000,2.5447,-4.0134,-2.0871,-2.1894,-6.8549,-6.2747,9.2931
58.8000,3.2629,-3.4549,-0.9018,-0.7280,-6.1402,-4.1893,7.4332
58.9000,3.8616,-2.7697,0.3376,0.7463,-5.2903,-2.0373,5.6690
59.0000,4.3187,-1.9829,1.5823,2.1755,-4.3478,0.1128,4.3493
59.1000,4.6174,-1.1235,2.7829,3.5041,-3.3577,2.1942,4.0110
59.2000,4.7469,-0.2229,3.8906,4.6809,-2.3651,4.1441,4.7715
59.3000,4.7024,0.6859,4.8600,5.6614,-1.4139,5.9060,6.0729
59.4000,4.4855,1.5695,5.6505,6.4093,-0.5444,7.4316,7.4515
59.5000,4.1041,2.3957,6.2279,6.8978,0.2080,8.6819,8.6844
59.6000,3.5723,3.1339,6.5664,7.1109,0.8148,9.6291,9.6635
59.7000,2.9095,3.7573,6.6490,7.0432,1.2549,10.2565,10.3330
59.8000,2.1401,4.2430,6.4691,6.7007,1.5160,10.5594,10.6677
59.9000,1.2922,4.5731,6.0302,6.1002,1.5950,10.5444,10.6644
60.0000,0.3970,4.7355,5.3463,5.2685,1.4977,10.2293,10.3383
60.1000,-0.5128,4.7244,4.4416,4.2408,1.2392,9.6414,9.7207
60.2000,-1.4039,4.5401,3.3491,3.0602,0.8425,8.8168,8.8570
60.3000,-2.2434,4.1893,2.1098,1.7748,0.3379,7.7983,7.8056
60.4000,-3.0007,3.6849,0.7713,0.4365,-0.2384,6.6335,6.6378
60.5000,-3.6480,3.0455,-0.6144,-0.9014,-0.8464,5.3730,5.4393
60.6000,-4.1616,2.2944,-1.9930,-2.1864,-1.4435,4.0682,4.3167
60.7000,-4.5226,1.4592,-3.3094,-3.3687,-1.9870,2.7692,3.4083
60.8000,-4.7178,0.5705,-4.5105,-4.4032,-2.4358,1.5228,2.8727
60.9000,-4.7400,-0.3391,-5.5474,-5.2512,-2.7525,0.3711,2.7774
61.0000,-4.5885,-1.2363,-6.3769,-5.8819,-2.9050,-0.6505,2.9769
61.1000,-4.2688,-2.0881,-6.9635,-6.2737,-2.8686,-1.5141,3.2436
61.2000,-3.7926,-2.8634,-7.2813,-6.4143,-2.6267,-2.2005,3.4266
61.3000,-3.1773,-3.5338,-7.3146,-6.3020,-2.1725,-2.6991,3.4648
61.4000,-2.4456,-4.0745,-7.0589,-5.9446,-1.5090,-3.0086,3.3658
61.5000,-1.6242,-4.4660,-6.5213,-5.3600,-0.6496,-3.1363,3.2028
61.6000,-0.7433,-4.6937,-5.7198,-4.5743,0.3827,-3.0974,3.1209
61.7000,0.1649,-4.7493,-4.6837,-3.6215,1.5551,-2.9143,3.3032
61.8000,1.0670,-4.6308,-3.4514,-2.5417,2.8269,-2.6151,3.8510
61.9000,1.9300,-4.3426,-2.0698,-1.3792,4.1507,-2.2321,4.7128
62.0000,2.7223,-3.8951,-0.5922,-0.1810,5.4741,-1.8003,5.7625
62.1000,3.4148,-3.3049,0.9238,1.0050,6.7419,-1.3554,6.8768
62.2000,3.9820,-2.5935,2.4185,2.1325,7.8982,-0.9325,7.9531
62.3000,4.4033,-1.7870,3.8324,3.1581,8.8888,-0.5640,8.9067
62.4000,4.6632,-0.9151,5.1086,4.0429,9.6634,-0.2786,9.6674
62.5000,4.7521,-0.0095,6.1954,4.7546,10.1779,-0.0994,10.1784
62.6000,4.6668,0.8963,7.0478,5.2680,10.3963,-0.0432,10.3964
62.7000,4.4105,1.7693,7.6298,5.5662,10.2925,-0.1199,10.2932
62.8000,3.9924,2.5775,7.9159,5.6413,9.8514,-0.3316,9.8570
62.9000,3.4280,3.2912,7.8920,5.4941,9.0704,-0.6730,9.0953
63.0000,2.7379,3.8842,7.5563,5.1344,7.9593,-1.1313,8.0393
63.1000,1.9475,4.3348,6.9194,4.5802,6.5408,-1.6870,6.7548
63.2000,1.0856,4.6265,6.0037,3.8569,4.8493,-2.3148,5.3735
63.3000,0.1840,4.7486,4.8432,2.9960,2.9310,-2.9844,4.1829
63.4000,-0.7244,4.6966,3.4817,2.0341,0.8412,-3.6623,3.7577
63.5000,-1.6063,4.4724,1.9714,1.0111,-1.3565,-4.3131,4.5214
63.6000,-2.4292,4.0843,0.3707,-0.0316,-3.5929,-4.9010,6.0769
63.7000,-3.1631,3.5465,-1.2576,-1.0523,-5.7955,-5.3916,7.9156
63.8000,-3.7810,2.8786,-2.8494,-2.0114,-7.8913,-5.7532,9.7659
63.9000,-4.2604,2.1053,-4.3415,-2.8721,-9.8092,-5.9584,11.4771
64.0000,-4.5835,1.2547,-5.6740,-3.6024,-11.4828,-5.9854,12.9492
64.1000,-4.7386,0.3581,-6.7930,-4.1762,-12.8529,-5.8190,14.1088
64.2000,-4.7200,-0.5516,-7.6526,-4.5741,-13.8697,-5.4512,14.9025
64.3000,-4.5284,-1.4410,-8.2169,-4.7840,-14.4948,-4.8818,15.2948
64.4000,-4.1707,-2.2777,-8.4614,-4.8017,-14.7028,-4.1188,15.2688
64.5000,-3.6602,-3.0308,-8.3741,-4.6307,-14.4823,-3.1775,14.8268
64.6000,-3.0155,-3.6728,-7.9561,-4.2818,-13.8364,-2.0810,13.9920
64.7000,-2.2602,-4.1802,-7.2215,-3.7729,-12.7828,-0.8585,12.8116
64.8000,-1.4221,-4.5344,-6.1972,-3.1278,-11.3533,0.4550,11.3624
64.9000,-0.5318,-4.7223,-4.9217,-2.3751,-9.5926,1.8206,9.7639
65.0000,0.3779,-4.7371,-3.4436,-1.5471,-7.5570,3.1965,8.2053
65.1000,1.2738,-4.5782,-1.8200,-0.6785,-5.3122,4.5394,6.9876
65.2000,2.1230,-4.2515,-0.1142,0.1954,-2.9310,5.8067,6.5045
65.3000,2.8944,-3.7690,1.6071,1.0397,-0.4906,6.9575,6.9748
65.4000,3.5597,-3.1483,3.2760,1.8216,1.9298,7.9543,8.1850
65.5000,4.0945,-2.4121,4.8262,2.5118,4.2524,8.7642,9.7414
65.6000,4.4791,-1.5876,6.1958,3.0851,6.4033,9.3603,11.3410
65.7000,4.6996,-0.7048,7.3296,3.5217,8.3152,9.7225,12.7934
65.8000,4.7478,0.2038,8.1815,3.8079,9.9299,9.8383,13.9784
65.9000,4.6219,1.1049,8.7161,3.9364,11.2003,9.7028,14.8186
66.0000,4.3266,1.9656,8.9106,3.9064,12.0920,9.3194,15.2666
66.1000,3.8727,2.7541,8.7554,3.7233,12.5847,8.6991,15.2987
66.2000,3.2768,3.4417,8.2546,3.3989,12.6724,7.8603,14.9123
66.3000,2.5608,4.0032,7.4261,2.9501,12.3641,6.8280,14.1242
66.4000,1.7509,4.4178,6.3009,2.3984,11.6824,5.6328,12.9694
66.5000,0.8768,4.6706,4.9217,1.7690,10.6634,4.3096,11.5014
66.6000,-0.0294,4.7521,3.3418,1.0894,9.3547,2.8969,9.7930
66.7000,-0.9346,4.6593,1.6224,0.3882,7.8132,1.4346,7.9439
66.8000,-1.8054,4.3958,-0.1694,-0.3056,6.1035,-0.0365,6.1036
66.9000,-2.6101,3.9712,-1.9632,-0.9646,4.2945,-1.4770,4.5414
67.0000,-3.3191,3.4009,-3.6883,-1.5634,2.4573,-2.8493,3.7626
67.1000,-3.9065,2.7060,-5.2763,-2.0798,0.6619,-4.1194,4.1722
67.2000,-4.3506,1.9119,-6.6640,-2.4959,-1.0253,-5.2575,5.3566
67.3000,-4.6352,1.0476,-7.7957,-2.7983,-2.5438,-6.2391,6.7378
67.4000,-4.7499,0.1450,-8.6258,-2.9787,-3.8421,-7.0455,8.0250
67.5000,-4.6905,-0.7629,-9.1201,-3.0343,-4.8788,-7.6638,9.0850
67.6000,-4.4591,-1.6429,-9.2577,-2.9671,-5.6245,-8.0878,9.8513
67.7000,-4.0643,-2.4626,-9.0318,-2.7845,-6.0630,-8.3169,10.2923
67.8000,-3.5204,-3.1921,-8.4498,-2.4982,-6.1914,-8.3566,10.4003
67.9000,-2.8475,-3.8045,-7.5332,-2.1238,-6.0202,-8.2175,10.1867
68.0000,-2.0703,-4.2775,-6.3168,-1.6800,-5.5727,-7.9144,9.6795
68.1000,-1.2171,-4.5936,-4.8475,-1.1877,-4.8838,-7.4663,8.9217
68.2000,-0.3193,-4.7414,-3.1822,-0.6691,-3.9983,-6.8945,7.9699
68.3000,0.5902,-4.7153,-1.3858,-0.1464,-2.9691,-6.2221,6.8942
68.4000,1.4781,-4.5164,0.4714,0.3587,-1.8546,-5.4733,5.7789
68.5000,2.3118,-4.1519,2.3163,0.8260,-0.7162,-4.6717,4.7263
68.6000,3.0607,-3.6352,4.0763,1.2380,0.3842,-3.8403,3.8595
68.7000,3.6974,-2.9853,5.6818,1.5801,1.3873,-3.0002,3.3054
68.8000,4.1986,-2.2259,7.0690,1.8412,2.2386,-2.1699,3.1177
68.9000,4.5459,-1.3849,8.1825,2.0144,2.8912,-1.3655,3.1975
69.0000,4.7265,-0.4931,8.9778,2.0966,3.3076,-0.5997,3.3615
69.1000,4.7338,0.4168,9.4226,2.0889,3.4612,0.1180,3.4632
69.2000,4.5676,1.3113,9.4983,1.9962,3.3383,0.7813,3.4285
69.3000,4.2340,2.1578,9.2010,1.8269,2.9377,1.3868,3.2486
69.4000,3.7451,2.9252,8.5413,1.5922,2.2719,1.9338,2.9835
69.5000,3.1190,3.5854,7.5444,1.3059,1.3660,2.4238,2.7822
69.6000,2.3785,4.1141,6.2486,0.9832,0.2570,2.8601,2.8716
69.7000,1.5508,4.4920,4.7043,0.6403,-1.0077,3.2470,3.3998
69.8000,0.6662,4.7052,2.9716,0.2932,-2.3722,3.5895,4.3026
69.9000,-0.2427,4.7459,1.1184,-0.0423,-3.7745,3.8924,5.4219
70.0000,-1.1428,4.6127,-0.7827,-0.3522,-5.1487,4.1599,6.6193
70.1000,-2.0010,4.3103,-2.6569,-0.6242,-6.4285,4.3955,7.7875
70.2000,-2.7858,3.8500,-4.4304,-0.8485,-7.5490,4.6009,8.8406
70.3000,-3.4685,3.2485,-6.0332,-1.0180,-8.4506,4.7767,9.7072
70.4000,-4.0240,2.5279,-7.4019,-1.1286,-9.0806,4.9215,10.3285
70.5000,-4.4320,1.7146,-8.4823,-1.1795,-9.3962,5.0323,10.6589
70.6000,-4.6776,0.8385,-9.2312,-1.1726,-9.3663,5.1046,10.6670
70.7000,-4.7517,-0.0684,-9.6189,-1.1125,-8.9729,5.1328,10.3373
70.8000,-4.6515,-0.9727,-9.6294,-1.0064,-8.2124,5.1103,9.6726
70.9000,-4.3809,-1.8414,-9.2618,-0.8633,-7.0958,5.0300,8.6978
71.0000,-3.9496,-2.6426,-8.5301,-0.6934,-5.6487,4.8850,7.4680
71.1000,-3.3736,-3.3469,-7.4626,-0.5079,-3.9104,4.6693,6.0904
71.2000,-2.6739,-3.9285,-6.1010,-0.3181,-1.9330,4.3776,4.7854
71.3000,-1.8761,-4.3661,-4.4984,-0.1348,0.2207,4.0066,4.0127
71.4000,-1.0096,-4.6437,-2.7178,0.0321,2.4794,3.5551,4.3343
71.5000,-0.1061,-4.7510,-0.8288,0.1743,4.7658,3.0242,5.6443
71.6000,0.8013,-4.6841,1.0941,0.2853,6.9995,2.4180,7.4053
71.7000,1.6794,-4.4455,2.9755,0.3608,9.1000,1.7432,9.2655
71.8000,2.4958,-4.0440,4.7412,0.3989,10.9901,1.0096,11.0364
71.9000,3.2208,-3.4942,6.3218,0.3999,12.5982,0.2295,12.6003
72.0000,3.8277,-2.8163,7.6551,0.3667,13.8617,-0.5822,13.8739
72.1000,4.2943,-2.0351,8.6884,0.3041,14.7290,-1.4086,14.7962
72.2000,4.6035,-1.1794,9.3812,0.2185,15.1621,-2.2315,15.3254
72.3000,4.7439,-0.2804,9.7059,0.1178,15.1376,-3.0315,15.4382
72.4000,4.7104,0.6289,9.6498,0.0109,14.6482,-3.7889,15.1302
72.5000,4.5042,1.5151,9.2151,-0.0934,13.7026,-4.4848,14.4178
72.6000,4.1328,2.3457,8.4189,-0.1861,12.3259,-5.1011,13.3398
72.7000,3.6100,3.0904,7.2924,-0.2593,10.5585,-5.6216,11.9618
72.8000,2.9549,3.7218,5.8800,-0.3061,8.4546,-6.0326,10.3862
72.9000,2.1914,4.2167,4.2374,-0.3213,6.0805,-6.3234,8.7725
73.0000,1.3475,4.5571,2.4291,-0.3020,3.5121,-6.4865,7.3763
73.1000,0.4543,4.7304,0.5263,-0.2471,0.8325,-6.5183,6.5712
73.2000,-0.4555,4.7303,-1.3961,-0.1581,-1.8715,-6.4187,6.6860
73.3000,-1.3487,4.5567,-3.2626,-0.0386,-4.5122,-6.1917,7.6614
73.4000,-2.1925,4.2162,-4.9999,0.1054,-7.0044,-5.8447,9.1226
73.5000,-2.9558,3.7210,-6.5398,0.2662,-9.2680,-5.3887,10.7207
73.6000,-3.6108,3.0895,-7.8218,0.4347,-11.2315,-4.8375,12.2290
73.7000,-4.1335,2.3447,-8.7959,0.6006,-12.8343,-4.2070,13.5062
73.8000,-4.5045,1.5139,-9.4241,0.7533,-14.0285,-3.5153,14.4622
73.9000,-4.7105,0.6276,-9.6820,0.8822,-14.7811,-2.7813,15.0405
74.0000,-4.7438,-0.2816,-9.5599,0.9775,-15.0747,-2.0240,15.2100
74.1000,-4.6032,-1.1806,-9.0631,1.0306,-14.9081,-1.2625,14.9615
74.2000,-4.2938,-2.0362,-8.2116,1.0347,-14.2962,-0.5143,14.3055
74.3000,-3.8270,-2.8173,-7.0393,0.9855,-13.2693,0.2045,13.2708
74.4000,-3.2199,-3.4950,-5.5928,0.8810,-11.8715,0.8801,11.9041
74.5000,-2.4948,-4.0446,-3.9294,0.7222,-10.1595,1.5014,10.2698
74.6000,-1.6782,-4.4459,-2.1146,0.5129,-8.1996,2.0602,8.4545
74.7000,-0.8001,-4.6843,-0.2201,0.2598,-6.0657,2.5512,6.5804
74.8000,0.1073,-4.7509,1.6795,-0.0277,-3.8361,2.9722,4.8528
74.9000,1.0108,-4.6434,3.5096,-0.3380,-1.5905,3.3240,3.6849
75.0000,1.8773,-4.3656,5.1985,-0.6576,0.5929,3.6097,3.6581
75.1000,2.6749,-3.9278,6.6801,-0.9718,2.6404,3.8348,4.6559
75.2000,3.3745,-3.3460,7.8967,-1.2652,4.4855,4.0060,6.0140
75.3000,3.9503,-2.6416,8.8009,-1.5227,6.0711,4.1315,7.3436
75.4000,4.3814,-1.8403,9.3581,-1.7300,7.3520,4.2196,8.4768
75.5000,4.6518,-0.9715,9.5472,-1.8745,8.2959,4.2783,9.3341
75.6000,4.7517,-0.0671,9.3616,-1.9457,8.8845,4.3149,9.8768
75.7000,4.6774,0.8397,8.8096,-1.9361,9.1140,4.3352,10.0926
75.8000,4.4316,1.7158,7.9138,-1.8415,8.9951,4.3433,9.9888
75.9000,4.0234,2.5289,6.7104,-1.6615,8.5518,4.3410,9.5905
76.0000,3.4676,3.2494,5.2475,-1.3996,7.8204,4.3277,8.9380
76.1000,2.7848,3.8507,3.5832,-1.0628,6.8478,4.3004,8.0861
76.2000,1.9999,4.3109,1.7835,-0.6624,5.6892,4.2536,7.1036
76.3000,1.1416,4.6130,-0.0804,-0.2127,4.4058,4.1800,6.0732
76.4000,0.2415,4.7460,-1.9353,0.2692,3.0620,4.0704,5.0935
76.5000,-0.6675,4.7050,-3.7082,0.7637,1.7226,3.9145,4.2768
76.6000,-1.5519,4.4916,-5.3299,1.2501,0.4503,3.7017,3.7290
76.7000,-2.3795,4.1135,-6.7372,1.7070,-0.6971,3.4214,3.4917
76.8000,-3.1199,3.5846,-7.8755,2.1134,-1.6692,3.0641,3.4892
76.9000,-3.7459,2.9243,-8.7012,2.4498,-2.4249,2.6219,3.5713
77.0000,-4.2345,2.1567,-9.1829,2.6987,-2.9339,2.0897,3.6020
77.1000,-4.5680,1.3101,-9.3031,2.8460,-3.1781,1.4652,3.4996
77.2000,-4.7339,0.4155,-9.0584,2.8812,-3.1524,0.7501,3.2404
77.3000,-4.7264,-0.4943,-8.4598,2.7984,-2.8644,-0.0500,2.8648
77.4000,-4.5455,-1.3860,-7.5323,2.5964,-2.3342,-0.9252,2.5108
77.5000,-4.1980,-2.2270,-6.3136,2.2791,-1.5933,-1.8610,2.4499
77.6000,-3.6967,-2.9862,-4.8528,1.8556,-0.6835,-2.8389,2.9200
77.7000,-3.0598,-3.6360,-3.2083,1.3397,0.3454,-3.8365,3.8520
77.8000,-2.3107,-4.1525,-1.4454,0.7497,1.4376,-4.8280,5.0375
77.9000,-1.4769,-4.5168,0.3661,0.1074,2.5337,-5.7852,6.3157
78.0000,-0.5890,-4.7155,2.1549,-0.5620,3.5736,-6.6783,7.5744
78.1000,0.3205,-4.7413,3.8509,-1.2318,4.4986,-7.4770,8.7260
78.2000,1.2183,-4.5933,5.3879,-1.8741,5.2547,-8.1514,9.6983
78.3000,2.0714,-4.2770,6.7065,-2.4614,5.7943,-8.6735,10.4309
78.4000,2.8485,-3.8038,7.7558,-2.9676,6.0788,-9.0182,10.8757
78.5000,3.5213,-3.1912,8.4961,-3.3692,6.0803,-9.1646,10.9982
78.6000,4.0649,-2.4616,8.8998,-3.6464,5.7827,-9.0967,10.7792
78.7000,4.4596,-1.6417,8.9530,-3.7840,5.1828,-8.8047,10.2169
78.8000,4.6907,-0.7617,8.6553,-3.7721,4.2905,-8.2854,9.3305
78.9000,4.7499,0.1463,8.0203,-3.6067,3.1286,-7.5428,8.1659
79.0000,4.6350,1.0488,7.0749,-3.2902,1.7320,-6.5879,6.8118
79.1000,4.3501,1.9130,5.8578,-2.8312,0.1465,-5.4396,5.4415
79.2000,3.9058,2.7070,4.4183,-2.2445,-1.5727,-4.1231,4.4128
79.3000,3.3183,3.4018,2.8144,-1.5506,-3.3637,-2.6702,4.2947
79.4000,2.6091,3.9718,1.1097,-0.7750,-5.1596,-1.1183,5.2794
79.5000,1.8043,4.3963,-0.6280,0.0530,-6.8914,0.4914,6.9089
79.6000,0.9333,4.6596,-2.3305,0.9009,-8.4909,2.1141,8.7501
79.7000,0.0282,4.7521,-3.9311,1.7348,-9.8930,3.7040,10.5637
79.8000,-0.8780,4.6703,-5.3677,2.5202,-11.0387,5.2149,12.2085
79.9000,-1.7520,4.4174,-6.5849,3.2240,-11.8771,6.6025,13.5889
80.0000,-2.5618,4.0025,-7.5363,3.8157,-12.3677,7.8256,14.6356
80.1000,-3.2777,3.4409,-8.1864,4.2685,-12.4822,8.8475,15.2998
80.2000,-3.8734,2.7531,-8.5117,4.5606,-12.2052,9.6379,15.5517
80.3000,-4.3271,1.9644,-8.5015,4.6763,-11.5356,10.1733,15.3807
80.4000,-4.6222,1.1037,-8.1587,4.6071,-10.4863,10.4384,14.7960
80.5000,-4.7478,0.2026,-7.4990,4.3512,-9.0840,10.4266,13.8287
80.6000,-4.6994,-0.7060,-6.5505,3.9150,-7.3684,10.1402,12.5346
80.7000,-4.4787,-1.5887,-5.3526,3.3120,-5.3906,9.5905,11.0017
80.8000,-4.0938,-2.4132,-3.9540,2.5628,-3.2116,8.7975,9.3654
80.9000,-3.5589,-3.1492,-2.4112,1.6947,-0.8999,7.7888,7.8406
81.0000,-2.8934,-3.7697,-0.7858,0.7400,1.4710,6.5991,6.7611
81.1000,-2.1219,-4.2521,0.8579,-0.2645,3.8251,5.2688,6.5109
81.2000,-1.2727,-4.5786,2.4550,-1.2794,6.0868,3.8423,7.1981
81.3000,-0.3767,-4.7372,3.9434,-2.2640,8.1834,2.3668,8.5188
81.4000,0.5330,-4.7222,5.2655,-3.1780,10.0480,0.8900,10.0874
81.5000,1.4233,-4.5340,6.3707,-3.9834,11.6216,-0.5411,11.6342
81.6000,2.2613,-4.1796,7.2174,-4.6455,12.8554,-1.8823,12.9925
81.7000,3.0164,-3.6721,7.7746,-5.1349,13.7122,-3.0936,14.0569
81.8000,3.6610,-3.0299,8.0228,-5.4287,14.1680,-4.1410,14.7608
81.9000,4.1713,-2.2766,7.9550,-5.5115,14.2126,-4.9973,15.0655
82.0000,4.5288,-1.4399,7.5764,-5.3758,13.8494,-5.6432,14.9550
82.1000,4.7202,-0.5503,6.9048,-5.0233,13.0959,-6.0680,14.4334
82.2000,4.7385,0.3594,5.9690,-4.4641,11.9824,-6.2700,13.5237
82.3000,4.5832,1.2559,4.8082,-3.7170,10.5506,-6.2560,12.2659
82.4000,4.2598,2.1064,3.4700,-2.8086,8.8525,-6.0414,10.7175
82.5000,3.7803,2.8796,2.0086,-1.7724,6.9476,-5.6490,8.9544
82.6000,3.1622,3.5473,0.4825,-0.6478,4.9016,-5.1080,7.0794
82.7000,2.4282,4.0850,-1.0479,0.5216,2.7828,-4.4531,5.2511
82.8000,1.6051,4.4729,-2.5223,1.6899,0.6606,-3.7222,3.7804
82.9000,0.7232,4.6968,-3.8834,2.8102,-1.3976,-2.9555,3.2693
83.0000,-0.1852,4.7485,-5.0790,3.8370,-3.3289,-2.1928,3.9862
83.1000,-1.0868,4.6262,-6.0637,4.7278,-5.0764,-1.4728,5.2857
83.2000,-1.9486,4.3343,-6.8011,5.4447,-6.5919,-0.8305,6.6440
83.3000,-2.7389,3.8835,-7.2648,5.9564,-7.8368,-0.2962,7.8424
83.4000,-3.4289,3.2903,-7.4393,6.2393,-8.7837,0.1063,8.7844
83.5000,-3.9931,2.5765,-7.3208,6.2787,-9.4169,0.3602,9.4238
83.6000,-4.4109,1.7682,-6.9173,6.0692,-9.7325,0.4570,9.7433
83.7000,-4.6671,0.8951,-6.2475,5.6155,-9.7383,0.3967,9.7463
83.8000,-4.7521,-0.0108,-5.3408,4.9323,-9.4529,0.1876,9.4548
83.9000,-4.6630,-0.9163,-4.2353,4.0433,-8.9051,-0.1537,8.9064
84.0000,-4.4029,-1.7882,-2.9767,2.9811,-8.1317,-0.6031,8.1541
84.1000,-3.9814,-2.5945,-1.6161,1.7856,-7.1766,-1.1303,7.2651
84.2000,-3.4139,-3.3058,-0.2082,0.5026,-6.0879,-1.6999,6.3208
84.3000,-2.7213,-3.8958,1.1912,-0.8180,-4.9166,-2.2728,5.4166
84.4000,-1.9289,-4.3431,2.5272,-2.1241,-3.7141,-2.8088,4.6566
84.5000,-1.0658,-4.6311,3.7481,-3.3636,-2.5299,-3.2675,4.1324
84.6000,-0.1637,-4.7493,4.8074,-4.4861,-1.4100,-3.6107,3.8762
84.7000,0.7445,-4.6935,5.6654,-5.4455,-0.3950,-3.8043,3.8248
84.8000,1.6254,-4.4655,6.2909,-6.2014,0.4814,-3.8200,3.8502
84.9000,2.4467,-4.0739,6.6623,-6.7213,1.1937,-3.6365,3.8274
85.0000,3.1782,-3.5329,6.7682,-6.9815,1.7253,-3.2411,3.6717
85.1000,3.7933,-2.8624,6.6080,-6.9683,2.0688,-2.6303,3.3464
85.2000,4.2693,-2.0870,6.1913,-6.6790,2.2263,-1.8106,2.8697
85.3000,4.5888,-1.2351,5.5380,-6.1217,2.2086,-0.7985,2.3485
85.4000,4.7401,-0.3379,4.6768,-5.3154,2.0347,0.3803,2.0699
85.5000,4.7176,0.5717,3.6446,-4.2892,1.7306,1.6906,2.4194
85.6000,4.5222,1.4604,2.4841,-3.0813,1.3280,3.0901,3.3633
85.7000,4.1610,2.2955,1.2428,-1.7375,0.8625,4.5297,4.6110
85.8000,3.6472,3.0464,-0.0293,-0.3097,0.3720,5.9561,5.9677
85.9000,2.9997,3.6857,-1.2818,1.1463,-0.1051,7.3138,7.3145
86.0000,2.2423,4.1899,-2.4658,2.5732,-0.5319,8.5466,8.5631
86.1000,1.4027,4.5404,-3.5357,3.9138,-0.8746,9.6006,9.6404
86.2000,0.5116,4.7245,-4.4511,5.1141,-1.1040,10.4262,10.4845
86.3000,-0.3982,4.7354,-5.1783,6.1249,-1.1971,10.9800,11.0451
86.4000,-1.2934,4.5727,-5.6916,6.9043,-1.1380,11.2271,11.2846
86.5000,-2.1412,4.2424,-5.9741,7.4187,-0.9187,11.1423,11.1801
86.6000,-2.9105,3.7566,-6.0183,7.6452,-0.5394,10.7118,10.7254
86.7000,-3.5731,3.1330,-5.8262,7.5719,-0.0088,9.9339,9.9339
86.8000,-4.1047,2.3946,-5.4092,7.1986,0.6566,8.8195,8.8439
86.9000,-4.4859,1.5684,-4.7873,6.5372,1.4329,7.3919,7.5295
87.0000,-4.7026,0.6847,-3.9884,5.6112,2.2898,5.6863,6.1301
87.1000,-4.7469,-0.2241,-3.0469,4.4546,3.1920,3.7491,4.9239
87.2000,-4.6171,-1.1247,-2.0022,3.1112,4.1007,1.6360,4.4150
87.3000,-4.3182,-1.9840,-0.8973,1.6323,4.9750,-0.5897,5.0098
87.4000,-3.8609,-2.7707,0.2232,0.0755,5.7740,-2.8590,6.4430
87.5000,-3.2620,-3.4557,1.3150,-1.4985,6.4581,-5.0999,8.2290
87.6000,-2.5436,-4.0141,2.3356,-3.0274,6.9914,-7.2400,10.0646
87.7000,-1.7320,-4.4253,3.2459,-4.4503,7.3422,-9.2087,11.7774
87.8000,-0.8568,-4.6743,4.0122,-5.7099,7.4855,-10.9404,13.2561
87.9000,0.0497,-4.7519,4.6069,-6.7550,7.4034,-12.3765,14.4218
88.0000,0.9545,-4.6553,5.0097,-7.5423,7.0861,-13.4678,15.2182
88.1000,1.8242,-4.3881,5.2085,-8.0387,6.5325,-14.1761,15.6089
88.2000,2.6271,-3.9600,5.1993,-8.2219,5.7505,-14.4763,15.5766
88.3000,3.3337,-3.3867,4.9865,-8.0823,4.7563,-14.3567,15.1241
88.4000,3.9180,-2.6893,4.5826,-7.6227,3.5746,-13.8199,14.2747
88.5000,4.3587,-1.8932,4.0073,-6.8588,2.2371,-12.8828,13.0756
88.6000,4.6397,-1.0278,3.2870,-5.8185,0.7820,-11.5758,11.6022
88.7000,4.7505,-0.1247,2.4529,-4.5407,-0.7480,-9.9422,9.9703
88.8000,4.6872,0.7830,1.5405,-3.0743,-2.3068,-8.0362,8.3607
88.9000,4.4521,1.6619,0.5874,-1.4757,-3.8466,-5.9211,7.0609
89.0000,4.0537,2.4800,-0.3677,0.1928,-5.3197,-3.6673,6.4612
89.1000,3.5068,3.2071,-1.2871,1.8657,-6.6803,-1.3491,6.8151
89.2000,2.8313,3.8167,-2.1351,3.4770,-7.8860,0.9572,7.9438
89.3000,2.0519,4.2863,-2.8799,4.9625,-8.8993,3.1768,9.4493
89.4000,1.1974,4.5988,-3.4942,6.2627,-9.6888,5.2387,11.0144
89.5000,0.2990,4.7427,-3.9568,7.3250,-10.2307,7.0786,12.4408
89.6000,-0.6104,4.7128,-4.2530,8.1057,-10.5088,8.6407,13.6050
89.7000,-1.4974,4.5101,-4.3748,8.5722,-10.5157,9.8803,14.4292
89.8000,-2.3295,4.1420,-4.3218,8.7039,-10.2526,10.7650,14.8661
89.9000,-3.0762,3.6221,-4.1004,8.4936,-9.7291,11.2756,14.8927
90.0000,-3.7102,2.9694,-3.7234,7.9474,-8.9629,11.4072,14.5071
90.1000,-4.2081,2.2079,-3.2099,7.0848,-7.9789,11.1688,13.7260
90.2000,-4.5518,1.3654,-2.5838,5.9379,-6.8083,10.5827,12.5836
90.3000,-4.7286,0.4729,-1.8728,4.5502,-5.4875,9.6840,11.1307
90.4000,-4.7320,-0.4370,-1.1075,2.9753,-4.0563,8.5184,9.4349
90.5000,-4.5620,-1.3308,-0.3200,1.2740,-2.5572,7.1406,7.5847
90.6000,-4.2247,-2.1759,0.4580,-0.4870,-1.0330,5.6121,5.7064
90.7000,-3.7326,-2.9412,1.1956,-2.2387,0.4740,3.9984,4.0264
90.8000,-3.1036,-3.5987,1.8645,-3.9119,1.9235,2.3665,3.0496
90.9000,-2.3609,-4.1242,2.4401,-5.4401,3.2787,0.7824,3.3707
91.0000,-1.5316,-4.4986,2.9020,-6.7622,4.5072,-0.6922,4.5601
91.1000,-0.6461,-4.7080,3.2352,-7.8250,5.5822,-2.0015,5.9302
91.2000,0.2630,-4.7449,3.4303,-8.5853,6.4827,-3.0985,7.1851
91.3000,1.1625,-4.6078,3.4836,-9.0115,7.1941,-3.9465,8.2055
91.4000,2.0194,-4.3017,3.3976,-9.0851,7.7086,-4.5204,8.9363
91.5000,2.8022,-3.8380,3.1801,-8.8016,8.0249,-4.8079,9.3549
91.6000,3.4823,-3.2336,2.8440,-8.1705,8.1475,-4.8097,9.4613
91.7000,4.0348,-2.5106,2.4070,-7.2149,8.0869,-4.5392,9.2738
91.8000,4.4393,-1.6956,1.8899,-5.9712,7.8583,-4.0219,8.8277
91.9000,4.6811,-0.8185,1.3163,-4.4871,7.4807,-3.2944,8.1740
92.0000,4.7513,0.0887,0.7115,-2.8199,6.9763,-2.4025,7.3784
92.1000,4.6473,0.9926,0.1009,-1.0348,6.3690,-1.3989,6.5208
92.2000,4.3730,1.8601,-0.4905,0.7986,5.6838,-0.3416,5.6940
92.3000,3.9383,2.6595,-1.0394,2.6079,4.9454,0.7094,4.9960
92.4000,3.3592,3.3613,-1.5252,4.3220,4.1773,1.6946,4.5080
92.5000,2.6570,3.9399,-1.9304,5.8727,3.4015,2.5571,4.2555
92.6000,1.8574,4.3741,-2.2417,7.1984,2.6368,3.2461,4.1821
92.7000,0.9898,4.6479,-2.4503,8.2461,1.8994,3.7181,4.1752
92.8000,0.0858,4.7514,-2.5517,8.9732,1.2017,3.9400,4.1192
92.9000,-0.8213,4.6806,-2.5462,9.3502,0.5527,3.8896,3.9287
93.0000,-1.6984,4.4383,-2.4387,9.3609,-0.0423,3.5575,3.5578
93.1000,-2.5131,4.0333,-2.2381,9.0036,-0.5814,2.9475,3.0043
93.2000,-3.2357,3.4804,-1.9569,8.2913,-1.0654,2.0762,2.3336
93.3000,-3.8397,2.7999,-1.6103,7.2507,-1.4980,0.9730,1.7862
93.4000,-4.3030,2.0167,-1.2159,5.9219,-1.8845,-0.3211,1.9116
93.5000,-4.6085,1.1597,-0.7925,4.3564,-2.2316,-1.7552,2.8391
93.6000,-4.7450,0.2601,-0.3593,2.6150,-2.5466,-3.2704,4.1449
93.7000,-4.7076,-0.6490,0.0650,0.7659,-2.8366,-4.8021,5.5773
93.8000,-4.4976,-1.5343,0.4629,-1.1183,-3.1080,-6.2827,7.0094
93.9000,-4.1228,-2.3634,0.8189,-2.9637,-3.3661,-7.6443,8.3526
94.0000,-3.5968,-3.1058,1.1199,-4.6974,-3.6142,-8.8218,9.5334
94.1000,-2.9389,-3.7344,1.3561,-6.2509,-3.8537,-9.7551,10.4887
94.2000,-2.1733,-4.2261,1.5210,-7.5625,-4.0839,-10.3923,11.1659
94.3000,-1.3281,-4.5628,1.6115,-8.5802,-4.3015,-10.6915,11.5244
94.4000,-0.4341,-4.7323,1.6282,-9.2630,-4.5014,-10.6233,11.5376
94.5000,0.4758,-4.7283,1.5747,-9.5834,-4.6764,-10.1716,11.1951
94.6000,1.3682,-4.5509,1.4580,-9.5281,-4.8177,-9.3350,10.5049
94.7000,2.2105,-4.2067,1.2874,-9.0984,-4.9157,-8.1270,9.4980
94.8000,2.9717,-3.7083,1.0742,-8.3105,-4.9601,-6.5760,8.2368
94.9000,3.6240,-3.0740,0.8313,-7.1948,-4.9408,-4.7239,6.8357
95.0000,4.1434,-2.3270,0.5719,-5.7946,-4.8484,-2.6257,5.5137
95.1000,4.5110,-1.4946,0.3095,-4.1644,-4.6751,-0.3466,4.6879
95.2000,4.7132,-0.6075,0.0570,-2.3682,-4.4146,2.0394,4.8629
95.3000,4.7425,0.3019,-0.1742,-0.4763,-4.0635,4.4527,6.0282
95.4000,4.5981,1.2002,-0.3743,1.4370,-3.6210,6.8111,7.7138
95.5000,4.2850,2.0546,-0.5355,3.2964,-3.0894,9.0323,9.5460
95.6000,3.8149,2.8336,-0.6529,5.0288,-2.4743,11.0375,11.3114
95.7000,3.2050,3.5087,-0.7238,6.5657,-1.7845,12.7541,12.8783
95.8000,2.4775,4.0552,-0.7484,7.8465,-1.0320,14.1188,14.1564
95.9000,1.6592,4.4531,-0.7294,8.8206,-0.2313,15.0795,15.0812
96.0000,0.7801,4.6877,-0.6715,9.4493,0.6003,15.5978,15.6094
96.1000,-0.1276,4.7504,-0.5817,9.7077,1.4442,15.6505,15.7170
96.2000,-1.0307,4.6390,-0.4683,9.5851,2.2803,15.2302,15.4000
96.3000,-1.8959,4.3576,-0.3406,9.0863,3.0881,14.3462,14.6748
96.4000,-2.6917,3.9164,-0.2082,8.2306,3.8475,13.0237,13.5801
96.5000,-3.3887,3.3316,-0.0807,7.0515,4.5391,11.3034,12.1807
96.6000,-3.9616,2.6247,0.0331,5.5950,5.1454,9.2400,10.5761
96.7000,-4.3892,1.8215,0.1255,3.9186,5.6511,6.9001,8.9189
96.8000,-4.6559,0.9516,0.1907,2.0879,6.0439,4.3597,7.4523
96.9000,-4.7519,0.0468,0.2244,0.1749,6.3146,1.7019,6.5399
97.0000,-4.6737,-0.8597,0.2249,-1.7451,6.4576,-0.9867,6.5325
97.1000,-4.4242,-1.7347,0.1924,-3.5967,6.4710,-3.6185,7.4140
97.2000,-4.0125,-2.5461,0.1296,-5.3071,6.3569,-6.1088,8.8164
97.3000,-3.4537,-3.2642,0.0412,-6.8090,6.1206,-8.3783,10.3758
97.4000,-2.7683,-3.8626,-0.0663,-8.0434,5.7710,-10.3559,11.8554
97.5000,-1.9814,-4.3194,-0.1849,-8.9619,5.3198,-11.9818,13.1096
97.6000,-1.1219,-4.6178,-0.3059,-9.5285,4.7810,-13.2089,14.0475
97.7000,-0.2212,-4.7470,-0.4197,-9.7210,4.1704,-14.0050,14.6127
97.8000,0.6876,-4.7021,-0.5172,-9.5321,3.5051,-14.3532,14.7750
97.9000,1.5711,-4.4849,-0.5896,-8.9695,2.8025,-14.2530,14.5259
98.0000,2.3971,-4.1033,-0.6295,-8.0554,2.0798,-13.7195,13.8762
98.1000,3.1352,-3.5712,-0.6312,-6.8262,1.3534,-12.7830,12.8544
98.2000,3.7584,-2.9082,-0.5907,-5.3303,0.6384,-11.4875,11.5052
98.3000,4.2437,-2.1386,-0.5066,-3.6268,-0.0521,-9.8890,9.8891
98.4000,4.5735,-1.2906,-0.3800,-1.7828,-0.7071,-8.0530,8.0840
98.5000,4.7357,-0.3953,-0.2146,0.1290,-1.3182,-6.0519,6.1939
98.6000,4.7242,0.5145,-0.0164,2.0334,-1.8794,-3.9625,4.3856
98.7000,4.5396,1.4055,0.2063,3.8556,-2.3873,-1.8623,3.0278
98.8000,4.1885,2.2449,0.4433,5.5242,-2.8407,0.1728,2.8459
98.9000,3.6839,3.0020,0.6829,6.9737,-3.2406,2.0718,3.8463
99.0000,3.0442,3.6491,0.9125,8.1475,-3.5896,3.7711,5.2064
99.1000,2.2929,4.1624,1.1195,9.0001,-3.8915,5.2170,6.5085
99.2000,1.4576,4.5231,1.2913,9.4983,-4.1509,6.3671,7.6007
99.3000,0.5688,4.7180,1.4166,9.6232,-4.3725,7.1925,8.4173
99.4000,-0.3408,4.7399,1.4857,9.3707,-4.5605,7.6781,8.9304
99.5000,-1.2379,4.5881,1.4912,8.7513,-4.7185,7.8231,9.1360
99.6000,-2.0896,4.2681,1.4282,7.7902,-4.8487,7.6407,9.0493
99.7000,-2.8648,3.7916,1.2952,6.5257,-4.9517,7.1573,8.7032
99.8000,-3.5349,3.1761,1.0937,5.0082,-5.0263,6.4111,8.1465
99.9000,-4.0754,2.4442,0.8288,3.2979,-5.0694,5.4503,7.4434
