time,angle0,angle1,angle2,distance
0.0000,-0.4718,-2.8251,1.5759,2.6237
0.1000,-0.2800,-3.0297,1.4513,4.3802
0.2000,-0.0883,3.0489,1.3267,6.2693
0.3000,0.1035,2.8444,1.2021,8.1177
0.4000,0.2953,2.6398,1.0776,9.8275
0.5000,0.4870,2.4353,0.9530,11.3218
0.6000,0.6788,2.2307,0.8284,12.5366
0.7000,0.8705,2.0262,0.7039,13.4196
0.8000,1.0623,1.8216,0.5793,13.9324
0.9000,1.2541,1.6171,0.4547,14.0515
1.0000,1.4458,1.4125,0.3301,13.7707
1.1000,1.6376,1.2080,0.2056,13.1034
1.2000,1.8293,1.0034,0.0810,12.0858
1.3000,2.0211,0.7989,-0.0436,10.7826
1.4000,2.2129,0.5943,-0.1682,9.3005
1.5000,2.4046,0.3898,-0.2927,7.8157
1.6000,2.5964,0.1852,-0.4173,6.6226
1.7000,2.7881,-0.0193,-0.5419,6.1351
1.8000,2.9799,-0.2239,-0.6664,6.6197
1.9000,-3.1115,-0.4284,-0.7910,7.8830
2.0000,-2.9198,-0.6330,-0.9156,9.5238
2.1000,-2.7280,-0.8375,-1.0402,11.2330
2.2000,-2.5362,-1.0421,-1.1647,12.8165
2.3000,-2.3445,-1.2466,-1.2893,14.1497
2.4000,-2.1527,-1.4512,-1.4139,15.1495
2.5000,-1.9610,-1.6558,-1.5384,15.7613
2.6000,-1.7692,-1.8603,-1.6630,15.9542
2.7000,-1.5774,-2.0649,-1.7876,15.7185
2.8000,-1.3857,-2.2694,-1.9122,15.0649
2.9000,-1.1939,-2.4740,-2.0367,14.0244
3.0000,-1.0022,-2.6785,-2.1613,12.6495
3.1000,-0.8104,-2.8831,-2.2859,11.0179
3.2000,-0.6186,-3.0876,-2.4105,9.2419
3.3000,-0.4269,2.9910,-2.5350,7.4936
3.4000,-0.2351,2.7865,-2.6596,6.0575
3.5000,-0.0434,2.5819,-2.7842,5.3580
3.6000,0.1484,2.3774,-2.9087,5.6844
3.7000,0.3402,2.1728,-3.0333,6.7886
3.8000,0.5319,1.9683,3.1253,8.2056
3.9000,0.7237,1.7637,3.0007,9.6170
4.0000,0.9155,1.5591,2.8761,10.8463
4.1000,1.1072,1.3546,2.7516,11.7933
4.2000,1.2990,1.1500,2.6270,12.4006
4.3000,1.4907,0.9455,2.5024,12.6395
4.4000,1.6825,0.7409,2.3779,12.5027
4.5000,1.8743,0.5364,2.2533,12.0018
4.6000,2.0660,0.3318,2.1287,11.1640
4.7000,2.2578,0.1273,2.0041,10.0298
4.8000,2.4495,-0.0773,1.8796,8.6510
4.9000,2.6413,-0.2818,1.7550,7.0881
5.0000,2.8331,-0.4864,1.6304,5.4070
5.1000,3.0248,-0.6909,1.5059,3.6778
5.2000,-3.0666,-0.8955,1.3813,1.9755
5.3000,-2.8748,-1.1000,1.2567,0.4786
5.4000,-2.6831,-1.3046,1.1321,1.2545
5.5000,-2.4913,-1.5091,1.0076,2.5396
5.6000,-2.2996,-1.7137,0.8830,3.6229
5.7000,-2.1078,-1.9182,0.7584,4.4664
5.8000,-1.9160,-2.1228,0.6338,5.0621
5.9000,-1.7243,-2.3273,0.5093,5.4230
6.0000,-1.5325,-2.5319,0.3847,5.5836
6.1000,-1.3408,-2.7364,0.2601,5.6016
6.2000,-1.1490,-2.9410,0.1356,5.5566
6.3000,-0.9572,3.1376,0.0110,5.5415
6.4000,-0.7655,2.9331,-0.1136,5.6420
6.5000,-0.5737,2.7285,-0.2382,5.9052
6.6000,-0.3820,2.5240,-0.3627,6.3208
6.7000,-0.1902,2.3194,-0.4873,6.8288
6.8000,0.0016,2.1149,-0.6119,7.3447
6.9000,0.1933,1.9103,-0.7365,7.7824
7.0000,0.3851,1.7058,-0.8610,8.0664
7.1000,0.5768,1.5012,-0.9856,8.1363
7.2000,0.7686,1.2967,-1.1102,7.9487
7.3000,0.9604,1.0921,-1.2347,7.4779
7.4000,1.1521,0.8876,-1.3593,6.7174
7.5000,1.3439,0.6830,-1.4839,5.6817
7.6000,1.5356,0.4785,-1.6085,4.4167
7.7000,1.7274,0.2739,-1.7330,3.0411
7.8000,1.9192,0.0694,-1.8576,1.9806
7.9000,2.1109,-0.1352,-1.9822,2.3503
8.0000,2.3027,-0.3398,-2.1067,3.9059
8.1000,2.4944,-0.5443,-2.2313,5.7682
8.2000,2.6862,-0.7489,-2.3559,7.6519
8.3000,2.8780,-0.9534,-2.4805,9.4312
8.4000,3.0697,-1.1580,-2.6050,11.0191
8.5000,-3.0217,-1.3625,-2.7296,12.3451
8.6000,-2.8299,-1.5671,-2.8542,13.3520
8.7000,-2.6382,-1.7716,-2.9788,13.9964
8.8000,-2.4464,-1.9762,-3.1033,14.2495
8.9000,-2.2547,-2.1807,3.0553,14.0996
9.0000,-2.0629,-2.3853,2.9307,13.5537
9.1000,-1.8711,-2.5898,2.8061,12.6404
9.2000,-1.6794,-2.7944,2.6816,11.4146
9.3000,-1.4876,-2.9989,2.5570,9.9669
9.4000,-1.2959,3.0797,2.4324,8.4450
9.5000,-1.1041,2.8751,2.3078,7.0947
9.6000,-0.9123,2.6706,2.1833,6.2951
9.7000,-0.7206,2.4660,2.0587,6.4122
9.8000,-0.5288,2.2615,1.9341,7.4230
9.9000,-0.3371,2.0569,1.8096,8.9556
10.0000,-0.1453,1.8524,1.6850,10.6546
10.1000,0.0465,1.6478,1.5604,12.2882
10.2000,0.2382,1.4433,1.4358,13.7102
10.3000,0.4300,1.2387,1.3113,14.8242
10.4000,0.6218,1.0342,1.1867,15.5665
10.5000,0.8135,0.8296,1.0621,15.8984
10.6000,1.0053,0.6251,0.9376,15.8031
10.7000,1.1970,0.4205,0.8130,15.2847
10.8000,1.3888,0.2160,0.6884,14.3670
10.9000,1.5806,0.0114,0.5638,13.0948
11.0000,1.7723,-0.1931,0.4393,11.5356
11.1000,1.9641,-0.3977,0.3147,9.7861
11.2000,2.1558,-0.6022,0.1901,7.9902
11.3000,2.3476,-0.8068,0.0655,6.3811
11.4000,2.5394,-1.0113,-0.0590,5.3419
11.5000,2.7311,-1.2159,-0.1836,5.2839
11.6000,2.9229,-1.4204,-0.3082,6.1604
11.7000,3.1146,-1.6250,-0.4327,7.5065
11.8000,-2.9768,-1.8296,-0.5573,8.9352
11.9000,-2.7850,-2.0341,-0.6819,10.2294
12.0000,-2.5933,-2.2387,-0.8065,11.2694
12.1000,-2.4015,-2.4432,-0.9310,11.9873
12.2000,-2.2097,-2.6478,-1.0556,12.3469
12.3000,-2.0180,-2.8523,-1.1802,12.3356
12.4000,-1.8262,-3.0569,-1.3048,11.9600
12.5000,-1.6345,3.0218,-1.4293,11.2430
12.6000,-1.4427,2.8172,-1.5539,10.2218
12.7000,-1.2509,2.6127,-1.6785,8.9454
12.8000,-1.0592,2.4081,-1.8030,7.4723
12.9000,-0.8674,2.2036,-1.9276,5.8680
13.0000,-0.6757,1.9990,-2.0522,4.2039
13.1000,-0.4839,1.7945,-2.1768,2.5618
13.2000,-0.2921,1.5899,-2.3013,1.1007
13.3000,-0.1004,1.3854,-2.4259,0.9552
13.4000,0.0914,1.1808,-2.5505,2.0882
13.5000,0.2831,0.9762,-2.6750,3.1532
13.6000,0.4749,0.7717,-2.7996,4.0067
13.7000,0.6667,0.5671,-2.9242,4.6243
13.8000,0.8584,0.3626,-3.0488,5.0126
13.9000,1.0502,0.1580,3.1098,5.2031
14.0000,1.2419,-0.0465,2.9853,5.2524
14.1000,1.4337,-0.2511,2.8607,5.2415
14.2000,1.6255,-0.4556,2.7361,5.2673
14.3000,1.8172,-0.6602,2.6116,5.4191
14.4000,2.0090,-0.8647,2.4870,5.7455
14.5000,2.2007,-1.0693,2.3624,6.2338
14.6000,2.3925,-1.2738,2.2378,6.8207
14.7000,2.5843,-1.4784,2.1133,7.4198
14.8000,2.7760,-1.6829,1.9887,7.9438
14.9000,2.9678,-1.8875,1.8641,8.3162
15.0000,-3.1236,-2.0920,1.7395,8.4753
15.1000,-2.9319,-2.2966,1.6150,8.3759
15.2000,-2.7401,-2.5011,1.4904,7.9899
15.3000,-2.5484,-2.7057,1.3658,7.3079
15.4000,-2.3566,-2.9102,1.2413,6.3410
15.5000,-2.1648,-3.1148,1.1167,5.1283
15.6000,-1.9731,2.9638,0.9921,3.7649
15.7000,-1.7813,2.7593,0.8675,2.5302
15.8000,-1.5896,2.5547,0.7430,2.2861
15.9000,-1.3978,2.3502,0.6184,3.4899
16.0000,-1.2060,2.1456,0.4938,5.2701
16.1000,-1.0143,1.9411,0.3693,7.1650
16.2000,-0.8225,1.7365,0.2447,9.0003
16.3000,-0.6308,1.5320,0.1201,10.6728
16.4000,-0.4390,1.3274,-0.0045,12.1042
16.5000,-0.2472,1.1229,-0.1290,13.2315
16.6000,-0.0555,0.9183,-0.2536,14.0060
16.7000,0.1363,0.7138,-0.3782,14.3936
16.8000,0.3281,0.5092,-0.5028,14.3772
16.9000,0.5198,0.3047,-0.6273,13.9574
17.0000,0.7116,0.1001,-0.7519,13.1559
17.1000,0.9033,-0.1044,-0.8765,12.0185
17.2000,1.0951,-0.3090,-1.0010,10.6225
17.3000,1.2869,-0.5136,-1.1256,9.0927
17.4000,1.4786,-0.7181,-1.2502,7.6337
17.5000,1.6704,-0.9227,-1.3748,6.5763
17.6000,1.8621,-1.1272,-1.4993,6.3257
17.7000,2.0539,-1.3318,-1.6239,7.0312
17.8000,2.2457,-1.5363,-1.7485,8.4074
17.9000,2.4374,-1.7409,-1.8731,10.0658
18.0000,2.6292,-1.9454,-1.9976,11.7307
18.1000,2.8209,-2.1500,-2.1222,13.2293
18.2000,3.0127,-2.3545,-2.2468,14.4495
18.3000,-3.0787,-2.5591,-2.3713,15.3173
18.4000,-2.8870,-2.7636,-2.4959,15.7858
18.5000,-2.6952,-2.9682,-2.6205,15.8311
18.6000,-2.5034,3.1105,-2.7451,15.4503
18.7000,-2.3117,2.9059,-2.8696,14.6606
18.8000,-2.1199,2.7014,-2.9942,13.4994
18.9000,-1.9282,2.4968,-3.1188,12.0253
19.0000,-1.7364,2.2922,3.0398,10.3221
19.1000,-1.5446,2.0877,2.9153,8.5116
19.2000,-1.3529,1.8831,2.7907,6.7843
19.3000,-1.1611,1.6786,2.6661,5.4637
19.4000,-0.9694,1.4740,2.5415,5.0042
19.5000,-0.7776,1.2695,2.4170,5.5839
19.6000,-0.5858,1.0649,2.2924,6.8140
19.7000,-0.3941,0.8604,2.1678,8.2371
19.8000,-0.2023,0.6558,2.0433,9.5832
19.9000,-0.0106,0.4513,1.9187,10.7078
20.0000,0.1812,0.2467,1.7941,11.5302
20.1000,0.3730,0.0422,1.6695,12.0066
20.2000,0.5647,-0.1624,1.5450,12.1182
20.3000,0.7565,-0.3669,1.4204,11.8668
20.4000,0.9482,-0.5715,1.2958,11.2713
20.5000,1.1400,-0.7760,1.1712,10.3651
20.6000,1.3318,-0.9806,1.0467,9.1946
20.7000,1.5235,-1.1851,0.9221,7.8162
20.8000,1.7153,-1.3897,0.7975,6.2948
20.9000,1.9070,-1.5942,0.6730,4.7030
21.0000,2.0988,-1.7988,0.5484,3.1267
21.1000,2.2906,-2.0033,0.4238,1.7118
21.2000,2.4823,-2.2079,0.2992,1.0457
21.3000,2.6741,-2.4125,0.1747,1.7734
21.4000,2.8658,-2.6170,0.0501,2.7564
21.5000,3.0576,-2.8216,-0.0745,3.5927
21.6000,-3.0338,-3.0261,-0.1990,4.2148
21.7000,-2.8421,3.0525,-0.3236,4.6166
21.8000,-2.6503,2.8480,-0.4482,4.8240
21.9000,-2.4585,2.6434,-0.5728,4.8919
22.0000,-2.2668,2.4389,-0.6973,4.9028
22.1000,-2.0750,2.2343,-0.8219,4.9584
22.2000,-1.8833,2.0298,-0.9465,5.1535
22.3000,-1.6915,1.8252,-1.0711,5.5386
22.4000,-1.4997,1.6207,-1.1956,6.0982
22.5000,-1.3080,1.4161,-1.3202,6.7647
22.6000,-1.1162,1.2116,-1.4448,7.4487
22.7000,-0.9245,1.0070,-1.5693,8.0617
22.8000,-0.7327,0.8025,-1.6939,8.5260
22.9000,-0.5409,0.5979,-1.8185,8.7785
23.0000,-0.3492,0.3933,-1.9431,8.7719
23.1000,-0.1574,0.1888,-2.0676,8.4760
23.2000,0.0344,-0.0158,-2.1922,7.8780
23.3000,0.2261,-0.2203,-2.3168,6.9856
23.4000,0.4179,-0.4249,-2.4414,5.8318
23.5000,0.6096,-0.6294,-2.5659,4.4944
23.6000,0.8014,-0.8340,-2.6905,3.1722
23.7000,0.9932,-1.0385,-2.8151,2.4645
23.8000,1.1849,-1.2431,-2.9396,3.1753
23.9000,1.3767,-1.4476,-3.0642,4.7927
24.0000,1.5684,-1.6522,3.0944,6.6657
24.1000,1.7602,-1.8567,2.9698,8.5396
24.2000,1.9520,-2.0613,2.8453,10.2860
24.3000,2.1437,-2.2658,2.7207,11.8157
24.4000,2.3355,-2.4704,2.5961,13.0589
24.5000,2.5272,-2.6749,2.4715,13.9612
24.6000,2.7190,-2.8795,2.3470,14.4832
24.7000,2.9108,-3.0840,2.2224,14.6019
24.8000,3.1025,2.9946,2.0978,14.3123
24.9000,-2.9889,2.7900,1.9732,13.6290
25.0000,-2.7971,2.5855,1.8487,12.5897
25.1000,-2.6054,2.3809,1.7241,11.2602
25.2000,-2.4136,2.1764,1.5995,9.7466
25.3000,-2.2219,1.9718,1.4750,8.2202
25.4000,-2.0301,1.7673,1.3504,6.9616
25.5000,-1.8383,1.5627,1.2258,6.3684
25.6000,-1.6466,1.3582,1.1012,6.7280
25.7000,-1.4548,1.1536,0.9767,7.8945
25.8000,-1.2631,0.9491,0.8521,9.4759
25.9000,-1.0713,0.7445,0.7275,11.1499
26.0000,-0.8795,0.5400,0.6029,12.7108
26.1000,-0.6878,0.3354,0.4784,14.0279
26.2000,-0.4960,0.1309,0.3538,15.0152
26.3000,-0.3043,-0.0737,0.2292,15.6170
26.4000,-0.1125,-0.2782,0.1047,15.8021
26.5000,0.0793,-0.4828,-0.0199,15.5606
26.6000,0.2710,-0.6873,-0.1445,14.9031
26.7000,0.4628,-0.8919,-0.2691,13.8599
26.8000,0.6545,-1.0965,-0.3936,12.4815
26.9000,0.8463,-1.3010,-0.5182,10.8413
27.0000,1.0381,-1.5056,-0.6428,9.0433
27.1000,1.2298,-1.7101,-0.7673,7.2443
27.2000,1.4216,-1.9147,-0.8919,5.7078
27.3000,1.6133,-2.1192,-1.0165,4.8652
27.4000,1.8051,-2.3238,-1.1411,5.0828
27.5000,1.9969,-2.5283,-1.2656,6.1399
27.6000,2.1886,-2.7329,-1.3902,7.5288
27.7000,2.3804,-2.9374,-1.5148,8.9118
27.8000,2.5721,3.1412,-1.6394,10.1116
27.9000,2.7639,2.9367,-1.7639,11.0320
28.0000,2.9557,2.7321,-1.8885,11.6203
28.1000,-3.1358,2.5276,-2.0131,11.8518
28.2000,-2.9440,2.3230,-2.1376,11.7231
28.3000,-2.7522,2.1185,-2.2622,11.2489
28.4000,-2.5605,1.9139,-2.3868,10.4591
28.5000,-2.3687,1.7093,-2.5114,9.3970
28.6000,-2.1770,1.5048,-2.6359,8.1171
28.7000,-1.9852,1.3002,-2.7605,6.6835
28.8000,-1.7934,1.0957,-2.8851,5.1694
28.9000,-1.6017,0.8911,-3.0097,3.6626
29.0000,-1.4099,0.6866,-3.1342,2.2980
29.1000,-1.2182,0.4820,3.0244,1.4296
29.2000,-1.0264,0.2775,2.8998,1.6627
29.3000,-0.8346,0.0729,2.7752,2.4674
29.4000,-0.6429,-0.1316,2.6507,3.2469
29.5000,-0.4511,-0.3362,2.5261,3.8506
29.6000,-0.2594,-0.5407,2.4015,4.2489
29.7000,-0.0676,-0.7453,2.2770,4.4581
29.8000,0.1242,-0.9498,2.1524,4.5297
29.9000,0.3159,-1.1544,2.0278,4.5477
30.0000,0.5077,-1.3589,1.9032,4.6195
30.1000,0.6995,-1.5635,1.7787,4.8478
30.2000,0.8912,-1.7680,1.6541,5.2858
30.3000,1.0830,-1.9726,1.5295,5.9143
30.4000,1.2747,-2.1771,1.4049,6.6602
30.5000,1.4665,-2.3817,1.2804,7.4304
30.6000,1.6583,-2.5862,1.1558,8.1345
30.7000,1.8500,-2.7908,1.0312,8.6935
30.8000,2.0418,-2.9954,0.9067,9.0428
30.9000,2.2335,3.0833,0.7821,9.1334
31.0000,2.4253,2.8787,0.6575,8.9323
31.1000,2.6171,2.6742,0.5329,8.4238
31.2000,2.8088,2.4696,0.4084,7.6115
31.3000,3.0006,2.2651,0.2838,6.5231
31.4000,-3.0908,2.0605,0.1592,5.2234
31.5000,-2.8991,1.8560,0.0346,3.8621
31.6000,-2.7073,1.6514,-0.0899,2.8511
31.7000,-2.5156,1.4469,-0.2145,3.0126
31.8000,-2.3238,1.2423,-0.3391,4.3599
31.9000,-2.1320,1.0378,-0.4636,6.1653
32.0000,-1.9403,0.8332,-0.5882,8.0557
32.1000,-1.7485,0.6287,-0.7128,9.8628
32.2000,-1.5568,0.4241,-0.8374,11.4821
32.3000,-1.3650,0.2195,-0.9619,12.8356
32.4000,-1.1732,0.0150,-1.0865,13.8624
32.5000,-0.9815,-0.1896,-1.2111,14.5177
32.6000,-0.7897,-0.3941,-1.3356,14.7727
32.7000,-0.5980,-0.5987,-1.4602,14.6164
32.8000,-0.4062,-0.8032,-1.5848,14.0569
32.9000,-0.2144,-1.0078,-1.7094,13.1241
33.0000,-0.0227,-1.2123,-1.8339,11.8739
33.1000,0.1691,-1.4169,-1.9585,10.3969
33.2000,0.3608,-1.6214,-2.0831,8.8373
33.3000,0.5526,-1.8260,-2.2077,7.4306
33.4000,0.7444,-2.0305,-2.3322,6.5389
33.5000,0.9361,-2.2351,-2.4568,6.5325
33.6000,1.1279,-2.4396,-2.5814,7.4342
33.7000,1.3196,-2.6442,-2.7059,8.8960
33.8000,1.5114,-2.8487,-2.8305,10.5526
33.9000,1.7032,-3.0533,-2.9551,12.1593
34.0000,1.8949,3.0253,-3.0797,13.5625
34.1000,2.0867,2.8208,3.0790,14.6622
34.2000,2.2784,2.6162,2.9544,15.3931
34.3000,2.4702,2.4117,2.8298,15.7162
34.4000,2.6620,2.2071,2.7052,15.6148
34.5000,2.8537,2.0026,2.5807,15.0926
34.6000,3.0455,1.7980,2.4561,14.1732
34.7000,-3.0459,1.5935,2.3315,12.8998
34.8000,-2.8542,1.3889,2.2069,11.3365
34.9000,-2.6624,1.1844,2.0824,9.5732
35.0000,-2.4707,0.9798,1.9578,7.7408
35.1000,-2.2789,0.7753,1.8332,6.0512
35.2000,-2.0871,0.5707,1.7087,4.8753
35.3000,-1.8954,0.3662,1.5841,4.6845
35.4000,-1.7036,0.1616,1.4595,5.4994
35.5000,-1.5119,-0.0429,1.3349,6.8178
35.6000,-1.3201,-0.2475,1.2104,8.2198
35.7000,-1.1283,-0.4520,1.0858,9.4841
35.8000,-0.9366,-0.6566,0.9612,10.4952
35.9000,-0.7448,-0.8611,0.8366,11.1903
36.0000,-0.5531,-1.0657,0.7121,11.5381
36.1000,-0.3613,-1.2702,0.5875,11.5299
36.2000,-0.1695,-1.4748,0.4629,11.1762
36.3000,0.0222,-1.6794,0.3384,10.5031
36.4000,0.2140,-1.8839,0.2138,9.5513
36.5000,0.4058,-2.0885,0.0892,8.3729
36.6000,0.5975,-2.2930,-0.0354,7.0310
36.7000,0.7893,-2.4976,-0.1599,5.5989
36.8000,0.9810,-2.7021,-0.2845,4.1649
36.9000,1.1728,-2.9067,-0.4091,2.8547
37.0000,1.3646,-3.1112,-0.5337,1.9172
37.1000,1.5563,2.9674,-0.6582,1.7786
37.2000,1.7481,2.7629,-0.7828,2.3222
37.3000,1.9398,2.5583,-0.9074,2.9950
37.4000,2.1316,2.3538,-1.0319,3.5521
37.5000,2.3234,2.1492,-1.1565,3.9267
37.6000,2.5151,1.9447,-1.2811,4.1204
37.7000,2.7069,1.7401,-1.4057,4.1784
37.8000,2.8986,1.5355,-1.5302,4.1854
37.9000,3.0904,1.3310,-1.6548,4.2566
38.0000,-3.0010,1.1264,-1.7794,4.5051
38.1000,-2.8093,0.9219,-1.9039,4.9885
38.2000,-2.6175,0.7173,-2.0285,5.6828
38.3000,-2.4257,0.5128,-2.1531,6.5073
38.4000,-2.2340,0.3082,-2.2777,7.3643
38.5000,-2.0422,0.1037,-2.4022,8.1608
38.6000,-1.8505,-0.1009,-2.5268,8.8167
38.7000,-1.6587,-0.3054,-2.6514,9.2659
38.8000,-1.4669,-0.5100,-2.7760,9.4573
38.9000,-1.2752,-0.7145,-2.9005,9.3554
39.0000,-1.0834,-0.9191,-3.0251,8.9414
39.1000,-0.8917,-1.1236,3.1335,8.2151
39.2000,-0.6999,-1.3282,3.0089,7.1988
39.3000,-0.5081,-1.5327,2.8844,5.9468
39.4000,-0.3164,-1.7373,2.7598,4.5769
39.5000,-0.1246,-1.9418,2.6352,3.3811
39.6000,0.0671,-2.1464,2.5107,3.0420
39.7000,0.2589,-2.3509,2.3861,4.0038
39.8000,0.4507,-2.5555,2.2615,5.6785
39.9000,0.6424,-2.7600,2.1369,7.5561
40.0000,0.8342,-2.9646,2.0124,9.4077
40.1000,1.0259,3.1140,1.8878,11.1064
40.2000,1.2177,2.9095,1.7632,12.5633
40.3000,1.4095,2.7049,1.6386,13.7105
40.4000,1.6012,2.5004,1.5141,14.4971
40.5000,1.7930,2.2958,1.3895,14.8886
40.6000,1.9847,2.0913,1.2649,14.8679
40.7000,2.1765,1.8867,1.1404,14.4369
40.8000,2.3683,1.6822,1.0158,13.6181
40.9000,2.5600,1.4776,0.8912,12.4584
41.0000,2.7518,1.2731,0.7666,11.0351
41.1000,2.9435,1.0685,0.6421,9.4709
41.2000,3.1353,0.8640,0.5175,7.9629
41.3000,-2.9561,0.6594,0.3929,6.8261
41.4000,-2.7644,0.4549,0.2683,6.4591
41.5000,-2.5726,0.2503,0.1438,7.0463
41.6000,-2.3808,0.0458,0.0192,8.3393
41.7000,-2.1891,-0.1588,-0.1054,9.9469
41.8000,-1.9973,-0.3634,-0.2299,11.5801
41.9000,-1.8056,-0.5679,-0.3545,13.0568
42.0000,-1.6138,-0.7725,-0.4791,14.2605
42.1000,-1.4220,-0.9770,-0.6037,15.1154
42.2000,-1.2303,-1.1816,-0.7282,15.5740
42.3000,-1.0385,-1.3861,-0.8528,15.6123
42.4000,-0.8468,-1.5907,-0.9774,15.2277
42.5000,-0.6550,-1.7952,-1.1020,14.4369
42.6000,-0.4632,-1.9998,-1.2265,13.2763
42.7000,-0.2715,-2.2043,-1.3511,11.8016
42.8000,-0.0797,-2.4089,-1.4757,10.0914
42.9000,0.1121,-2.6134,-1.6002,8.2567
43.0000,0.3038,-2.8180,-1.7248,6.4684
43.1000,0.4956,-3.0225,-1.8494,5.0274
43.2000,0.6873,3.0561,-1.9740,4.4176
43.3000,0.8791,2.8515,-2.0985,4.9125
43.4000,1.0709,2.6470,-2.2231,6.1128
43.5000,1.2626,2.4424,-2.3477,7.5120
43.6000,1.4544,2.2379,-2.4722,8.8289
43.7000,1.6461,2.0333,-2.5968,9.9229
43.8000,1.8379,1.8288,-2.7214,10.7191
43.9000,2.0297,1.6242,-2.8460,11.1789
44.0000,2.2214,1.4197,-2.9705,11.2885
44.1000,2.4132,1.2151,-3.0951,11.0538
44.2000,2.6049,1.0106,3.0635,10.4974
44.3000,2.7967,0.8060,2.9389,9.6568
44.4000,2.9885,0.6015,2.8144,8.5821
44.5000,-3.1030,0.3969,2.6898,7.3350
44.6000,-2.9112,0.1924,2.5652,5.9884
44.7000,-2.7194,-0.0122,2.4406,4.6302
44.8000,-2.5277,-0.2167,2.3161,3.3785
44.9000,-2.3359,-0.4213,2.1915,2.4267
45.0000,-2.1442,-0.6258,2.0669,2.0663
45.1000,-1.9524,-0.8304,1.9424,2.3392
45.2000,-1.7606,-1.0349,1.8178,2.8610
45.3000,-1.5689,-1.2395,1.6932,3.3407
45.4000,-1.3771,-1.4440,1.5686,3.6696
45.5000,-1.1854,-1.6486,1.4441,3.8286
45.6000,-0.9936,-1.8532,1.3195,3.8536
45.7000,-0.8018,-2.0577,1.1949,3.8285
45.8000,-0.6101,-2.2623,1.0703,3.8777
45.9000,-0.4183,-2.4668,0.9458,4.1295
46.0000,-0.2266,-2.6714,0.8212,4.6486
46.1000,-0.0348,-2.8759,0.6966,5.4045
46.2000,0.1570,-3.0805,0.5721,6.3063
46.3000,0.3487,2.9982,0.4475,7.2499
46.4000,0.5405,2.7936,0.3229,8.1397
46.5000,0.7322,2.5891,0.1983,8.8941
46.6000,0.9240,2.3845,0.0738,9.4455
46.7000,1.1158,2.1800,-0.0508,9.7410
46.8000,1.3075,1.9754,-0.1754,9.7423
46.9000,1.4993,1.7709,-0.3000,9.4276
47.0000,1.6910,1.5663,-0.4245,8.7928
47.1000,1.8828,1.3618,-0.5491,7.8551
47.2000,2.0746,1.1572,-0.6737,6.6600
47.3000,2.2663,0.9526,-0.7982,5.3030
47.4000,2.4581,0.7481,-0.9228,3.9999
47.5000,2.6498,0.5435,-1.0474,3.2691
47.6000,2.8416,0.3390,-1.1720,3.7625
47.7000,3.0334,0.1344,-1.2965,5.2248
47.8000,-3.0581,-0.0701,-1.4211,7.0509
47.9000,-2.8663,-0.2747,-1.5457,8.9266
48.0000,-2.6745,-0.4792,-1.6702,10.6921
48.1000,-2.4828,-0.6838,-1.7948,12.2442
48.2000,-2.2910,-0.8883,-1.9194,13.5065
48.3000,-2.0993,-1.0929,-2.0440,14.4216
48.4000,-1.9075,-1.2974,-2.1685,14.9489
48.5000,-1.7157,-1.5020,-2.2931,15.0655
48.6000,-1.5240,-1.7065,-2.4177,14.7667
48.7000,-1.3322,-1.9111,-2.5423,14.0684
48.8000,-1.1405,-2.1156,-2.6668,13.0088
48.9000,-0.9487,-2.3202,-2.7914,11.6543
49.0000,-0.7569,-2.5247,-2.9160,10.1093
49.1000,-0.5652,-2.7293,-3.0405,8.5396
49.2000,-0.3734,-2.9338,3.1181,7.2130
49.3000,-0.1816,-3.1384,2.9935,6.5141
49.4000,0.0101,2.9402,2.8689,6.7508
49.5000,0.2019,2.7357,2.7443,7.8213
49.6000,0.3936,2.5311,2.6198,9.3425
49.7000,0.5854,2.3266,2.4952,10.9791
49.8000,0.7772,2.1220,2.3706,12.5147
49.9000,0.9689,1.9175,2.2461,13.8130
50.0000,1.1607,1.7129,2.1215,14.7856
50.1000,1.3524,1.5084,1.9969,15.3761
50.2000,1.5442,1.3038,1.8723,15.5533
50.3000,1.7360,1.0993,1.7478,15.3074
50.4000,1.9277,0.8947,1.6232,14.6490
50.5000,2.1195,0.6902,1.4986,13.6075
50.6000,2.3112,0.4856,1.3741,12.2315
50.7000,2.5030,0.2811,1.2495,10.5899
50.8000,2.6948,0.0765,1.1249,8.7779
50.9000,2.8865,-0.1280,1.0003,6.9359
51.0000,3.0783,-0.3326,0.8758,5.3011
51.1000,-3.0131,-0.5371,0.7512,4.3037
51.2000,-2.8214,-0.7417,0.6266,4.4057
51.3000,-2.6296,-0.9463,0.5020,5.4256
51.4000,-2.4379,-1.1508,0.3775,6.7941
51.5000,-2.2461,-1.3554,0.2529,8.1500
51.6000,-2.0543,-1.5599,0.1283,9.3182
51.7000,-1.8626,-1.7645,0.0038,10.2092
51.8000,-1.6708,-1.9690,-0.1208,10.7764
51.9000,-1.4791,-2.1736,-0.2454,11.0004
52.0000,-1.2873,-2.3781,-0.3700,10.8827
52.1000,-1.0955,-2.5827,-0.4945,10.4422
52.2000,-0.9038,-2.7872,-0.6191,9.7133
52.3000,-0.7120,-2.9918,-0.7437,8.7437
52.4000,-0.5203,3.0869,-0.8683,7.5937
52.5000,-0.3285,2.8823,-0.9928,6.3353
52.6000,-0.1367,2.6778,-1.1174,5.0557
52.7000,0.0550,2.4732,-1.2420,3.8667
52.8000,0.2468,2.2686,-1.3665,2.9282
52.9000,0.4385,2.0641,-1.4911,2.4492
53.0000,0.6303,1.8595,-1.6157,2.5039
53.1000,0.8221,1.6550,-1.7403,2.8571
53.2000,1.0138,1.4504,-1.8648,3.2350
53.3000,1.2056,1.2459,-1.9894,3.4976
53.4000,1.3973,1.0413,-2.1140,3.6034
53.5000,1.5891,0.8368,-2.2385,3.5752
53.6000,1.7809,0.6322,-2.3631,3.4936
53.7000,1.9726,0.4277,-2.4877,3.4938
53.8000,2.1644,0.2231,-2.6123,3.7263
53.9000,2.3561,0.0186,-2.7368,4.2685
54.0000,2.5479,-0.1860,-2.8614,5.0807
54.1000,2.7397,-0.3905,-2.9860,6.0577
54.2000,2.9314,-0.5951,-3.1106,7.0872
54.3000,3.1232,-0.7996,3.0481,8.0705
54.4000,-2.9682,-1.0042,2.9235,8.9243
54.5000,-2.7765,-1.2087,2.7989,9.5799
54.6000,-2.5847,-1.4133,2.6743,9.9820
54.7000,-2.3930,-1.6178,2.5498,10.0901
54.8000,-2.2012,-1.8224,2.4252,9.8791
54.9000,-2.0094,-2.0269,2.3006,9.3412
55.0000,-1.8177,-2.2315,2.1760,8.4884
55.1000,-1.6259,-2.4361,2.0515,7.3588
55.2000,-1.4342,-2.6406,1.9269,6.0312
55.3000,-1.2424,-2.8452,1.8023,4.6716
55.4000,-1.0506,-3.0497,1.6778,3.6642
55.5000,-0.8589,3.0289,1.5532,3.6731
55.6000,-0.6671,2.8244,1.4286,4.8290
55.7000,-0.4753,2.6198,1.3040,6.5525
55.8000,-0.2836,2.4153,1.1795,8.4263
55.9000,-0.0918,2.2107,1.0549,10.2435
56.0000,0.0999,2.0062,0.9303,11.8810
56.1000,0.2917,1.8016,0.8058,13.2521
56.2000,0.4835,1.5971,0.6812,14.2918
56.3000,0.6752,1.3925,0.5566,14.9535
56.4000,0.8670,1.1880,0.4320,15.2080
56.5000,1.0587,0.9834,0.3075,15.0446
56.6000,1.2505,0.7789,0.1829,14.4721
56.7000,1.4423,0.5743,0.0583,13.5213
56.8000,1.6340,0.3697,-0.0663,12.2482
56.9000,1.8258,0.1652,-0.1908,10.7425
57.0000,2.0175,-0.0394,-0.3154,9.1445
57.1000,2.2093,-0.2439,-0.4400,7.6793
57.2000,2.4011,-0.4485,-0.5645,6.6943
57.3000,2.5928,-0.6530,-0.6891,6.5659
57.4000,2.7846,-0.8576,-0.8137,7.3599
57.5000,2.9763,-1.0621,-0.9383,8.7507
57.6000,-3.1151,-1.2667,-1.0628,10.3634
57.7000,-2.9233,-1.4712,-1.1874,11.9410
57.8000,-2.7316,-1.6758,-1.3120,13.3228
57.9000,-2.5398,-1.8803,-1.4366,14.4058
58.0000,-2.3480,-2.0849,-1.5611,15.1238
58.1000,-2.1563,-2.2894,-1.6857,15.4378
58.2000,-1.9645,-2.4940,-1.8103,15.3312
58.3000,-1.7728,-2.6985,-1.9348,14.8078
58.4000,-1.5810,-2.9031,-2.0594,13.8909
58.5000,-1.3892,-3.1076,-2.1840,12.6220
58.6000,-1.1975,2.9710,-2.3086,11.0617
58.7000,-1.0057,2.7664,-2.4331,9.2931
58.8000,-0.8140,2.5619,-2.5577,7.4332
58.9000,-0.6222,2.3573,-2.6823,5.6690
59.0000,-0.4304,2.1528,-2.8068,4.3493
59.1000,-0.2387,1.9482,-2.9314,4.0110
59.2000,-0.0469,1.7437,-3.0560,4.7715
59.3000,0.1448,1.5391,3.1026,6.0729
59.4000,0.3366,1.3346,2.9780,7.4515
59.5000,0.5284,1.1300,2.8535,8.6844
59.6000,0.7201,0.9255,2.7289,9.6635
59.7000,0.9119,0.7209,2.6043,10.3330
59.8000,1.1036,0.5164,2.4798,10.6677
59.9000,1.2954,0.3118,2.3552,10.6644
60.0000,1.4872,0.1073,2.2306,10.3383
60.1000,1.6789,-0.0973,2.1060,9.7207
60.2000,1.8707,-0.3018,1.9815,8.8570
60.3000,2.0624,-0.5064,1.8569,7.8056
60.4000,2.2542,-0.7109,1.7323,6.6378
60.5000,2.4460,-0.9155,1.6077,5.4393
60.6000,2.6377,-1.1201,1.4832,4.3167
60.7000,2.8295,-1.3246,1.3586,3.4083
60.8000,3.0212,-1.5292,1.2340,2.8727
60.9000,-3.0702,-1.7337,1.1095,2.7774
61.0000,-2.8784,-1.9383,0.9849,2.9769
61.1000,-2.6867,-2.1428,0.8603,3.2436
61.2000,-2.4949,-2.3474,0.7357,3.4266
61.3000,-2.3031,-2.5519,0.6112,3.4648
61.4000,-2.1114,-2.7565,0.4866,3.3658
61.5000,-1.9196,-2.9610,0.3620,3.2028
61.6000,-1.7279,3.1176,0.2375,3.1209
61.7000,-1.5361,2.9131,0.1129,3.3032
61.8000,-1.3443,2.7085,-0.0117,3.8510
61.9000,-1.1526,2.5040,-0.1363,4.7128
62.0000,-0.9608,2.2994,-0.2608,5.7625
62.1000,-0.7691,2.0949,-0.3854,6.8768
62.2000,-0.5773,1.8903,-0.5100,7.9531
62.3000,-0.3855,1.6857,-0.6346,8.9067
62.4000,-0.1938,1.4812,-0.7591,9.6674
62.5000,-0.0020,1.2766,-0.8837,10.1784
62.6000,0.1898,1.0721,-1.0083,10.3964
62.7000,0.3815,0.8675,-1.1328,10.2932
62.8000,0.5733,0.6630,-1.2574,9.8570
62.9000,0.7650,0.4584,-1.3820,9.0953
63.0000,0.9568,0.2539,-1.5066,8.0393
63.1000,1.1486,0.0493,-1.6311,6.7548
63.2000,1.3403,-0.1552,-1.7557,5.3735
63.3000,1.5321,-0.3598,-1.8803,4.1829
63.4000,1.7238,-0.5643,-2.0049,3.7577
63.5000,1.9156,-0.7689,-2.1294,4.5214
63.6000,2.1074,-0.9734,-2.2540,6.0769
63.7000,2.2991,-1.1780,-2.3786,7.9156
63.8000,2.4909,-1.3825,-2.5031,9.7659
63.9000,2.6826,-1.5871,-2.6277,11.4771
64.0000,2.8744,-1.7916,-2.7523,12.9492
64.1000,3.0662,-1.9962,-2.8769,14.1088
64.2000,-3.0253,-2.2007,-3.0014,14.9025
64.3000,-2.8335,-2.4053,-3.1260,15.2948
64.4000,-2.6417,-2.6098,3.0326,15.2688
64.5000,-2.4500,-2.8144,2.9080,14.8268
64.6000,-2.2582,-3.0190,2.7835,13.9920
64.7000,-2.0665,3.0597,2.6589,12.8116
64.8000,-1.8747,2.8551,2.5343,11.3624
64.9000,-1.6829,2.6506,2.4097,9.7639
65.0000,-1.4912,2.4460,2.2852,8.2053
65.1000,-1.2994,2.2415,2.1606,6.9876
65.2000,-1.1077,2.0369,2.0360,6.5045
65.3000,-0.9159,1.8324,1.9115,6.9748
65.4000,-0.7241,1.6278,1.7869,8.1850
65.5000,-0.5324,1.4233,1.6623,9.7414
65.6000,-0.3406,1.2187,1.5377,11.3410
65.7000,-0.1489,1.0142,1.4132,12.7934
65.8000,0.0429,0.8096,1.2886,13.9784
65.9000,0.2347,0.6051,1.1640,14.8186
66.0000,0.4264,0.4005,1.0394,15.2666
66.1000,0.6182,0.1959,0.9149,15.2987
66.2000,0.8099,-0.0086,0.7903,14.9123
66.3000,1.0017,-0.2132,0.6657,14.1242
66.4000,1.1935,-0.4177,0.5412,12.9694
66.5000,1.3852,-0.6223,0.4166,11.5014
66.6000,1.5770,-0.8268,0.2920,9.7930
66.7000,1.7687,-1.0314,0.1674,7.9439
66.8000,1.9605,-1.2359,0.0429,6.1036
66.9000,2.1523,-1.4405,-0.0817,4.5414
67.0000,2.3440,-1.6450,-0.2063,3.7626
67.1000,2.5358,-1.8496,-0.3308,4.1722
67.2000,2.7275,-2.0541,-0.4554,5.3566
67.3000,2.9193,-2.2587,-0.5800,6.7378
67.4000,3.1111,-2.4632,-0.7046,8.0250
67.5000,-2.9804,-2.6678,-0.8291,9.0850
67.6000,-2.7886,-2.8723,-0.9537,9.8513
67.7000,-2.5968,-3.0769,-1.0783,10.2923
67.8000,-2.4051,3.0017,-1.2029,10.4003
67.9000,-2.2133,2.7972,-1.3274,10.1867
68.0000,-2.0216,2.5926,-1.4520,9.6795
68.1000,-1.8298,2.3881,-1.5766,8.9217
68.2000,-1.6380,2.1835,-1.7011,7.9699
68.3000,-1.4463,1.9790,-1.8257,6.8942
68.4000,-1.2545,1.7744,-1.9503,5.7789
68.5000,-1.0628,1.5699,-2.0749,4.7263
68.6000,-0.8710,1.3653,-2.1994,3.8595
68.7000,-0.6792,1.1608,-2.3240,3.3054
68.8000,-0.4875,0.9562,-2.4486,3.1177
68.9000,-0.2957,0.7517,-2.5732,3.1975
69.0000,-0.1039,0.5471,-2.6977,3.3615
69.1000,0.0878,0.3426,-2.8223,3.4632
69.2000,0.2796,0.1380,-2.9469,3.4285
69.3000,0.4713,-0.0665,-3.0714,3.2486
69.4000,0.6631,-0.2711,3.0872,2.9835
69.5000,0.8549,-0.4756,2.9626,2.7822
69.6000,1.0466,-0.6802,2.8380,2.8716
69.7000,1.2384,-0.8847,2.7135,3.3998
69.8000,1.4301,-1.0893,2.5889,4.3026
69.9000,1.6219,-1.2938,2.4643,5.4219
70.0000,1.8137,-1.4984,2.3397,6.6193
70.1000,2.0054,-1.7030,2.2152,7.7875
70.2000,2.1972,-1.9075,2.0906,8.8406
70.3000,2.3889,-2.1121,1.9660,9.7072
70.4000,2.5807,-2.3166,1.8414,10.3285
70.5000,2.7725,-2.5212,1.7169,10.6589
70.6000,2.9642,-2.7257,1.5923,10.6670
70.7000,-3.1272,-2.9303,1.4677,10.3373
70.8000,-2.9354,-3.1348,1.3432,9.6726
70.9000,-2.7437,2.9438,1.2186,8.6978
71.0000,-2.5519,2.7393,1.0940,7.4680
71.1000,-2.3602,2.5347,0.9694,6.0904
71.2000,-2.1684,2.3302,0.8449,4.7854
71.3000,-1.9766,2.1256,0.7203,4.0127
71.4000,-1.7849,1.9211,0.5957,4.3343
71.5000,-1.5931,1.7165,0.4711,5.6443
71.6000,-1.4014,1.5119,0.3466,7.4053
71.7000,-1.2096,1.3074,0.2220,9.2655
71.8000,-1.0178,1.1028,0.0974,11.0364
71.9000,-0.8261,0.8983,-0.0271,12.6003
72.0000,-0.6343,0.6937,-0.1517,13.8739
72.1000,-0.4426,0.4892,-0.2763,14.7962
72.2000,-0.2508,0.2846,-0.4009,15.3254
72.3000,-0.0590,0.0801,-0.5254,15.4382
72.4000,0.1327,-0.1245,-0.6500,15.1302
72.5000,0.3245,-0.3290,-0.7746,14.4178
72.6000,0.5162,-0.5336,-0.8991,13.3398
72.7000,0.7080,-0.7381,-1.0237,11.9618
72.8000,0.8998,-0.9427,-1.1483,10.3862
72.9000,1.0915,-1.1472,-1.2729,8.7725
73.0000,1.2833,-1.3518,-1.3974,7.3763
73.1000,1.4750,-1.5563,-1.5220,6.5712
73.2000,1.6668,-1.7609,-1.6466,6.6860
73.3000,1.8586,-1.9654,-1.7712,7.6614
73.4000,2.0503,-2.1700,-1.8957,9.1226
73.5000,2.2421,-2.3745,-2.0203,10.7207
73.6000,2.4338,-2.5791,-2.1449,12.2290
73.7000,2.6256,-2.7836,-2.2694,13.5062
73.8000,2.8174,-2.9882,-2.3940,14.4622
73.9000,3.0091,3.0904,-2.5186,15.0405
74.0000,-3.0823,2.8859,-2.6432,15.2100
74.1000,-2.8905,2.6813,-2.7677,14.9615
74.2000,-2.6988,2.4768,-2.8923,14.3055
74.3000,-2.5070,2.2722,-3.0169,13.2708
74.4000,-2.3153,2.0677,-3.1415,11.9041
74.5000,-2.1235,1.8631,3.0172,10.2698
74.6000,-1.9317,1.6586,2.8926,8.4545
74.7000,-1.7400,1.4540,2.7680,6.5804
74.8000,-1.5482,1.2495,2.6434,4.8528
74.9000,-1.3565,1.0449,2.5189,3.6849
75.0000,-1.1647,0.8404,2.3943,3.6581
75.1000,-0.9729,0.6358,2.2697,4.6559
75.2000,-0.7812,0.4313,2.1452,6.0140
75.3000,-0.5894,0.2267,2.0206,7.3436
75.4000,-0.3976,0.0222,1.8960,8.4768
75.5000,-0.2059,-0.1824,1.7714,9.3341
75.6000,-0.0141,-0.3870,1.6469,9.8768
75.7000,0.1776,-0.5915,1.5223,10.0926
75.8000,0.3694,-0.7961,1.3977,9.9888
75.9000,0.5612,-1.0006,1.2731,9.5905
76.0000,0.7529,-1.2052,1.1486,8.9380
76.1000,0.9447,-1.4097,1.0240,8.0861
76.2000,1.1364,-1.6143,0.8994,7.1036
76.3000,1.3282,-1.8188,0.7749,6.0732
76.4000,1.5200,-2.0234,0.6503,5.0935
76.5000,1.7117,-2.2279,0.5257,4.2768
76.6000,1.9035,-2.4325,0.4011,3.7290
76.7000,2.0952,-2.6370,0.2766,3.4917
76.8000,2.2870,-2.8416,0.1520,3.4892
76.9000,2.4788,-3.0461,0.0274,3.5713
77.0000,2.6705,3.0325,-0.0972,3.6020
77.1000,2.8623,2.8280,-0.2217,3.4996
77.2000,3.0540,2.6234,-0.3463,3.2404
77.3000,-3.0374,2.4188,-0.4709,2.8648
77.4000,-2.8456,2.2143,-0.5954,2.5108
77.5000,-2.6539,2.0097,-0.7200,2.4499
77.6000,-2.4621,1.8052,-0.8446,2.9200
77.7000,-2.2703,1.6006,-0.9692,3.8520
77.8000,-2.0786,1.3961,-1.0937,5.0375
77.9000,-1.8868,1.1915,-1.2183,6.3157
78.0000,-1.6951,0.9870,-1.3429,7.5744
78.1000,-1.5033,0.7824,-1.4674,8.7260
78.2000,-1.3115,0.5779,-1.5920,9.6983
78.3000,-1.1198,0.3733,-1.7166,10.4309
78.4000,-0.9280,0.1688,-1.8412,10.8757
78.5000,-0.7363,-0.0358,-1.9657,10.9982
78.6000,-0.5445,-0.2403,-2.0903,10.7792
78.7000,-0.3527,-0.4449,-2.2149,10.2169
78.8000,-0.1610,-0.6494,-2.3395,9.3305
78.9000,0.0308,-0.8540,-2.4640,8.1659
79.0000,0.2225,-1.0585,-2.5886,6.8118
79.1000,0.4143,-1.2631,-2.7132,5.4415
79.2000,0.6061,-1.4676,-2.8377,4.4128
79.3000,0.7978,-1.6722,-2.9623,4.2947
79.4000,0.9896,-1.8767,-3.0869,5.2794
79.5000,1.1813,-2.0813,3.0717,6.9089
79.6000,1.3731,-2.2859,2.9471,8.7501
79.7000,1.5649,-2.4904,2.8226,10.5637
79.8000,1.7566,-2.6950,2.6980,12.2085
79.9000,1.9484,-2.8995,2.5734,13.5889
80.0000,2.1401,-3.1041,2.4489,14.6356
80.1000,2.3319,2.9746,2.3243,15.2998
80.2000,2.5237,2.7700,2.1997,15.5517
80.3000,2.7154,2.5655,2.0751,15.3807
80.4000,2.9072,2.3609,1.9506,14.7960
80.5000,3.0989,2.1564,1.8260,13.8287
80.6000,-2.9925,1.9518,1.7014,12.5346
80.7000,-2.8007,1.7473,1.5769,11.0017
80.8000,-2.6090,1.5427,1.4523,9.3654
80.9000,-2.4172,1.3382,1.3277,7.8406
81.0000,-2.2254,1.1336,1.2031,6.7611
81.1000,-2.0337,0.9290,1.0786,6.5109
81.2000,-1.8419,0.7245,0.9540,7.1981
81.3000,-1.6502,0.5199,0.8294,8.5188
81.4000,-1.4584,0.3154,0.7048,10.0874
81.5000,-1.2666,0.1108,0.5803,11.6342
81.6000,-1.0749,-0.0937,0.4557,12.9925
81.7000,-0.8831,-0.2983,0.3311,14.0569
81.8000,-0.6913,-0.5028,0.2066,14.7608
81.9000,-0.4996,-0.7074,0.0820,15.0655
82.0000,-0.3078,-0.9119,-0.0426,14.9550
82.1000,-0.1161,-1.1165,-0.1672,14.4334
82.2000,0.0757,-1.3210,-0.2917,13.5237
82.3000,0.2675,-1.5256,-0.4163,12.2659
82.4000,0.4592,-1.7301,-0.5409,10.7175
82.5000,0.6510,-1.9347,-0.6655,8.9544
82.6000,0.8427,-2.1392,-0.7900,7.0794
82.7000,1.0345,-2.3438,-0.9146,5.2511
82.8000,1.2263,-2.5483,-1.0392,3.7804
82.9000,1.4180,-2.7529,-1.1637,3.2693
83.0000,1.6098,-2.9574,-1.2883,3.9862
83.1000,1.8015,3.1212,-1.4129,5.2857
83.2000,1.9933,2.9166,-1.5375,6.6440
83.3000,2.1851,2.7121,-1.6620,7.8424
83.4000,2.3768,2.5075,-1.7866,8.7844
83.5000,2.5686,2.3030,-1.9112,9.4238
83.6000,2.7603,2.0984,-2.0357,9.7433
83.7000,2.9521,1.8939,-2.1603,9.7463
83.8000,-3.1393,1.6893,-2.2849,9.4548
83.9000,-2.9476,1.4848,-2.4095,8.9064
84.0000,-2.7558,1.2802,-2.5340,8.1541
84.1000,-2.5640,1.0757,-2.6586,7.2651
84.2000,-2.3723,0.8711,-2.7832,6.3208
84.3000,-2.1805,0.6666,-2.9078,5.4166
84.4000,-1.9888,0.4620,-3.0323,4.6566
84.5000,-1.7970,0.2575,3.1263,4.1324
84.6000,-1.6052,0.0529,3.0017,3.8762
84.7000,-1.4135,-0.1516,2.8771,3.8248
84.8000,-1.2217,-0.3562,2.7526,3.8502
84.9000,-1.0300,-0.5607,2.6280,3.8274
85.0000,-0.8382,-0.7653,2.5034,3.6717
85.1000,-0.6464,-0.9699,2.3788,3.3464
85.2000,-0.4547,-1.1744,2.2543,2.8697
85.3000,-0.2629,-1.3790,2.1297,2.3485
85.4000,-0.0712,-1.5835,2.0051,2.0699
85.5000,0.1206,-1.7881,1.8806,2.4194
85.6000,0.3124,-1.9926,1.7560,3.3633
85.7000,0.5041,-2.1972,1.6314,4.6110
85.8000,0.6959,-2.4017,1.5068,5.9677
85.9000,0.8876,-2.6063,1.3823,7.3145
86.0000,1.0794,-2.8108,1.2577,8.5631
86.1000,1.2712,-3.0154,1.1331,9.6404
86.2000,1.4629,3.0633,1.0086,10.4845
86.3000,1.6547,2.8587,0.8840,11.0451
86.4000,1.8464,2.6542,0.7594,11.2846
86.5000,2.0382,2.4496,0.6348,11.1801
86.6000,2.2300,2.2450,0.5103,10.7254
86.7000,2.4217,2.0405,0.3857,9.9339
86.8000,2.6135,1.8359,0.2611,8.8439
86.9000,2.8052,1.6314,0.1365,7.5295
87.0000,2.9970,1.4268,0.0120,6.1301
87.1000,-3.0944,1.2223,-0.1126,4.9239
87.2000,-2.9027,1.0177,-0.2372,4.4150
87.3000,-2.7109,0.8132,-0.3617,5.0098
87.4000,-2.5191,0.6086,-0.4863,6.4430
87.5000,-2.3274,0.4041,-0.6109,8.2290
87.6000,-2.1356,0.1995,-0.7355,10.0646
87.7000,-1.9439,-0.0050,-0.8600,11.7774
87.8000,-1.7521,-0.2096,-0.9846,13.2561
87.9000,-1.5603,-0.4141,-1.1092,14.4218
88.0000,-1.3686,-0.6187,-1.2338,15.2182
88.1000,-1.1768,-0.8232,-1.3583,15.6089
88.2000,-0.9850,-1.0278,-1.4829,15.5766
88.3000,-0.7933,-1.2323,-1.6075,15.1241
88.4000,-0.6015,-1.4369,-1.7320,14.2747
88.5000,-0.4098,-1.6414,-1.8566,13.0756
88.6000,-0.2180,-1.8460,-1.9812,11.6022
88.7000,-0.0262,-2.0505,-2.1058,9.9703
88.8000,0.1655,-2.2551,-2.2303,8.3607
88.9000,0.3573,-2.4597,-2.3549,7.0609
89.0000,0.5490,-2.6642,-2.4795,6.4612
89.1000,0.7408,-2.8688,-2.6040,6.8151
89.2000,0.9326,-3.0733,-2.7286,7.9438
89.3000,1.1243,3.0053,-2.8532,9.4493
89.4000,1.3161,2.8008,-2.9778,11.0144
89.5000,1.5078,2.5962,-3.1023,12.4408
89.6000,1.6996,2.3917,3.0563,13.6050
89.7000,1.8914,2.1871,2.9317,14.4292
89.8000,2.0831,1.9826,2.8071,14.8661
89.9000,2.2749,1.7780,2.6826,14.8927
90.0000,2.4666,1.5735,2.5580,14.5071
90.1000,2.6584,1.3689,2.4334,13.7260
90.2000,2.8502,1.1644,2.3088,12.5836
90.3000,3.0419,0.9598,2.1843,11.1307
90.4000,-3.0495,0.7553,2.0597,9.4349
90.5000,-2.8577,0.5507,1.9351,7.5847
90.6000,-2.6660,0.3461,1.8105,5.7064
90.7000,-2.4742,0.1416,1.6860,4.0264
90.8000,-2.2825,-0.0630,1.5614,3.0496
90.9000,-2.0907,-0.2675,1.4368,3.3707
91.0000,-1.8989,-0.4721,1.3123,4.5601
91.1000,-1.7072,-0.6766,1.1877,5.9302
91.2000,-1.5154,-0.8812,1.0631,7.1851
91.3000,-1.3237,-1.0857,0.9385,8.2055
91.4000,-1.1319,-1.2903,0.8140,8.9363
91.5000,-0.9401,-1.4948,0.6894,9.3549
91.6000,-0.7484,-1.6994,0.5648,9.4613
91.7000,-0.5566,-1.9039,0.4403,9.2738
91.8000,-0.3649,-2.1085,0.3157,8.8277
91.9000,-0.1731,-2.3130,0.1911,8.1740
92.0000,0.0187,-2.5176,0.0665,7.3784
92.1000,0.2104,-2.7221,-0.0580,6.5208
92.2000,0.4022,-2.9267,-0.1826,5.6940
92.3000,0.5939,-3.1312,-0.3072,4.9960
92.4000,0.7857,2.9474,-0.4318,4.5080
92.5000,0.9775,2.7428,-0.5563,4.2555
92.6000,1.1692,2.5383,-0.6809,4.1821
92.7000,1.3610,2.3337,-0.8055,4.1752
92.8000,1.5527,2.1292,-0.9300,4.1192
92.9000,1.7445,1.9246,-1.0546,3.9287
93.0000,1.9363,1.7201,-1.1792,3.5578
93.1000,2.1280,1.5155,-1.3038,3.0043
93.2000,2.3198,1.3110,-1.4283,2.3336
93.3000,2.5115,1.1064,-1.5529,1.7862
93.4000,2.7033,0.9019,-1.6775,1.9116
93.5000,2.8951,0.6973,-1.8021,2.8391
93.6000,3.0868,0.4928,-1.9266,4.1449
93.7000,-3.0046,0.2882,-2.0512,5.5773
93.8000,-2.8128,0.0837,-2.1758,7.0094
93.9000,-2.6211,-0.1209,-2.3003,8.3526
94.0000,-2.4293,-0.3254,-2.4249,9.5334
94.1000,-2.2376,-0.5300,-2.5495,10.4887
94.2000,-2.0458,-0.7345,-2.6741,11.1659
94.3000,-1.8540,-0.9391,-2.7986,11.5244
94.4000,-1.6623,-1.1437,-2.9232,11.5376
94.5000,-1.4705,-1.3482,-3.0478,11.1951
94.6000,-1.2788,-1.5528,3.1108,10.5049
94.7000,-1.0870,-1.7573,2.9863,9.4980
94.8000,-0.8952,-1.9619,2.8617,8.2368
94.9000,-0.7035,-2.1664,2.7371,6.8357
95.0000,-0.5117,-2.3710,2.6125,5.5137
95.1000,-0.3199,-2.5755,2.4880,4.6879
95.2000,-0.1282,-2.7801,2.3634,4.8629
95.3000,0.0636,-2.9846,2.2388,6.0282
95.4000,0.2553,3.0940,2.1143,7.7138
95.5000,0.4471,2.8895,1.9897,9.5460
95.6000,0.6389,2.6849,1.8651,11.3114
95.7000,0.8306,2.4804,1.7405,12.8783
95.8000,1.0224,2.2758,1.6160,14.1564
95.9000,1.2141,2.0713,1.4914,15.0812
96.0000,1.4059,1.8667,1.3668,15.6094
96.1000,1.5977,1.6621,1.2422,15.7170
96.2000,1.7894,1.4576,1.1177,15.4000
96.3000,1.9812,1.2530,0.9931,14.6748
96.4000,2.1729,1.0485,0.8685,13.5801
96.5000,2.3647,0.8439,0.7440,12.1807
96.6000,2.5565,0.6394,0.6194,10.5761
96.7000,2.7482,0.4348,0.4948,8.9189
96.8000,2.9400,0.2303,0.3702,7.4523
96.9000,3.1317,0.0257,0.2457,6.5399
97.0000,-2.9597,-0.1788,0.1211,6.5325
97.1000,-2.7679,-0.3834,-0.0035,7.4140
97.2000,-2.5762,-0.5879,-0.1280,8.8164
97.3000,-2.3844,-0.7925,-0.2526,10.3758
97.4000,-2.1926,-0.9970,-0.3772,11.8554
97.5000,-2.0009,-1.2016,-0.5018,13.1096
97.6000,-1.8091,-1.4061,-0.6263,14.0475
97.7000,-1.6174,-1.6107,-0.7509,14.6127
97.8000,-1.4256,-1.8152,-0.8755,14.7750
97.9000,-1.2338,-2.0198,-1.0001,14.5259
98.0000,-1.0421,-2.2243,-1.1246,13.8762
98.1000,-0.8503,-2.4289,-1.2492,12.8544
98.2000,-0.6586,-2.6334,-1.3738,11.5052
98.3000,-0.4668,-2.8380,-1.4983,9.8891
98.4000,-0.2750,-3.0426,-1.6229,8.0840
98.5000,-0.0833,3.0361,-1.7475,6.1939
98.6000,0.1085,2.8315,-1.8721,4.3856
98.7000,0.3002,2.6270,-1.9966,3.0278
98.8000,0.4920,2.4224,-2.1212,2.8459
98.9000,0.6838,2.2179,-2.2458,3.8463
99.0000,0.8755,2.0133,-2.3704,5.2064
99.1000,1.0673,1.8088,-2.4949,6.5085
99.2000,1.2590,1.6042,-2.6195,7.6007
99.3000,1.4508,1.3997,-2.7441,8.4173
99.4000,1.6426,1.1951,-2.8686,8.9304
99.5000,1.8343,0.9906,-2.9932,9.1360
99.6000,2.0261,0.7860,-3.1178,9.0493
99.7000,2.2178,0.5815,3.0408,8.7032
99.8000,2.4096,0.3769,2.9163,8.1465
99.9000,2.6014,0.1723,2.7917,7.4434
