time, running_average(5), position_error, PI_output, smoothed_output, PID_out, kalman_estimate, kalman_gain
0,14.3934,-0,0,0,0,14.2509,0.990099
0.1,16.3318,1.93839,-2.13223,-0.533058,-0.533058,16.2516,0.497764
0.2,17.9853,3.30698,-3.83152,-1.35767,-1.35767,17.929,0.332784
0.3,19.3038,3.95547,-4.87555,-2.23714,-2.23714,19.263,0.250253
0.4,20.2626,3.83515,-5.13875,-2.96254,-2.96254,20.2338,0.200801
0.5,22.1592,1.7172,-3.19252,-3.02004,-3.02004,20.8454,0.167916
0.6,23.0682,-0.252964,-1.19706,-2.56429,-2.56429,21.1301,0.144506
0.7,23.0716,-1.76213,0.488315,-1.80114,-1.80114,21.1529,0.127024
0.8,22.402,-2.49069,1.46595,-0.984368,-0.984368,21.012,0.113494
0.9,21.4274,-2.20282,1.39836,-0.388686,-0.388686,20.8283,0.102732
1,20.5977,-0.869637,0.152141,-0.25348,-0.25348,20.7249,0.0939826
1.1,20.3339,1.16215,-1.99586,-0.689075,-0.689075,20.7918,0.0867435
1.2,20.9124,3.28939,-4.45204,-1.62982,-1.62982,21.0669,0.0806656
1.3,22.3921,4.91789,-6.57233,-2.86545,-2.86545,21.5382,0.0754999
1.4,24.6012,5.66905,-7.89039,-4.12168,-4.12168,22.1588,0.0710635
1.5,27.1884,5.47552,-8.24442,-5.15237,-5.15237,22.8649,0.0672195
1.6,29.7351,4.49459,-7.71295,-5.79251,-5.79251,23.5907,0.0638628
1.7,31.8738,3.02124,-6.54172,-5.97981,-5.97981,24.2793,0.0609119
1.8,33.3636,1.39527,-5.05527,-5.74868,-5.74868,24.8903,0.0583023
1.9,34.1273,-0.0384598,-3.6177,-5.21593,-5.21593,25.4052,0.0559824
2,34.2512,-0.967461,-2.59195,-4.55994,-4.55994,25.83,0.0539104
2.1,33.9654,-1.16495,-2.27797,-3.98945,-3.98945,26.1928,0.0520522
2.2,33.5887,-0.577087,-2.80812,-3.69412,-3.69412,26.5363,0.0503795
2.3,33.4529,0.627029,-4.07494,-3.78932,-3.78932,26.905,0.0488686
2.4,33.8077,2.05507,-5.70849,-4.26912,-4.26912,27.3305,0.0474999
2.5,34.7458,3.22862,-7.20491,-5.00306,-5.00306,27.8228,0.0462565
2.6,36.1676,3.74181,-8.09227,-5.77536,-5.77536,28.3682,0.0451241
2.7,37.7987,3.36799,-8.05525,-6.34534,-6.34534,28.9325,0.0440904
2.8,39.2506,2.08888,-6.98503,-6.50526,-6.50526,29.4678,0.043145
2.9,40.1056,0.0322075,-4.93158,-6.11184,-6.11184,29.9189,0.0422786
3,39.9929,-2.58173,-2.05946,-5.09875,-5.09875,30.2297,0.0414833
3.1,38.6434,-5.48151,1.38846,-3.47694,-3.47694,30.3492,0.040752
3.2,35.9149,-8.39071,5.13674,-1.32352,-1.32352,30.236,0.0400786
3.3,31.804,-11.0188,8.86672,1.22404,1.22404,29.8631,0.0394578
3.4,26.4528,-13.0711,12.2261,3.97454,3.97454,29.2222,0.0388846
3.5,20.1744,-14.1555,14.726,6.66242,6.66242,28.3322,0.0383548
3.6,13.5591,-13.4735,15.3915,8.84468,8.84468,27.2627,0.0378646
3.7,7.712,-9.42351,12.2838,9.70445,9.70445,26.1787,0.0374107
3.8,3.81419,-2.51802,5.63009,8.68586,8.68586,25.2583,0.0369899
3.9,2.30036,3.51227,-0.751436,6.32654,6.32654,24.5466,0.0365995
4,3.04759,6.70746,-4.61737,3.59056,3.59056,24.0106,0.036237
4.1,5.49505,6.82788,-5.42058,1.33778,1.33778,23.591,0.0359002
4.2,8.4746,4.7116,-3.77546,0.0594672,0.0594672,23.2208,0.035587
4.3,10.6642,1.58015,-0.802026,-0.155906,-0.155906,22.8334,0.0352956
4.4,11.4117,-1.86178,2.82609,0.589592,0.589592,22.3681,0.0350244
4.5,10.5189,-5.22778,6.71486,2.12091,2.12091,21.7743,0.0347718
4.6,8.01667,-8.20496,10.5125,4.21882,4.21882,21.0158,0.0345363
4.7,4.14163,-10.3306,13.6713,6.58194,6.58194,20.0822,0.0343168
4.8,-0.0224947,-8.55373,12.7497,8.12389,8.12389,19.1046,0.0341121
4.9,-2.5203,-0.418817,4.65672,7.2571,7.2571,18.3569,0.0339211
5,-2.80786,6.6612,-3.08942,4.67047,4.67047,17.8675,0.0337427
5.1,-0.729092,10.9347,-8.45635,1.38876,1.38876,17.6102,0.0335762
5.2,3.63424,11.9934,-10.7144,-1.63703,-1.63703,17.544,0.0334206
5.3,9.31774,10.5235,-10.2969,-3.802,-3.802,17.6204,0.0332753
5.4,14.4435,8.24616,-8.84416,-5.06254,-5.06254,17.7884,0.0331394
5.5,18.5034,5.64929,-6.81221,-5.49996,-5.49996,17.9985,0.0330124
5.6,21.3326,3.01915,-4.48399,-5.24597,-5.24597,18.2075,0.0328936
5.7,22.9191,0.64122,-2.17018,-4.47702,-4.47702,18.383,0.0327825
5.8,23.3889,-1.19877,-0.210314,-3.41034,-3.41034,18.5074,0.0326785
5.9,23.0059,-2.2312,1.04524,-2.29645,-2.29645,18.5812,0.0325812
6,22.147,-2.28875,1.33166,-1.38942,-1.38942,18.6227,0.0324902
6.1,21.2427,-1.41274,0.596924,-0.892834,-0.892834,18.6619,0.0324049
6.2,20.6807,0.0695515,-0.892321,-0.892706,-0.892706,18.7294,0.0323251
6.3,20.7073,1.61603,-2.6004,-1.31963,-1.31963,18.8453,0.0322504
6.4,21.3687,2.71305,-3.96873,-1.9819,-1.9819,19.0138,0.0321804
6.5,22.5037,3.02967,-4.58831,-2.63351,-2.63351,19.2232,0.0321148
6.6,23.7996,2.50975,-4.31937,-3.05497,-3.05497,19.4503,0.0320533
6.7,24.8919,1.31963,-3.26121,-3.10653,-3.10653,19.6666,0.0319958
6.8,25.4711,-0.251503,-1.66493,-2.74613,-2.74613,19.844,0.0319418
6.9,25.3558,-1.85079,0.119441,-2.02974,-2.02974,19.9608,0.0318913
7,24.5367,-3.09846,1.67696,-1.10306,-1.10306,20.0078,0.0318439
7.1,23.1855,-3.6325,2.57424,-0.183737,-0.183737,19.9933,0.0317995
7.2,21.6338,-3.18048,2.44027,0.472265,0.472265,19.9444,0.0317578
7.3,20.3058,-1.72651,1.15895,0.643937,0.643937,19.9011,0.0317188
7.4,19.5971,0.364624,-0.968644,0.240791,0.240791,19.9031,0.0316822
7.5,19.749,2.44866,-3.29755,-0.643794,-0.643794,19.9757,0.0316478
7.6,20.7701,3.88819,-5.1259,-1.76432,-1.76432,20.1237,0.0316157
7.7,22.4268,4.31031,-5.97904,-2.818,-2.818,20.3326,0.0315855
7.8,24.2988,3.6403,-5.67306,-3.53177,-3.53177,20.5726,0.0315572
7.9,25.8906,2.03038,-4.26618,-3.71537,-3.71537,20.8043,0.0315306
8,26.7498,-0.256268,-1.95391,-3.275,-3.275,20.9836,0.0315057
8.1,26.537,-2.9428,1.0269,-2.19953,-2.19953,21.0658,0.0314824
8.2,25.048,-5.75585,4.41553,-0.545762,-0.545762,21.01,0.0314605
8.3,22.2118,-8.45362,7.95867,1.58034,1.58034,20.782,0.0314399
8.4,18.0788,-10.8229,11.4103,4.03782,4.03782,20.357,0.0314206
8.5,12.8084,-12.6667,14.5207,6.65855,6.65855,19.7222,0.0314025
8.6,6.69136,-13.6824,16.9047,9.22008,9.22008,18.8838,0.0313856
8.7,0.959176,-10.328,14.583,10.5608,10.5608,17.9975,0.0313696
8.8,-2.45129,-0.842833,5.18217,9.21616,9.21616,17.3299,0.0313547
8.9,-3.34078,6.14917,-2.42475,6.30593,6.30593,16.8748,0.0313407
9,-1.77917,9.7289,-6.97738,2.9851,2.9851,16.5952,0.0313275
9.1,1.98648,9.85071,-8.08425,0.217765,0.217765,16.4462,0.0313152
9.2,6.72091,7.58246,-6.57424,-1.48024,-1.48024,16.3791,0.0313036
9.3,10.435,4.84135,-4.31727,-2.1895,-2.1895,16.3446,0.0312927
9.4,12.828,1.9455,-1.61597,-2.04611,-2.04611,16.2954,0.0312825
9.5,13.8171,-0.922111,1.34385,-1.19862,-1.19862,16.1891,0.031273
9.6,13.4131,-3.59601,4.37736,0.195371,0.195371,15.9899,0.031264
9.7,11.7066,-5.93539,7.31027,1.9741,1.9741,15.6705,0.0312555
9.8,8.85773,-7.82588,9.98335,3.97641,3.97641,15.2131,0.0312476
9.9,5.08144,-9.18932,12.2657,6.04874,6.04874,14.6095,0.0312402
10,0.634221,-9.97535,14.0493,8.04887,8.04887,13.8614,0.0312332
10.1,-3.64394,-7.92984,12.7968,9.23585,9.23585,13.0672,0.0312267
10.2,-6.19258,-0.779374,5.72423,8.35794,8.35794,12.4415,0.0312206
10.3,-7.00271,3.98389,0.562576,6.4091,6.4091,11.9589,0.0312148
10.4,-6.15499,6.28571,-2.36782,4.21487,4.21487,11.5898,0.0312094
10.5,-3.80923,6.1969,-2.8987,2.43648,2.43648,11.3026,0.0312043
10.6,-0.749204,4.47556,-1.62492,1.42113,1.42113,11.0663,0.0311996
10.7,1.48225,2.70308,-0.122743,1.03516,1.03516,10.8516,0.0311951
10.8,2.85819,1.00267,1.47741,1.14572,1.14572,10.6336,0.0311909
10.9,3.41048,-0.518324,3.05023,1.62185,1.62185,10.3921,0.031187
11,3.22537,-1.76322,4.47145,2.33425,2.33425,10.1137,0.0311833
11.1,2.43844,-2.64674,5.61964,3.1556,3.1556,9.79184,0.0311798
11.2,1.22573,-3.10393,6.38722,3.9635,3.9635,9.42801,0.0311765
11.3,-0.198105,-3.06023,6.64955,4.63501,4.63501,9.03253,0.0311735
11.4,-1.59344,-2.49108,6.32951,5.05864,5.05864,8.62366,0.0311706
11.5,-2.72409,-1.467,5.45213,5.15701,5.15701,8.22425,0.0311679
11.6,-3.40698,-0.21578,4.22248,4.92338,4.92338,7.85504,0.0311654
11.7,-3.5519,0.949104,2.96269,4.43321,4.43321,7.52914,0.031163
11.8,-3.17113,1.81664,1.91349,3.80328,3.80328,7.25232,0.0311608
11.9,-2.36672,2.30426,1.19544,3.15132,3.15132,7.0244,0.0311587
12,-1.30238,2.433,0.823408,2.56934,2.56934,6.84077,0.0311567
12.1,-0.157553,2.25892,0.771588,2.1199,2.1199,6.69311,0.0311549
12.2,0.908703,1.81978,1.02875,1.84712,1.84712,6.5696,0.0311532
12.3,1.76003,1.14212,1.5922,1.78339,1.78339,6.45535,0.0311516
12.4,2.27564,0.239931,2.4704,1.95514,1.95514,6.33263,0.03115
12.5,2.34795,-0.855799,3.65171,2.37928,2.37928,6.18186,0.0311486
12.6,1.8878,-2.08717,5.0918,3.05741,3.05741,5.9831,0.0311473
12.7,0.832142,-3.38193,6.72475,3.97425,3.97425,5.71733,0.031146
12.8,-0.840206,-4.61938,8.42413,5.08672,5.08672,5.36923,0.0311448
12.9,-3.06184,-5.53074,9.88857,6.28718,6.28718,4.93441,0.0311437
13,-5.37213,-4.68721,9.51376,7.09383,7.09383,4.46746,0.0311427
13.1,-6.79013,-0.499239,5.37571,6.6643,6.6643,4.10133,0.0311417
13.2,-6.95218,3.59215,0.925113,5.2295,5.2295,3.86898,0.0311408
13.3,-5.74918,6.30461,-2.41782,3.31767,3.31767,3.7658,0.0311399
13.4,-3.2126,7.30293,-4.14642,1.45165,1.45165,3.7759,0.0311391
13.5,0.198098,6.79603,-4.31913,0.00895458,0.00895458,3.87611,0.0311383
13.6,3.47126,5.60517,-3.68879,-0.915481,-0.915481,4.03804,0.0311376
13.7,6.18261,4.01413,-2.49916,-1.3114,-1.3114,4.2298,0.031137
13.8,8.12789,2.1539,-0.854322,-1.19713,-1.19713,4.41824,0.0311363
13.9,9.17654,0.157061,1.12682,-0.616144,-0.616144,4.57128,0.0311357
14,9.26584,-1.8252,3.2916,0.360791,0.360791,4.66062,0.0311352
14.1,8.41113,-3.60823,5.43545,1.62946,1.62946,4.66505,0.0311347
14.2,6.72918,-4.94221,7.26365,3.03801,3.03801,4.57544,0.0311342
14.3,4.48033,-5.44279,8.30851,4.35563,4.35563,4.40303,0.0311337
14.4,2.13061,-4.5456,7.86588,5.2332,5.2332,4.19076,0.0311333
14.5,0.299004,-2.01639,5.53831,5.30947,5.30947,4.00682,0.0311329
14.6,-0.530903,1.18427,2.21922,4.53691,4.53691,3.90242,0.0311325
14.7,-0.171184,3.75674,-0.728923,3.22045,3.22045,3.89256,0.0311322
14.8,1.27938,5.01097,-2.48425,1.79428,1.79428,3.9672,0.0311318
14.9,3.42743,4.89781,-2.86087,0.630489,0.630489,4.10288,0.0311315
15,5.66159,3.79185,-2.1341,-0.0606581,-0.0606581,4.26945,0.0311312
15.1,7.44768,2.13611,-0.69197,-0.218486,-0.218486,4.43489,0.0311309
15.2,8.48366,0.281828,1.13413,0.119669,0.119669,4.5697,0.0311307
15.3,8.66106,-1.48374,3.04807,0.85177,0.85177,4.65088,0.0311304
15.4,8.03623,-2.83511,4.68295,1.80957,1.80957,4.66801,0.0311302
15.5,6.83056,-3.40548,5.59388,2.75564,2.75564,4.62931,0.03113
15.6,5.43675,-2.82203,5.29262,3.38989,3.38989,4.5666,0.0311298
15.7,4.34917,-1.02157,3.59432,3.441,3.441,4.52803,0.0311296
15.8,3.99958,1.42977,1,2.83075,2.83075,4.55609,0.0311294
15.9,4.61496,3.6631,-1.59964,1.72315,1.72315,4.67195,0.0311293
16,6.17253,5.04037,-3.48094,0.422128,0.422128,4.87556,0.0311291
16.1,8.40123,5.35703,-4.3333,-0.76673,-0.76673,5.15207,0.031129
16.2,10.8613,4.76661,-4.21954,-1.62993,-1.62993,5.47817,0.0311288
16.3,13.1152,3.5835,-3.39478,-2.07114,-2.07114,5.82745,0.0311287
16.4,14.8618,2.14955,-2.17579,-2.09731,-2.09731,6.17559,0.0311286
16.5,15.9694,0.781603,-0.886003,-1.79448,-1.79448,6.50479,0.0311285
16.6,16.47,-0.208832,0.125315,-1.31453,-1.31453,6.80849,0.0311283
16.7,16.5424,-0.552647,0.524395,-0.8548,-0.8548,7.09429,0.0311282
16.8,16.478,-0.101217,0.0830869,-0.620328,-0.620328,7.38324,0.0311282
16.9,16.6126,1.07175,-1.19705,-0.764509,-0.764509,7.70389,0.0311281
17,17.2368,2.63494,-3.02374,-1.32932,-1.32932,8.08265,0.031128
17.1,18.5079,4.10907,-4.90878,-2.22418,-2.22418,8.53507,0.0311279
17.2,20.4049,5.06982,-6.3765,-3.26226,-3.26226,9.06237,0.0311278
17.3,22.7286,5.26666,-7.10002,-4.2217,-4.2217,9.65171,0.0311278
17.4,25.1508,4.64446,-6.94226,-4.90184,-4.90184,10.2787,0.0311277
17.5,27.2939,3.2932,-5.92032,-5.15646,-5.15646,10.9109,0.0311276
17.6,28.8102,1.38845,-4.15441,-4.90595,-4.90595,11.5113,0.0311276
17.7,29.4247,-0.877621,-1.80058,-4.12961,-4.12961,12.0415,0.0311275
17.8,28.9571,-3.2997,0.951463,-2.85934,-2.85934,12.4654,0.0311275
17.9,27.3245,-5.69202,3.91299,-1.16626,-1.16626,12.7507,0.0311274
18,24.5432,-7.86266,6.86989,0.84278,0.84278,12.873,0.0311274
18.1,20.7141,-9.66105,9.63439,3.04068,3.04068,12.8164,0.0311274
18.2,16.021,-10.9395,12.0068,5.28221,5.28221,12.5756,0.0311273
18.3,10.7322,-11.5188,13.738,7.39616,7.39616,12.1597,0.0311273
18.4,5.26622,-10.9636,14.2792,9.11692,9.11692,11.6039,0.0311272
18.5,0.487176,-7.70183,11.7876,9.78458,9.78458,11.0181,0.0311272
18.6,-2.62219,-1.87155,6.14443,8.87454,8.87454,10.5353,0.0311272
18.7,-3.81559,2.93008,1.04979,6.91835,6.91835,10.1798,0.0311271
18.8,-3.19894,5.49555,-2.06524,4.67246,4.67246,9.93437,0.0311271
18.9,-1.09927,5.90023,-3.05993,2.73936,2.73936,9.77459,0.0311271
19,1.67596,4.98555,-2.64382,1.39356,1.39356,9.67769,0.0311271
19.1,4.18577,3.86951,-1.91473,0.566491,0.566491,9.62718,0.031127
19.2,6.20762,3.01612,-1.36295,0.0841315,0.0841315,9.61463,0.031127
19.3,7.83061,2.58093,-1.18584,-0.233363,-0.233363,9.63943,0.031127
19.4,9.2269,2.55552,-1.41599,-0.529018,-0.529018,9.70614,0.031127
19.5,10.5664,2.7925,-1.93222,-0.879819,-0.879819,9.81983,0.031127
19.6,11.9616,3.06992,-2.51663,-1.28902,-1.28902,9.98206,0.031127
19.7,13.4368,3.16276,-2.92575,-1.69821,-1.69821,10.188,0.0311269
19.8,14.9231,2.92004,-2.97504,-2.01741,-2.01741,10.4263,0.0311269
19.9,16.283,2.29881,-2.58368,-2.15898,-2.15898,10.6802,0.0311269
20,17.3515,1.35003,-1.76991,-2.06171,-2.06171,10.9299,0.0311269
20.1,17.9862,0.218882,-0.660648,-1.71145,-1.71145,11.1563,0.0311269
20.2,18.1094,-0.893982,0.541614,-1.14818,-1.14818,11.3449,0.0311269
20.3,17.7417,-1.73715,1.55849,-0.471513,-0.471513,11.49,0.0311269
20.4,17.0181,-2.05436,2.08115,0.166652,0.166652,11.5981,0.0311269
20.5,16.1836,-1.65449,1.84672,0.586669,0.586669,11.6893,0.0311269
20.6,15.5498,-0.513681,0.757282,0.629322,0.629322,11.7935,0.0311268
20.7,15.4139,1.12222,-0.990837,0.224283,0.224283,11.9411,0.0311268
20.8,15.9691,2.81153,-2.9613,-0.572114,-0.572114,12.154,0.0311268
20.9,17.2458,4.10144,-4.66135,-1.59442,-1.59442,12.4402,0.0311268
21,19.0994,4.69753,-5.7272,-2.62762,-2.62762,12.7937,0.0311268
21.1,21.2474,4.52868,-6.01122,-3.47352,-3.47352,13.1978,0.0311268
21.2,23.3502,3.69998,-5.55251,-3.99327,-3.99327,13.6289,0.0311268
21.3,25.1002,2.43019,-4.52575,-4.12639,-4.12639,14.0617,0.0311268
21.4,26.2861,0.99095,-3.1856,-3.89119,-3.89119,14.473,0.0311268
21.5,26.8283,-0.320417,-1.84219,-3.37894,-3.37894,14.8476,0.0311268
21.6,26.7944,-1.18798,-0.855828,-2.74816,-2.74816,15.1825,0.0311268
21.7,26.3944,-1.34416,-0.565231,-2.20243,-2.20243,15.4897,0.0311268
21.8,25.9506,-0.639297,-1.20617,-1.95336,-1.95336,15.7954,0.0311268
21.9,25.8288,0.839237,-2.76863,-2.15718,-2.15718,16.1338,0.0311268
22,26.3441,2.74037,-4.94379,-2.85383,-2.85383,16.5369,0.0311268
22.1,27.6663,4.551,-7.20953,-3.94276,-3.94276,17.025,0.0311268
22.2,29.7686,5.79333,-9.03119,-5.21487,-5.21487,17.602,0.0311268
22.3,32.4249,6.16816,-10.0228,-6.41686,-6.41686,18.2554,0.0311268
22.4,35.262,5.59106,-10.0048,-7.31385,-7.31385,18.9588,0.0311268
22.5,37.8413,4.13976,-8.96751,-7.72727,-7.72727,19.6754,0.0311267
22.6,39.7438,1.98629,-7.01268,-7.54862,-7.54862,20.3619,0.0311267
22.7,40.628,-0.645123,-4.31675,-6.74065,-6.74065,20.9726,0.0311267
22.8,40.2587,-3.51242,-1.09821,-5.33004,-5.33004,21.4636,0.0311267
22.9,38.5191,-6.36406,2.38983,-3.40007,-3.40007,21.7964,0.0311267
23,35.4251,-8.91373,5.83088,-1.09233,-1.09233,21.9431,0.0311267
23.1,31.1438,-10.8204,8.81959,1.38565,1.38565,21.8927,0.0311267
23.2,26.0349,-11.5963,10.7552,3.72803,3.72803,21.6607,0.0311267
23.3,20.7285,-10.5142,10.7244,5.47713,5.47713,21.3044,0.0311267
23.4,16.152,-6.87966,7.77787,6.05231,6.05231,20.9299,0.0311267
23.5,13.2386,-1.29434,2.32198,5.11973,5.11973,20.6502,0.0311267
23.6,12.5313,4.2556,-3.65352,2.92642,2.92642,20.5299,0.0311267
23.7,14.0822,8.11113,-8.32016,0.114772,0.114772,20.5817,0.0311267
23.8,17.4652,9.66382,-10.8392,-2.62373,-2.62373,20.7855,0.0311267
23.9,21.8107,9.18932,-11.2837,-4.78871,-4.78871,21.1035,0.0311267
24,26.1152,7.35164,-10.1812,-6.13682,-6.13682,21.4883,0.0311267
24.1,29.6291,4.72727,-8.02951,-6.60999,-6.60999,21.8888,0.0311267
24.2,31.9172,1.71647,-5.19035,-6.25508,-6.25508,22.2544,0.0311267
24.3,32.7688,-1.38174,-1.95397,-5.17981,-5.17981,22.5387,0.0311267
24.4,32.1307,-4.32137,1.4178,-3.5304,-3.5304,22.7027,0.0311267
24.5,30.0806,-6.86389,4.64671,-1.48613,-1.48613,22.7187,0.0311267
24.6,26.8196,-8.76835,7.42801,0.742407,0.742407,22.5735,0.0311267
24.7,22.68,-9.74416,9.37823,2.90136,2.90136,22.2735,0.0311267
24.8,18.1534,-9.39976,9.97381,4.66947,4.66947,21.8526,0.0311267
24.9,13.9014,-7.35195,8.66119,5.6674,5.6674,21.3763,0.0311267
25,10.6356,-3.74794,5.43197,5.60854,5.60854,20.9253,0.0311267
25.1,8.85745,0.303267,1.35044,4.54402,4.54402,20.5591,0.0311267
25.2,8.71009,3.48903,-2.18423,2.86196,2.86196,20.2989,0.0311267
25.3,9.97697,5.11099,-4.31728,1.06715,1.06715,20.1367,0.0311267
25.4,12.1287,5.17949,-4.90373,-0.425574,-0.425574,20.0487,0.0311267
25.5,14.4759,4.14756,-4.28656,-1.39082,-1.39082,20.0043,0.0311267
25.6,16.4406,2.54357,-2.93693,-1.77735,-1.77735,19.9725,0.0311267
25.7,17.7008,0.79945,-1.27275,-1.6512,-1.6512,19.9267,0.0311267
25.8,18.1641,-0.759771,0.362446,-1.14779,-1.14779,19.8482,0.0311267
25.9,17.9102,-1.87123,1.66102,-0.445585,-0.445585,19.7296,0.0311267
26,17.1472,-2.33893,2.36262,0.256467,0.256467,19.5764,0.0311267
26.1,16.1659,-2.08833,2.32086,0.772564,0.772564,19.4053,0.0311267
26.2,15.2781,-1.21655,1.57073,0.972106,0.972106,19.239,0.0311267
26.3,14.7407,-0.0235806,0.380117,0.824109,0.824109,19.0982,0.0311267
26.4,14.6855,1.07742,-0.828629,0.410924,0.410924,18.9944,0.0311267
26.5,15.0872,1.72968,-1.65385,-0.10527,-0.10527,18.9266,0.0311267
26.6,15.7711,1.72585,-1.82261,-0.534605,-0.534605,18.8821,0.0311267
26.7,16.4604,1.04759,-1.24911,-0.713231,-0.713231,18.8393,0.0311267
26.8,16.8486,-0.190403,0.00792551,-0.532942,-0.532942,18.7714,0.0311267
26.9,16.6658,-1.81693,1.81614,0.0543292,0.0543292,18.6493,0.0311267
27,15.7204,-3.63021,3.99245,1.03886,1.03886,18.4452,0.0311267
27.1,13.914,-5.44902,6.35616,2.36819,2.36819,18.1345,0.0311267
27.2,11.2404,-7.10049,8.71767,3.95556,3.95556,17.6989,0.0311267
27.3,7.77668,-8.43726,10.8982,5.69121,5.69121,17.1275,0.0311267
27.4,3.68346,-9.30077,12.6918,7.44135,7.44135,16.4195,0.0311267
27.5,-0.706024,-9.15117,13.4573,8.94533,8.94533,15.6016,0.0311267
27.6,-4.17183,-4.69219,9.46751,9.07587,9.07587,14.84,0.0311267
27.7,-5.98462,1.06063,3.60864,7.70907,7.70907,14.2249,0.0311267
27.8,-6.11274,4.81157,-0.623461,5.62593,5.62593,13.7416,0.0311267
27.9,-4.67034,6.26501,-2.70341,3.5436,3.5436,13.3635,0.0311267
28,-1.96689,5.62695,-2.62804,2.00069,2.00069,13.0614,0.0311267
28.1,0.789662,4.12908,-1.54307,1.11475,1.11475,12.808,0.0311267
28.2,2.87646,2.63354,-0.310891,0.758338,0.758338,12.5808,0.0311267
28.3,4.27565,1.41914,0.761598,0.759153,0.759153,12.3665,0.0311267
28.4,5.12251,0.706448,1.40364,0.920275,0.920275,12.163,0.0311267
28.5,5.64734,0.636877,1.40952,1.04259,1.04259,11.98,0.0311267
28.6,6.12789,1.19359,0.733449,0.965303,0.965303,11.835,0.0311267
28.7,6.81551,2.13258,-0.418796,0.619278,0.619278,11.7451,0.0311267
28.8,7.86763,3.08777,-1.68276,0.0437684,0.0437684,11.7206,0.0311267
28.9,9.30276,3.70184,-2.66701,-0.633927,-0.633927,11.7605,0.0311267
29,10.9959,3.75396,-3.09453,-1.24908,-1.24908,11.8536,0.0311267
29.1,12.7117,3.18901,-2.84849,-1.64893,-1.64893,11.9796,0.0311267
29.2,14.1724,2.07894,-1.94631,-1.72327,-1.72327,12.1125,0.0311267
29.3,15.1204,0.574946,-0.499808,-1.41741,-1.41741,12.224,0.0311267
29.4,15.3689,-1.1216,1.3089,-0.735831,-0.735831,12.287,0.0311267
29.5,14.8274,-2.78494,3.25073,0.26081,0.26081,12.2794,0.0311267
29.6,13.5261,-4.13219,5.01121,1.44841,1.44841,12.1896,0.0311267
29.7,11.6436,-4.80445,6.16391,2.62728,2.62728,12.023,0.0311267
29.8,9.53374,-4.38789,6.18614,3.517,3.517,11.809,0.0311267
29.9,7.70054,-2.61921,4.67938,3.80759,3.80759,11.5996,0.0311267
30,6.65706,0.168033,1.87533,3.32453,3.32453,11.451,0.0311267
30.1,6.74096,3.07238,-1.33625,2.15933,2.15933,11.4,0.0311267
30.2,8.02576,5.23746,-4.02508,0.61323,0.61323,11.458,0.0311267
30.3,10.3073,6.2464,-5.65865,-0.954741,-0.954741,11.6166,0.0311267
30.4,13.1475,6.13443,-6.16014,-2.25609,-2.25609,11.8552,0.0311267
30.5,16.0249,5.18755,-5.732,-3.12507,-3.12507,12.1465,0.0311267
30.6,18.5149,3.74812,-4.66738,-3.51065,-3.51065,12.4613,0.0311267
30.7,20.3571,2.11743,-3.24844,-3.44509,-3.44509,12.773,0.0311267
30.8,21.4505,0.5702,-1.75823,-3.02338,-3.02338,13.0609,0.0311267
30.9,21.8299,-0.651123,-0.471796,-2.38548,-2.38548,13.3136,0.0311267
31,21.6496,-1.33848,0.349405,-1.70176,-1.70176,13.5314,0.0311267
31.1,21.1559,-1.36172,0.508826,-1.14911,-1.14911,13.7263,0.0311267
31.2,20.6391,-0.748503,-0.0295458,-0.869222,-0.869222,13.9182,0.0311267
31.3,20.3682,0.297981,-1.10583,-0.928374,-0.928374,14.1282,0.0311267
31.4,20.523,1.42986,-2.3807,-1.29145,-1.29145,14.3718,0.0311267
31.5,21.1444,2.27375,-3.45196,-1.83158,-1.83158,14.6534,0.0311267
31.6,22.1209,2.55605,-3.98987,-2.37115,-2.37115,14.9654,0.0311267
31.7,23.2195,2.16398,-3.81419,-2.73191,-2.73191,15.2897,0.0311267
31.8,24.14,1.12863,-2.8917,-2.77186,-2.77186,15.6003,0.0311267
31.9,24.583,-0.415312,-1.30623,-2.40545,-2.40545,15.8669,0.0311267
32,24.3012,-2.29217,0.799846,-1.60413,-1.60413,16.0581,0.0311267
32.1,23.1295,-4.31075,3.2495,-0.39072,-0.39072,16.1441,0.0311267
32.2,20.9929,-6.29246,5.86045,1.17207,1.17207,16.0991,0.0311267
32.3,17.905,-8.07566,8.45122,2.99186,2.99186,15.904,0.0311267
32.4,13.961,-9.51375,10.8407,4.95407,4.95407,15.5473,0.0311267
32.5,9.32414,-10.4992,12.8761,6.93457,6.93457,15.0268,0.0311267
32.6,4.23294,-10.8702,14.3341,8.78444,8.78444,14.3525,0.0311267
32.7,-0.780022,-9.58436,14.0067,10.09,10.09,13.5831,0.0311267
32.8,-4.26782,-3.34178,8.09828,9.59207,9.59207,12.9235,0.0311267
32.9,-5.87192,2.29864,2.22799,7.75105,7.75105,12.41,0.0311267
33,-5.66317,5.53183,-1.55838,5.42369,5.42369,12.0196,0.0311267
33.1,-3.83217,6.34992,-3.01147,3.3149,3.3149,11.7239,0.0311267
33.2,-0.886161,5.25183,-2.43856,1.87654,1.87654,11.4948,0.0311267
33.3,1.73898,3.77712,-1.34156,1.07201,1.07201,11.3087,0.0311267
33.4,3.68414,2.46838,-0.279665,0.734093,0.734093,11.1482,0.0311267
33.5,5.01428,1.50506,0.533156,0.683859,0.683859,11.0041,0.0311267
33.6,5.88408,0.982695,0.957249,0.752206,0.752206,10.8754,0.0311267
33.7,6.48924,0.902245,0.947475,0.801023,0.801023,10.7669,0.0311267
33.8,7.01879,1.14503,0.590185,0.748314,0.748314,10.6859,0.0311267
33.9,7.60828,1.49171,0.094339,0.58482,0.58482,10.6365,0.0311267
34,8.30998,1.71783,-0.30357,0.362723,0.362723,10.6176,0.0311267
34.1,9.08099,1.64087,-0.390689,0.17437,0.17437,10.6208,0.0311267
34.2,9.799,1.18253,-0.0506064,0.118126,0.118126,10.6321,0.0311267
34.3,10.2984,0.362534,0.733136,0.271878,0.271878,10.633,0.0311267
34.4,10.4128,-0.740846,1.9106,0.681559,0.681559,10.603,0.0311267
34.5,10.0107,-1.99345,3.36254,1.35181,1.35181,10.5226,0.0311267
34.6,9.02228,-3.24265,4.93601,2.24786,2.24786,10.3749,0.0311267
34.7,7.44972,-4.33096,6.45742,3.30025,3.30025,10.1491,0.0311267
34.8,5.38072,-5.06476,7.6977,4.39961,4.39961,9.843,0.0311267
34.9,3.00773,-5.20072,8.35373,5.38814,5.38814,9.46836,0.0311267
35,0.647492,-4.43138,8.02753,6.04799,6.04799,9.05586,0.0311267
35.1,-1.29142,-2.62351,6.48201,6.15649,6.15649,8.65212,0.0311267
35.2,-2.47358,-0.318441,4.20878,5.66957,5.66957,8.2959,0.0311267
35.3,-2.76708,1.61554,2.11325,4.78049,4.78049,8.00183,0.0311267
35.4,-2.24943,2.64466,0.819664,3.79028,3.79028,7.76506,0.0311267
35.5,-1.19037,2.70176,0.492386,2.96581,2.96581,7.57041,0.0311267
35.6,-0.000501394,2.03493,0.955719,2.46328,2.46328,7.39809,0.0311267
35.7,0.941039,0.974647,1.91854,2.3271,2.3271,7.22744,0.0311267
35.8,1.40997,-0.21687,3.13174,2.52826,2.52826,7.03961,0.0311267
35.9,1.3255,-1.35259,4.40273,2.99688,2.99688,6.81965,0.0311267
36,0.710753,-2.27311,5.55056,3.6353,3.6353,6.55874,0.0311267
36.1,-0.323702,-2.81414,6.373,4.31972,4.31972,6.25692,0.0311267
36.2,-1.57291,-2.75746,6.59206,4.88781,4.88781,5.92737,0.0311267
36.3,-2.74174,-1.90929,5.93483,5.14956,5.14956,5.5981,0.0311267
36.4,-3.50817,-0.351085,4.41173,4.9651,4.9651,5.30373,0.0311267
36.5,-3.63127,1.4534,2.4619,4.3393,4.3393,5.07085,0.0311267
36.6,-3.0055,2.99655,0.619102,3.40925,3.40925,4.91273,0.0311267
36.7,-1.66868,4.02239,-0.808985,2.35469,2.35469,4.83308,0.0311267
36.8,0.204169,4.50904,-1.74654,1.32939,1.32939,4.82935,0.0311267
36.9,2.36499,4.57988,-2.27536,0.4282,0.4282,4.89519,0.0311267
37,4.58843,4.35086,-2.48143,-0.299208,-0.299208,5.02107,0.0311267
37.1,6.70815,3.88151,-2.40023,-0.824464,-0.824464,5.19441,0.0311267
37.2,8.59365,3.18757,-2.02505,-1.12461,-1.12461,5.39943,0.0311267
37.3,10.1326,2.27518,-1.34017,-1.1785,-1.1785,5.61758,0.0311267
37.4,11.2139,1.13773,-0.316497,-0.962999,-0.962999,5.82719,0.0311267
37.5,11.7295,-0.21223,1.05468,-0.458578,-0.458578,6.0043,0.0311267
37.6,11.5804,-1.7361,2.75217,0.344109,0.344109,6.12383,0.0311267
37.7,10.6849,-3.3815,4.73572,1.44201,1.44201,6.16054,0.0311267
37.8,8.9873,-5.0674,6.92836,2.8136,2.8136,6.0908,0.0311267
37.9,6.47239,-6.69533,9.22581,4.41665,4.41665,5.89427,0.0311267
38,3.17408,-8.14834,11.4937,6.1859,6.1859,5.55597,0.0311267
38.1,-0.777864,-9.13753,13.3966,7.98858,7.98858,5.0744,0.0311267
38.2,-4.14417,-5.38399,10.1815,8.5368,8.5368,4.61987,0.0311267
38.3,-5.78532,1.49948,3.14805,7.18961,7.18961,4.34266,0.0311267
38.4,-5.55996,6.46383,-2.46269,4.77654,4.77654,4.23562,0.0311267
38.5,-3.44607,9.04124,-5.94422,2.09635,2.09635,4.27794,0.0311267
38.6,0.437733,9.06589,-6.87545,-0.146603,-0.146603,4.4406,0.0311267
38.7,4.82674,7.59013,-6.15871,-1.64963,-1.64963,4.68888,0.0311267
38.8,8.51537,5.64193,-4.7747,-2.4309,-2.4309,4.9836,0.0311267
38.9,11.2589,3.36254,-2.83157,-2.53107,-2.53107,5.28359,0.0311267
39,12.8947,0.87956,-0.436545,-2.00744,-2.00744,5.54788,0.0311267
39.1,13.3262,-1.66488,2.27438,-0.93698,-0.93698,5.73817,0.0311267
39.2,12.5263,-4.10902,5.12943,0.579622,0.579622,5.82156,0.0311267
39.3,10.5442,-6.29766,7.94784,2.42168,2.42168,5.77254,0.0311267
39.4,7.51871,-8.02454,10.4772,4.43555,4.43555,5.57711,0.0311267
39.5,3.7243,-8.92213,12.267,6.3934,6.3934,5.24172,0.0311267
39.6,-0.162085,-7.60847,11.7142,7.72359,7.72359,4.83669,0.0311267
39.7,-2.9279,-2.48387,6.83794,7.50218,7.50218,4.51769,0.0311267
39.8,-4.01302,2.83389,1.23679,5.93583,5.93583,4.34037,0.0311267
39.9,-3.33728,6.21018,-2.76051,3.76175,3.76175,4.29469,0.0311267
40,-1.05939,7.251,-4.52644,1.6897,1.6897,4.35373,0.0311267
40.1,2.20873,6.36131,-4.27287,0.199059,0.199059,4.48497,0.0311267
40.2,5.28689,4.69213,-3.0729,-0.618932,-0.618932,4.65599,0.0311267
40.3,7.62861,2.90087,-1.57173,-0.857133,-0.857133,4.83881,0.0311267
40.4,9.15012,1.33034,-0.134238,-0.676409,-0.676409,5.01441,0.0311267
40.5,9.96044,0.28276,0.885066,-0.28604,-0.28604,5.17717,0.0311267
40.6,10.3039,-0.0165892,1.18607,0.0819884,0.0819884,5.33623,0.0311267
40.7,10.5076,0.490096,0.630379,0.219086,0.219086,5.51245,0.0311267
40.8,10.8999,1.59087,-0.629479,0.0069449,0.0069449,5.72967,0.0311267
40.9,11.7142,2.8378,-2.16019,-0.534838,-0.534838,6.00428,0.0311267
41,13.0169,3.73986,-3.43624,-1.26019,-1.26019,6.33897,0.0311267
41.1,14.6874,3.95217,-4.04377,-1.95608,-1.95608,6.72184,0.0311267
41.2,16.4463,3.34635,-3.77258,-2.41021,-2.41021,7.1287,0.0311267
41.3,17.9307,1.98168,-2.60608,-2.45917,-2.45917,7.52661,0.0311267
41.4,18.7864,0.0442905,-0.673117,-2.01266,-2.01266,7.87847,0.0311267
41.5,18.7392,-2.21861,1.81164,-1.05659,-1.05659,8.14747,0.0311267
41.6,17.6386,-4.50187,4.54509,0.343833,0.343833,8.30277,0.0311267
41.7,15.496,-6.41617,7.10101,2.03313,2.03313,8.32695,0.0311267
41.8,12.544,-7.39179,8.8158,3.7288,3.7288,8.22814,0.0311267
41.9,9.33949,-6.53143,8.60859,4.94874,4.94874,8.05943,0.0311267
42,6.74822,-3.18401,5.57957,5.10645,5.10645,7.91951,0.0311267
42.1,5.55275,1.60665,0.628242,3.9869,3.9869,7.89585,0.0311267
42.2,6.13622,5.86096,-4.21215,1.93714,1.93714,8.02351,0.0311267
42.3,8.46207,8.31943,-7.50257,-0.422791,-0.422791,8.29611,0.0311267
42.4,12.0436,8.67224,-8.72261,-2.49774,-2.49774,8.6827,0.0311267
42.5,15.9928,7.31715,-8.09923,-3.89812,-3.89812,9.138,0.0311267
42.6,19.4091,4.83212,-6.09741,-4.44794,-4.44794,9.60811,0.0311267
42.7,21.6805,1.67351,-3.10616,-4.11249,-4.11249,10.036,0.0311267
42.8,22.4464,-1.8355,0.586408,-2.93777,-2.93777,10.3651,0.0311267
42.9,21.5241,-5.4198,4.71268,-1.02516,-1.02516,10.5438,0.0311267
43,18.8731,-8.81825,8.99296,1.47937,1.47937,10.5286,0.0311267
43.1,14.5849,-11.7842,13.1374,4.39387,4.39387,10.288,0.0311267
43.2,8.90553,-13.9486,16.6966,7.46954,7.46954,9.81081,0.0311267
43.3,2.97761,-12.0063,15.9549,9.59089,9.59089,9.2244,0.0311267
43.4,-0.635931,-1.32749,5.40886,8.54539,8.54539,8.87616,0.0311267
43.5,-1.4307,7.51164,-4.18143,5.36368,5.36368,8.78915,0.0311267
43.6,0.69106,12.7185,-10.6601,1.35773,1.35773,8.93297,0.0311267
43.7,5.60837,13.9351,-13.2703,-2.29927,-2.29927,9.26324,0.0311267
43.8,12.2492,11.9263,-12.4541,-4.83798,-4.83798,9.72741,0.0311267
43.9,18.0673,9.05965,-10.4934,-6.25183,-6.25183,10.269,0.0311267
44,22.5252,5.84531,-7.86359,-6.65477,-6.65477,10.8324,0.0311267
44.1,25.4493,2.58086,-4.85723,-6.20539,-6.20539,11.3678,0.0311267
44.2,26.8238,-0.40794,-1.82763,-5.11095,-5.11095,11.8362,0.0311267
44.3,26.799,-2.74732,0.786481,-3.63659,-3.63659,12.2164,0.0311267
44.4,25.7067,-4.04145,2.48475,-2.10626,-2.10626,12.5105,0.0311267
44.5,24.0605,-3.92115,2.75657,-0.890549,-0.890549,12.748,0.0311267
44.6,22.4978,-2.28107,1.34459,-0.331764,-0.331764,12.9804,0.0311267
44.7,21.634,0.462841,-1.4456,-0.610223,-0.610223,13.2642,0.0311267
44.8,21.8929,3.45366,-4.78179,-1.65311,-1.65311,13.6403,0.0311267
44.9,23.4025,5.81036,-7.71952,-3.16971,-3.16971,14.125,0.0311267
45,25.9712,7.01188,-9.62223,-4.78284,-4.78284,14.712,0.0311267
45.1,29.1561,6.98495,-10.2938,-6.16058,-6.16058,15.379,0.0311267
45.2,32.4153,5.97778,-9.8844,-7.09154,-7.09154,16.0954,0.0311267
45.3,35.2769,4.37746,-8.72182,-7.49911,-7.49911,16.8287,0.0311267
45.4,37.4416,2.59485,-7.1987,-7.42401,-7.42401,17.5511,0.0311267
45.5,38.8083,1.00848,-5.71318,-6.9963,-6.9963,18.2441,0.0311267
45.6,39.4565,-0.0745163,-4.62273,-6.40291,-6.40291,18.9021,0.0311267
45.7,39.61,-0.449791,-4.20248,-5.8528,-5.8528,19.5326,0.0311267
45.8,39.5754,-0.0939636,-4.54891,-5.52683,-5.52683,20.1536,0.0311267
45.9,39.6639,0.815365,-5.53977,-5.53006,-5.53006,20.7863,0.0311267
46,40.1078,1.92818,-6.8454,-5.8589,-5.8589,21.4477,0.0311267
46.1,40.993,2.81536,-8.01413,-6.39771,-6.39771,22.1437,0.0311267
46.2,42.2326,3.12512,-8.63639,-6.95738,-6.95738,22.8663,0.0311267
46.3,43.5845,2.65676,-8.43371,-7.32646,-7.32646,23.5939,0.0311267
46.4,44.7076,1.38719,-7.30286,-7.32056,-7.32056,24.2942,0.0311267
46.5,45.2351,-0.561638,-5.29787,-6.81489,-6.81489,24.9286,0.0311267
46.6,44.8479,-2.97569,-2.58625,-5.75773,-5.75773,25.456,0.0311267
46.7,43.3216,-5.59546,0.593071,-4.17003,-4.17003,25.8379,0.0311267
46.8,40.5564,-8.14118,3.9529,-2.1393,-2.1393,26.0426,0.0311267
46.9,36.5905,-10.3251,7.16935,0.187866,0.187866,26.0496,0.0311267
47,31.6083,-11.8455,9.8743,2.60947,2.60947,25.8539,0.0311267
47.1,25.959,-12.3336,11.5958,4.85605,4.85605,25.4733,0.0311267
47.2,20.1836,-11.3343,11.7299,6.5745,6.5745,24.9558,0.0311267
47.3,15.0157,-8.44016,9.67976,7.35082,7.35082,24.3837,0.0311267
47.4,11.1954,-4.03135,5.67408,6.93163,6.93163,23.8477,0.0311267
47.5,9.15854,0.419943,1.18079,5.49392,5.49392,23.4035,0.0311267
47.6,8.92427,3.52971,-2.28194,3.54996,3.54996,23.0627,0.0311267
47.7,10.1331,4.7602,-3.98845,1.66535,1.66535,22.8084,0.0311267
47.8,12.1143,4.36726,-4.03224,0.240956,0.240956,22.6115,0.0311267
47.9,14.1057,3.01572,-2.98228,-0.564852,-0.564852,22.4406,0.0311267
48,15.5718,1.33705,-1.43731,-0.782966,-0.782966,22.2684,0.0311267
48.1,16.3036,-0.19071,0.109524,-0.559844,-0.559844,22.0768,0.0311267
48.2,16.3417,-1.25814,1.30276,-0.0941922,-0.0941922,21.8591,0.0311267
48.3,15.8842,-1.68981,1.90341,0.40521,0.40521,21.6206,0.0311267
48.4,15.2055,-1.47767,1.83905,0.763669,0.763669,21.3749,0.0311267
48.5,14.5741,-0.822261,1.26586,0.889217,0.889217,21.1376,0.0311267
48.6,14.1734,-0.0638218,0.513805,0.795364,0.795364,20.9189,0.0311267
48.7,14.0565,0.442259,-0.0365013,0.587398,0.587398,20.719,0.0311267
48.8,14.1347,0.450619,-0.0899231,0.418068,0.418068,20.5281,0.0311267
48.9,14.214,-0.0893564,0.458988,0.428298,0.428298,20.3288,0.0311267
49,14.0658,-1.05509,1.53023,0.703782,0.703782,20.101,0.0311267
49.1,13.505,-2.19939,2.89447,1.25145,1.25145,19.8272,0.0311267
49.2,12.4613,-3.18124,4.19444,1.9872,1.9872,19.4989,0.0311267
49.3,11.0339,-3.58547,4.95722,2.72971,2.72971,19.1238,0.0311267
49.4,9.50595,-3.02099,4.69484,3.22099,3.22099,18.7304,0.0311267
49.5,8.29596,-1.33522,3.14259,3.20139,3.20139,18.3641,0.0311267
49.6,7.81409,1.08222,0.616934,2.55528,2.55528,18.0694,0.0311267
49.7,8.31447,3.46743,-2.11502,1.3877,1.3877,17.8737,0.0311267
49.8,9.81407,5.13236,-4.29319,-0.0325218,-0.0325218,17.7825,0.0311267
49.9,12.0855,5.75661,-5.4931,-1.39767,-1.39767,17.7844,0.0311267
50,14.7132,5.38614,-5.66125,-2.46356,-2.46356,17.8565,0.0311267
50.1,17.2359,4.27392,-4.97642,-3.09178,-3.09178,17.9702,0.0311267
50.2,19.2846,2.74079,-3.71736,-3.24817,-3.24817,18.0964,0.0311267
50.3,20.6479,1.11493,-2.203,-2.98688,-2.98688,18.2105,0.0311267
50.4,21.2719,-0.309963,-0.747109,-2.42694,-2.42694,18.2962,0.0311267
50.5,21.2532,-1.24725,0.314905,-1.74148,-1.74148,18.3494,0.0311267
50.6,20.8179,-1.48442,0.700516,-1.13098,-1.13098,18.38,0.0311267
50.7,20.2759,-0.960722,0.272889,-0.780011,-0.780011,18.4091,0.0311267
50.8,19.9471,0.171961,-0.87699,-0.804256,-0.804256,18.4623,0.0311267
50.9,20.0765,1.53247,-2.39075,-1.20088,-1.20088,18.5603,0.0311267
51,20.7588,2.65859,-3.78272,-1.84634,-1.84634,18.7115,0.0311267
51.1,21.9098,3.17872,-4.62073,-2.53994,-2.53994,18.91,0.0311267
51.2,23.2859,2.90951,-4.64247,-3.06557,-3.06557,19.1367,0.0311267
51.3,24.5395,1.8476,-3.76531,-3.24051,-3.24051,19.3624,0.0311267
51.4,25.3071,0.139732,-2.07142,-2.94824,-2.94824,19.5518,0.0311267
51.5,25.2754,-2.01616,0.28609,-2.13965,-2.13965,19.6672,0.0311267
51.6,24.2251,-4.38821,3.09695,-0.830502,-0.830502,19.6725,0.0311267
51.7,22.0459,-6.74646,6.12985,0.909586,0.909586,19.5364,0.0311267
51.8,18.7448,-8.863,9.13269,2.96536,2.96536,19.2359,0.0311267
51.9,14.4533,-10.4641,11.7802,5.16908,5.16908,18.7613,0.0311267
52,9.4824,-11.0777,13.5016,7.25221,7.25221,18.1276,0.0311267
52.1,4.5673,-9.30592,12.6604,8.60426,8.60426,17.4159,0.0311267
52.2,0.964406,-3.67945,7.40186,8.30366,8.30366,16.7893,0.0311267
52.3,-0.59323,2.68689,0.766839,6.41945,6.41945,16.3319,0.0311267
52.4,0.038292,7.1085,-4.36562,3.72319,3.72319,16.046,0.0311267
52.5,2.67364,8.90779,-7.05569,1.02847,1.02847,15.907,0.0311267
52.6,6.63077,8.41623,-7.40576,-1.08009,-1.08009,15.8802,0.0311267
52.7,10.6501,6.73161,-6.3943,-2.40864,-2.40864,15.927,0.0311267
52.8,13.9379,4.59467,-4.71682,-2.98569,-2.98569,16.0081,0.0311267
52.9,16.2119,2.30466,-2.65728,-2.90359,-2.90359,16.0861,0.0311267
53,17.3816,0.0485077,-0.405978,-2.27918,-2.27918,16.128,0.0311267
53.1,17.4531,-2.04858,1.89596,-1.2354,-1.2354,16.1055,0.0311267
53.2,16.4963,-3.89853,4.13577,0.107394,0.107394,15.9963,0.0311267
53.3,14.6274,-5.43926,6.22043,1.63565,1.63565,15.7844,0.0311267
53.4,11.9936,-6.64608,8.09185,3.2497,3.2497,15.4595,0.0311267
53.5,8.75455,-7.51976,9.71751,4.86665,4.86665,15.0167,0.0311267
53.6,5.07072,-8.08534,11.0916,6.4229,6.4229,14.4555,0.0311267
53.7,1.09718,-8.36711,12.2101,7.8697,7.8697,13.7792,0.0311267
53.8,-2.95331,-8.11101,12.7651,9.09355,9.09355,13.0059,0.0311267
53.9,-5.93727,-3.63501,8.65261,8.98332,8.98332,12.3031,0.0311267
54,-7.31564,1.65859,3.19315,7.53577,7.53577,11.7441,0.0311267
54.1,-7.07234,5.27422,-0.949907,5.41435,5.41435,11.3226,0.0311267
54.2,-5.25641,7.06612,-3.44841,3.19866,3.19866,11.0265,0.0311267
54.3,-2.03128,7.09263,-4.18419,1.35295,1.35295,10.8408,0.0311267
54.4,1.45423,6.40103,-4.13269,-0.0184603,-0.0184603,10.7479,0.0311267
54.5,4.60578,5.49493,-3.77608,-0.957866,-0.957866,10.7277,0.0311267
54.6,7.31403,4.4291,-3.15317,-1.50669,-1.50669,10.7593,0.0311267
54.7,9.50711,3.26798,-2.31884,-1.70973,-1.70973,10.8221,0.0311267
54.8,11.1493,2.12287,-1.38602,-1.6288,-1.6288,10.8983,0.0311267
54.9,12.2568,1.13632,-0.513105,-1.34988,-1.34988,10.976,0.0311267
55,12.9177,0.487467,0.087005,-0.990656,-0.990656,11.0516,0.0311267
55.1,13.2964,0.339927,0.200552,-0.692854,-0.692854,11.1321,0.0311267
55.2,13.6228,0.784363,-0.32232,-0.600221,-0.600221,11.234,0.0311267
55.3,14.1457,1.74088,-1.45293,-0.813398,-0.813398,11.3788,0.0311267
55.4,15.0712,2.94938,-2.95636,-1.34914,-1.34914,11.5856,0.0311267
55.5,16.5028,4.06043,-4.47346,-2.13022,-2.13022,11.865,0.0311267
55.6,18.4026,4.73279,-5.6191,-3.00244,-3.00244,12.2158,0.0311267
55.7,20.5938,4.76957,-6.13283,-3.78504,-3.78504,12.6251,0.0311267
55.8,22.7965,4.10349,-5.8771,-4.30805,-4.30805,13.0694,0.0311267
55.9,24.691,2.8021,-4.85592,-4.44502,-4.44502,13.5183,0.0311267
56,25.9769,1.01582,-3.17123,-4.12657,-4.12657,13.9378,0.0311267
56.1,26.4269,-1.04165,-1.00959,-3.34733,-3.34733,14.2941,0.0311267
56.2,25.9183,-3.09796,1.35652,-2.17137,-2.17137,14.5595,0.0311267
56.3,24.4705,-4.80938,3.54888,-0.741304,-0.741304,14.7183,0.0311267
56.4,22.2808,-5.73615,5.04927,0.706338,0.706338,14.7751,0.0311267
56.5,19.7602,-5.37033,5.22048,1.83487,1.83487,14.7631,0.0311267
56.6,17.5165,-3.35009,3.53525,2.25997,2.25997,14.7446,0.0311267
56.7,16.2011,0.0424728,0.138433,1.72958,1.72958,14.7912,0.0311267
56.8,16.2908,3.81876,-4.01973,0.292254,0.292254,14.9568,0.0311267
56.9,17.9422,6.85925,-7.74615,-1.71735,-1.71735,15.2632,0.0311267
57,20.9487,8.47382,-10.2081,-3.84003,-3.84003,15.7039,0.0311267
57.1,24.7762,8.52757,-11.1146,-5.65868,-5.65868,16.2518,0.0311267
57.2,28.7209,7.24648,-10.5582,-6.88355,-6.88355,16.8654,0.0311267
57.3,32.1195,4.98298,-8.79296,-7.3609,-7.3609,17.4953,0.0311267
57.4,34.4682,2.07652,-6.09415,-7.04421,-7.04421,18.0883,0.0311267
57.5,35.4344,-1.18073,-2.71883,-5.96287,-5.96287,18.5915,0.0311267
57.6,34.838,-4.51645,1.06853,-4.20502,-4.20502,18.9566,0.0311267
57.7,32.6319,-7.69465,5.0162,-1.89971,-1.89971,19.1427,0.0311267
57.8,28.8899,-10.4974,8.86872,0.792396,0.792396,19.1194,0.0311267
57.9,23.7952,-12.7243,12.368,3.6863,3.6863,18.8689,0.0311267
58,17.6351,-14.182,15.2439,6.5757,6.5757,18.389,0.0311267
58.1,10.8322,-14.525,17.0394,9.19163,9.19163,17.7017,0.0311267
58.2,4.30954,-11.9855,15.6985,10.8183,10.8183,16.9118,0.0311267
58.3,-0.266941,-4.22295,8.35822,10.2033,10.2033,16.2456,0.0311267
58.4,-2.41023,2.76467,1.09413,7.92602,7.92602,15.751,0.0311267
58.5,-2.24277,6.53317,-3.32769,5.11259,5.11259,15.3942,0.0311267
58.6,-0.145327,6.93974,-4.42823,2.72739,2.72739,15.1265,0.0311267
58.7,2.93101,4.77467,-2.74062,1.36039,1.36039,14.8956,0.0311267
58.8,5.23305,1.78725,0.0680704,1.03731,1.03731,14.6504,0.0311267
58.9,6.13293,-1.27908,3.26231,1.59356,1.59356,14.3455,0.0311267
59,5.56501,-4.11418,6.50883,2.82237,2.82237,13.9441,0.0311267
59.1,3.64977,-6.43158,9.46939,4.48413,4.48413,13.4235,0.0311267
59.2,0.727018,-7.63508,11.4364,6.22219,6.22219,12.7906,0.0311267
59.3,-2.20519,-5.43554,9.78041,7.11175,7.11175,12.1547,0.0311267
59.4,-3.92507,0.179503,4.14741,6.37066,6.37066,11.6598,0.0311267
59.5,-3.99733,5.08686,-1.26863,4.46084,4.46084,11.3307,0.0311267
59.6,-2.32346,7.91096,-4.88383,2.12467,2.12467,11.152,0.0311267
59.7,0.927565,8.41953,-6.23435,0.034918,0.034918,11.0958,0.0311267
59.8,4.89839,7.31502,-5.86134,-1.43915,-1.43915,11.1306,0.0311267
59.9,8.48404,5.69863,-4.81481,-2.28306,-2.28306,11.2256,0.0311267
60,11.3531,4.08156,-3.6059,-2.61377,-2.61377,11.3566,0.0311267
60.1,13.49,2.78224,-2.58481,-2.60653,-2.60653,11.5096,0.0311267
60.2,15.0454,2.07849,-2.08891,-2.47712,-2.47712,11.6844,0.0311267
60.3,16.2836,2.1211,-2.34363,-2.44375,-2.44375,11.8935,0.0311267
60.4,17.5225,2.85447,-3.36244,-2.67342,-2.67342,12.1576,0.0311267
60.5,19.0421,3.99071,-4.89775,-3.2295,-3.2295,12.4961,0.0311267
60.6,21.0092,5.09863,-6.51553,-4.05101,-4.05101,12.9198,0.0311267
60.7,23.4237,5.77246,-7.76661,-4.97991,-4.97991,13.4264,0.0311267
60.8,26.1125,5.73627,-8.30404,-5.81094,-5.81094,13.9999,0.0311267
60.9,28.7718,4.90161,-7.95955,-6.34809,-6.34809,14.6122,0.0311267
61,31.0372,3.32261,-6.71281,-6.43927,-6.43927,15.2269,0.0311267
61.1,32.5593,1.15915,-4.66526,-5.99577,-5.99577,15.8025,0.0311267
61.2,33.0567,-1.37358,-1.99518,-4.99562,-4.99562,16.2968,0.0311267
61.3,32.3541,-4.01865,1.05176,-3.48378,-3.48378,16.6715,0.0311267
61.4,30.4049,-6.47715,4.15797,-1.57334,-1.57334,16.8974,0.0311267
61.5,27.3145,-8.40685,6.92836,0.552084,0.552084,16.96,0.0311267
61.6,23.3788,-9.33861,8.79398,2.61256,2.61256,16.8691,0.0311267
61.7,19.1345,-8.67297,8.99564,4.20833,4.20833,16.6696,0.0311267
61.8,15.3577,-5.90651,6.81982,4.8612,4.8612,16.445,0.0311267
61.9,12.8423,-1.49128,2.55373,4.28433,4.28433,16.2864,0.0311267
62,12.0912,3.0606,-2.30421,2.6372,2.6372,16.2511,0.0311267
62.1,13.1842,6.32109,-6.19682,0.428693,0.428693,16.3524,0.0311267
62.2,15.7767,7.64741,-8.28788,-1.75045,-1.75045,16.5725,0.0311267
62.3,19.1501,7.16817,-8.52546,-3.4442,-3.4442,16.8758,0.0311267
62.4,22.4466,5.38708,-7.28307,-4.40392,-4.40392,17.2169,0.0311267
62.5,24.9784,2.83219,-5.0114,-4.55579,-4.55579,17.5467,0.0311267
62.6,26.3236,-0.0922623,-2.07772,-3.93627,-3.93627,17.817,0.0311267
62.7,26.2755,-3.09165,1.23084,-2.6445,-2.6445,17.984,0.0311267
62.8,24.7858,-5.91611,4.6469,-0.821646,-0.821646,18.0116,0.0311267
62.9,21.9348,-8.35641,7.92284,1.36448,1.36448,17.8736,0.0311267
63,17.9027,-10.2525,10.8442,3.7344,3.7344,17.5554,0.0311267
63.1,12.9636,-11.4276,13.1621,6.09131,6.09131,17.0568,0.0311267
63.2,7.50156,-11.6281,14.5254,8.19982,8.19982,16.3974,0.0311267
63.3,2.19444,-9.86029,13.7436,9.58576,9.58576,15.6484,0.0311267
63.4,-1.79532,-4.57513,8.91593,9.4183,9.4183,14.963,0.0311267
63.5,-3.9455,0.844832,3.41148,7.9166,7.9166,14.4008,0.0311267
63.6,-4.31653,3.9974,-0.14083,5.90224,5.90224,13.9426,0.0311267
63.7,-3.21404,4.59993,-1.20335,4.12584,4.12584,13.5517,0.0311267
63.8,-1.30488,3.18483,-0.106734,3.0677,3.0677,13.1884,0.0311267
63.9,0.209842,0.993319,1.98545,2.79714,2.79714,12.8154,0.0311267
64,0.734857,-1.21045,4.31026,3.17542,3.17542,12.4017,0.0311267
64.1,0.237376,-3.04391,6.44811,3.99359,3.99359,11.9283,0.0311267
64.2,-1.06073,-4.04391,7.85251,4.95832,4.95832,11.3981,0.0311267
64.3,-2.65307,-3.42869,7.58015,5.61378,5.61378,10.854,0.0311267
64.4,-3.83563,-0.873994,5.11285,5.48855,5.48855,10.3696,0.0311267
64.5,-4.12141,2.21694,1.80022,4.56647,4.56647,9.98751,0.0311267
64.6,-3.33131,4.47527,-0.905633,3.19844,3.19844,9.71224,0.0311267
64.7,-1.5446,5.37347,-2.34118,1.81354,1.81354,9.52911,0.0311267
64.8,0.839705,5.00008,-2.46779,0.743203,0.743203,9.41427,0.0311267
64.9,3.19179,3.85901,-1.71262,0.129247,0.129247,9.3407,0.0311267
65,5.06908,2.41293,-0.507839,-0.0300248,-0.0300248,9.28285,0.0311267
65.1,6.29892,0.994225,0.811443,0.180342,0.180342,9.22092,0.0311267
65.2,6.89674,-0.0787892,1.89234,0.60834,0.60834,9.14612,0.0311267
65.3,7.03343,-0.510187,2.37475,1.04994,1.04994,9.06448,0.0311267
65.4,7.00676,-0.0893068,1.9628,1.27816,1.27816,8.99765,0.0311267
65.5,7.1705,1.1302,0.630277,1.11619,1.11619,8.97596,0.0311267
65.6,7.83283,2.77197,-1.28869,0.514969,0.514969,9.02666,0.0311267
65.7,9.16113,4.29834,-3.24489,-0.424996,-0.424996,9.16463,0.0311267
65.8,11.1355,5.25966,-4.73218,-1.50179,-1.50179,9.3897,0.0311267
65.9,13.5471,5.42834,-5.4437,-2.48727,-2.48727,9.68807,0.0311267
66,16.0558,4.78818,-5.28236,-3.18604,-3.18604,10.0353,0.0311267
66.1,18.2819,3.45344,-4.29296,-3.46277,-3.46277,10.3995,0.0311267
66.2,19.8846,1.58865,-2.58703,-3.24383,-3.24383,10.7442,0.0311267
66.3,20.6003,-0.626623,-0.309096,-2.51015,-2.51015,11.0315,0.0311267
66.4,20.2518,-3.01916,2.38536,-1.28627,-1.28627,11.2245,0.0311267
66.5,18.7506,-5.4124,5.31984,0.365256,0.365256,11.2903,0.0311267
66.6,16.0944,-7.64011,8.31156,2.35183,2.35183,11.202,0.0311267
66.7,12.3678,-9.52765,11.1519,4.55184,4.55184,10.9417,0.0311267
66.8,7.76409,-10.809,13.5141,6.7924,6.7924,10.5064,0.0311267
66.9,2.78318,-10.4551,14.2057,8.64573,8.64573,9.94055,0.0311267
67,-1.09554,-4.95984,9.20644,8.78591,8.78591,9.44265,0.0311267
67.1,-2.92225,2.243,1.77931,7.03426,7.03426,9.12759,0.0311267
67.2,-2.52413,7.35489,-4.06807,4.25867,4.25867,8.99384,0.0311267
67.3,0.0229292,9.66749,-7.34743,1.35715,1.35715,9.01552,0.0311267
67.4,4.27318,9.30616,-7.91671,-0.961315,-0.961315,9.15758,0.0311267
67.5,8.74443,7.55645,-6.92265,-2.45165,-2.45165,9.37993,0.0311267
67.6,12.4274,5.30817,-5.20519,-3.14003,-3.14003,9.64001,0.0311267
67.7,15.0299,2.8133,-2.99164,-3.10294,-3.10294,9.89535,0.0311267
67.8,16.4212,0.226,-0.426942,-2.43394,-2.43394,10.1055,0.0311267
67.9,16.5516,-2.32033,2.35142,-1.2376,-1.2376,10.2339,0.0311267
68,15.4395,-4.69924,5.20025,0.371865,0.371865,10.2497,0.0311267
68.1,13.1659,-6.79819,7.97902,2.27365,2.27365,10.1289,0.0311267
68.2,9.86724,-8.51759,10.5502,4.34279,4.34279,9.8556,0.0311267
68.3,5.73075,-9.76598,12.7752,6.45088,6.45088,9.42322,0.0311267
68.4,1.02271,-10.3316,14.374,8.43165,8.43165,8.84015,0.0311267
68.5,-3.11431,-6.83053,11.5559,9.21272,9.21272,8.25543,0.0311267
68.6,-5.43966,0.180665,4.52667,8.04121,8.04121,7.83477,0.0311267
68.7,-5.87083,5.06464,-0.863766,5.81497,5.81497,7.56581,0.0311267
68.8,-4.47548,7.41701,-3.95784,3.37176,3.37176,7.42187,0.0311267
68.9,-1.4496,7.27011,-4.53795,1.39434,1.39434,7.37203,0.0311267
69,2.0896,5.66153,-3.49552,0.171873,0.171873,7.38383,0.0311267
69.1,4.88738,3.84255,-2.06079,-0.386294,-0.386294,7.42573,0.0311267
69.2,6.81382,2.01218,-0.43164,-0.39763,-0.39763,7.46931,0.0311267
69.3,7.86442,0.33013,1.21739,0.00612557,0.00612557,7.49189,0.0311267
69.4,8.11475,-1.04262,2.6944,0.678195,0.678195,7.47882,0.0311267
69.5,7.72105,-1.9384,3.78403,1.45465,1.45465,7.42602,0.0311267
69.6,6.91935,-2.19794,4.26336,2.15683,2.15683,7.34184,0.0311267
69.7,6.00139,-1.76518,4.00711,2.6194,2.6194,7.24517,0.0311267
69.8,5.26392,-0.756694,3.0743,2.73313,2.73313,7.15995,0.0311267
69.9,4.9321,0.480899,1.78862,2.497,2.497,7.10557,0.0311267
70,5.10138,1.52769,0.589055,2.02001,2.02001,7.09074,0.0311267
70.1,5.71262,2.06494,-0.154684,1.47634,1.47634,7.11212,0.0311267
70.2,6.57136,1.9586,-0.244206,1.0462,1.0462,7.15625,0.0311267
70.3,7.40124,1.25536,0.333493,0.868025,0.868025,7.20295,0.0311267
70.4,7.92128,0.0919361,1.48773,1.02295,1.02295,7.22817,0.0311267
70.5,7.9038,-1.36213,3.07801,1.53671,1.53671,7.2068,0.0311267
70.6,7.20146,-2.93563,4.94507,2.3888,2.3888,7.11526,0.0311267
70.7,5.75075,-4.47433,6.9312,3.5244,3.5244,6.93352,0.0311267
70.8,3.57134,-5.81179,8.84984,4.85576,4.85576,6.64796,0.0311267
70.9,0.783551,-6.70927,10.4182,6.24638,6.24638,6.25658,0.0311267
71,-2.25675,-6.40309,10.7524,7.37288,7.37288,5.79228,0.0311267
71.1,-4.65193,-3.05812,7.71322,7.45797,7.45797,5.372,0.0311267
71.2,-5.76702,1.46801,3.04029,6.35355,6.35355,5.07097,0.0311267
71.3,-5.4435,4.82064,-0.794402,4.56656,4.56656,4.89374,0.0311267
71.4,-3.71522,6.43088,-3.04773,2.66299,2.66299,4.82595,0.0311267
71.5,-0.885689,6.37351,-3.62771,1.09031,1.09031,4.84655,0.0311267
71.6,2.17196,5.40624,-3.20107,0.0174696,0.0174696,4.93157,0.0311267
71.7,4.82574,4.14413,-2.35337,-0.57524,-0.57524,5.05727,0.0311267
71.8,6.89311,2.82089,-1.31222,-0.759485,-0.759485,5.20222,0.0311267
71.9,8.33604,1.59429,-0.245044,-0.630875,-0.630875,5.34939,0.0311267
72,9.19817,0.600297,0.688916,-0.300927,-0.300927,5.48788,0.0311267
72.1,9.58729,-0.0635099,1.35907,0.114073,0.114073,5.6135,0.0311267
72.2,9.65493,-0.34686,1.67711,0.504832,0.504832,5.7285,0.0311267
72.3,9.56799,-0.288701,1.64782,0.79058,0.79058,5.83903,0.0311267
72.4,9.47181,-0.0223532,1.38371,0.938862,0.938862,5.95141,0.0311267
72.5,9.45415,0.256004,1.07975,0.974084,0.974084,6.06841,0.0311267
72.6,9.52321,0.345884,0.955283,0.969384,0.969384,6.18671,0.0311267
72.7,9.60317,0.104694,1.186,1.02354,1.02354,6.29631,0.0311267
72.8,9.55292,-0.524885,1.86807,1.23467,1.23467,6.38134,0.0311267
72.9,9.2044,-1.49758,2.99052,1.67363,1.67363,6.4226,0.0311267
73,8.39986,-2.7124,4.47658,2.37437,2.37437,6.39972,0.0311267
73.1,7.03464,-3.99162,6.15497,3.31952,3.31952,6.29523,0.0311267
73.2,5.09884,-5.06998,7.74033,4.42472,4.42472,6.10018,0.0311267
73.3,2.75,-5.46614,8.6831,5.48932,5.48932,5.82576,0.0311267
73.4,0.437064,-4.29494,7.9414,6.10234,6.10234,5.52434,0.0311267
73.5,-1.14561,-1.08029,4.83478,5.78545,5.78545,5.2831,0.0311267
73.6,-1.47207,2.88277,0.583439,4.48494,4.48494,5.16256,0.0311267
73.7,-0.322131,6.10071,-3.24457,2.55257,2.55257,5.18174,0.0311267
73.8,2.25216,7.90314,-5.83732,0.455094,0.455094,5.33655,0.0311267
73.9,5.8507,8.28412,-7.04672,-1.42036,-1.42036,5.61041,0.0311267
74,9.7899,7.68023,-7.21085,-2.86798,-2.86798,5.97956,0.0311267
74.1,13.5136,6.51574,-6.69793,-3.82547,-3.82547,6.41689,0.0311267
74.2,16.7091,5.04686,-5.73373,-4.30253,-4.30253,6.89434,0.0311267
74.3,19.2208,3.49273,-4.52888,-4.35912,-4.35912,7.38674,0.0311267
74.4,21.0027,2.04181,-3.28214,-4.08987,-4.08987,7.87412,0.0311267
74.5,22.1075,0.886477,-2.21545,-3.62127,-3.62127,8.34475,0.0311267
74.6,22.6762,0.196894,-1.54556,-3.10234,-3.10234,8.79697,0.0311267
74.7,22.927,0.0831528,-1.44013,-2.68679,-2.68679,9.23938,0.0311267
74.8,23.1197,0.557165,-1.96986,-2.50756,-2.50756,9.68877,0.0311267
74.9,23.5081,1.47823,-3.03875,-2.64036,-2.64036,10.1649,0.0311267
75,24.281,2.57766,-4.39595,-3.07925,-3.07925,10.6846,0.0311267
75.1,25.516,3.53171,-5.70317,-3.73523,-3.73523,11.2561,0.0311267
75.2,27.1597,4.06933,-6.64772,-4.46336,-4.46336,11.8778,0.0311267
75.3,29.0378,4.02951,-7.01086,-5.10023,-5.10023,12.5374,0.0311267
75.4,30.8935,3.37115,-6.68961,-5.49758,-5.49758,13.2137,0.0311267
75.5,32.4418,2.15838,-5.69268,-5.54635,-5.54635,13.8794,0.0311267
75.6,33.4184,0.512291,-4.09782,-5.18422,-5.18422,14.5035,0.0311267
75.7,33.6154,-1.40115,-2.04426,-4.39923,-4.39923,15.0548,0.0311267
75.8,32.907,-3.38164,0.274395,-3.23082,-3.23082,15.5052,0.0311267
75.9,31.2641,-5.2139,2.62804,-1.76611,-1.76611,15.8334,0.0311267
76,28.7732,-6.62783,4.70476,-0.14839,-0.14839,16.0299,0.0311267
76.1,25.6624,-7.28558,6.09106,1.41147,1.41147,16.103,0.0311267
76.2,22.3262,-6.79281,6.27757,2.628,2.628,16.0852,0.0311267
76.3,19.3244,-4.80823,4.77382,3.16445,3.16445,16.0364,0.0311267
76.4,17.2746,-1.47339,1.58632,2.76992,2.76992,16.0291,0.0311267
76.5,16.6641,2.42858,-2.55851,1.43781,1.43781,16.1244,0.0311267
76.6,17.7033,5.86986,-6.58677,-0.568334,-0.568334,16.3563,0.0311267
76.7,20.278,8.12884,-9.65864,-2.84091,-2.84091,16.7314,0.0311267
76.8,23.9691,9.00268,-11.4327,-4.98887,-4.98887,17.2369,0.0311267
76.9,28.1687,8.63051,-11.9236,-6.72256,-6.72256,17.8458,0.0311267
77,32.266,7.31277,-11.3372,-7.87621,-7.87621,18.5223,0.0311267
77.1,35.7713,5.3284,-9.88564,-8.37857,-8.37857,19.225,0.0311267
77.2,38.3414,2.91594,-7.76477,-8.22512,-8.22512,19.9108,0.0311267
77.3,39.7496,0.263329,-5.13849,-7.45346,-7.45346,20.5365,0.0311267
77.4,39.8763,-2.44345,-2.18736,-6.13694,-6.13694,21.0625,0.0311267
77.5,38.6906,-5.04015,0.913352,-4.37436,-4.37436,21.4543,0.0311267
77.6,36.2479,-7.36188,3.97127,-2.28796,-2.28796,21.6856,0.0311267
77.7,32.6928,-9.2109,6.74137,-0.0306243,-0.0306243,21.7415,0.0311267
77.8,28.2667,-10.3846,8.95348,2.2154,2.2154,21.6214,0.0311267
77.9,23.329,-10.5848,10.2122,4.21459,4.21459,21.3451,0.0311267
78,18.3915,-9.42814,9.99836,5.66053,5.66053,20.9597,0.0311267
78.1,14.1082,-6.63903,7.87315,6.21369,6.21369,20.5398,0.0311267
78.2,11.102,-2.65071,4.1499,5.69774,5.69774,20.1635,0.0311267
78.3,9.73457,1.31023,0.0579382,4.28779,4.28779,19.8797,0.0311267
78.4,10.013,4.12314,-3.16729,2.42402,2.42402,19.7009,0.0311267
78.5,11.6043,5.31571,-4.89143,0.595159,0.595159,19.6143,0.0311267
78.6,13.8964,5.0334,-5.11246,-0.831746,-0.831746,19.593,0.0311267
78.7,16.1937,3.7442,-4.19768,-1.67323,-1.67323,19.6037,0.0311267
78.8,17.9606,1.91858,-2.56391,-1.8959,-1.8959,19.6123,0.0311267
78.9,18.8945,-0.0890217,-0.54741,-1.55878,-1.55878,19.5872,0.0311267
79,18.8877,-2.00164,1.56537,-0.777741,-0.777741,19.5031,0.0311267
79.1,17.9796,-3.5902,3.51295,0.294932,0.294932,19.344,0.0311267
79.2,16.3264,-4.65447,5.04267,1.48187,1.48187,19.1051,0.0311267
79.3,14.1787,-5.03799,5.92999,2.5939,2.5939,18.795,0.0311267
79.4,11.8584,-4.65465,6.01211,3.44845,3.44845,18.4342,0.0311267
79.5,9.70246,-3.59591,5.31296,3.91458,3.91458,18.0505,0.0311267
79.6,7.98236,-2.19345,4.12985,3.9684,3.9684,17.6688,0.0311267
79.7,6.82597,-0.936005,2.966,3.7178,3.7178,17.3022,0.0311267
79.8,6.18436,-0.251711,2.30688,3.36507,3.36507,16.9483,0.0311267
79.9,5.84568,-0.335351,2.42406,3.12982,3.12982,16.5923,0.0311267
80,5.49495,-1.14206,3.34497,3.1836,3.1836,16.2113,0.0311267
80.1,4.80343,-2.47214,4.92226,3.61827,3.61827,15.7792,0.0311267
80.2,3.51553,-4.06504,6.92167,4.44412,4.44412,15.271,0.0311267
80.3,1.494,-5.66901,9.09254,5.60622,5.60622,14.6657,0.0311267
80.4,-1.24774,-6.95061,11.0692,6.97197,6.97197,13.954,0.0311267
80.5,-4.20404,-6.22458,10.9656,7.97038,7.97038,13.1951,0.0311267
80.6,-6.05352,-0.862586,5.68989,7.40026,7.40026,12.5691,0.0311267
80.7,-6.42974,3.99911,0.428285,5.65727,5.65727,12.1022,0.0311267
80.8,-5.244,6.99772,-3.27009,3.42543,3.42543,11.7801,0.0311267
80.9,-2.54996,7.82179,-4.87634,1.34998,1.34998,11.5775,0.0311267
81,1.10997,6.76106,-4.49172,-0.110442,-0.110442,11.4621,0.0311267
81.1,4.36966,5.0127,-3.24463,-0.89399,-0.89399,11.3974,0.0311267
81.2,6.79956,2.91928,-1.44314,-1.03128,-1.03128,11.3451,0.0311267
81.3,8.22391,0.651567,0.759418,-0.583603,-0.583603,11.2683,0.0311267
81.4,8.56094,-1.60394,3.17531,0.356126,0.356126,11.1341,0.0311267
81.5,7.82377,-3.63859,5.57382,1.66055,1.66055,10.9178,0.0311267
81.6,6.14132,-5.17124,7.6236,3.15131,3.15131,10.6081,0.0311267
81.7,3.81052,-5.74567,8.7726,4.55663,4.55663,10.2177,0.0311267
81.8,1.37738,-4.66759,8.16128,5.4578,5.4578,9.79724,0.0311267
81.9,-0.456072,-1.7542,5.4233,5.44917,5.44917,9.42348,0.0311267
82,-1.19981,1.66631,1.83617,4.54592,4.54592,9.14468,0.0311267
82.1,-0.708585,4.13479,-1.04579,3.14799,3.14799,8.96668,0.0311267
82.2,0.853379,5.02129,-2.43442,1.75239,1.75239,8.87044,0.0311267
82.3,2.98389,4.37845,-2.22943,0.756934,0.756934,8.8235,0.0311267
82.4,4.95564,2.69285,-0.813117,0.364421,0.364421,8.78692,0.0311267
82.5,6.18352,0.422364,1.41514,0.6271,0.6271,8.71903,0.0311267
82.6,6.34547,-2.10951,4.15796,1.50981,1.50981,8.57949,0.0311267
82.7,5.29493,-4.67296,7.18871,2.92954,2.92954,8.3318,0.0311267
82.8,3.01141,-7.06666,10.2891,4.76942,4.76942,7.94623,0.0311267
82.9,-0.421029,-9.09269,13.2244,6.88316,6.88316,7.40276,0.0311267
83,-3.78682,-6.43626,11.2116,7.96526,7.96526,6.85413,0.0311267
83.1,-5.44573,1.38715,3.24944,6.78631,6.78631,6.51445,0.0311267
83.2,-5.16718,7.18192,-3.26352,4.27385,4.27385,6.37439,0.0311267
83.3,-2.82899,10.4647,-7.59273,1.30721,1.30721,6.41365,0.0311267
83.4,1.57785,10.9427,-9.16498,-1.31084,-1.31084,6.60373,0.0311267
83.5,6.91371,9.54251,-8.71909,-3.1629,-3.1629,6.91041,0.0311267
83.6,11.5904,7.73441,-7.68443,-4.29329,-4.29329,7.29683,0.0311267
83.7,15.412,5.71072,-6.23181,-4.77792,-4.77792,7.72718,0.0311267
83.8,18.2823,3.70501,-4.59661,-4.73259,-4.73259,8.17105,0.0311267
83.9,20.213,1.96096,-3.04865,-4.3116,-4.3116,8.60692,0.0311267
84,21.3376,0.741503,-1.90334,-3.70954,-3.70954,9.02626,0.0311267
84.1,21.9015,0.242813,-1.42893,-3.13939,-3.13939,9.43458,0.0311267
84.2,22.2275,0.525488,-1.76416,-2.79558,-2.79558,9.84914,0.0311267
84.3,22.6503,1.45075,-2.8345,-2.80531,-2.80531,10.2928,0.0311267
84.4,23.4327,2.65336,-4.30244,-3.17959,-3.17959,10.7843,0.0311267
84.5,24.6949,3.69529,-5.7139,-3.81317,-3.81317,11.3324,0.0311267
84.6,26.3813,4.19476,-6.63284,-4.51809,-4.51809,11.9314,0.0311267
84.7,28.2775,3.95679,-6.79055,-5.0862,-5.0862,12.5633,0.0311267
84.8,30.0663,2.97878,-6.11043,-5.34226,-5.34226,13.2009,0.0311267
84.9,31.4145,1.41253,-4.68542,-5.17805,-5.17805,13.8118,0.0311267
85,32.0529,-0.470772,-2.75505,-4.5723,-4.5723,14.3649,0.0311267
85.1,31.8344,-2.35107,-0.639643,-3.58914,-3.58914,14.8355,0.0311267
85.2,30.7788,-3.82269,1.21424,-2.38829,-2.38829,15.2127,0.0311267
85.3,29.0974,-4.4592,2.29668,-1.21705,-1.21705,15.5061,0.0311267
85.4,27.1912,-3.89513,2.12212,-0.382255,-0.382255,15.7486,0.0311267
85.5,25.5889,-2.01779,0.446563,-0.17505,-0.17505,15.9921,0.0311267
85.6,24.8143,0.795658,-2.44645,-0.742901,-0.742901,16.2915,0.0311267
85.7,25.2161,3.74916,-5.77487,-2.00089,-2.00089,16.686,0.0311267
85.8,26.8633,6.01076,-8.63755,-3.66006,-3.66006,17.1898,0.0311267
85.9,29.5135,7.0335,-10.3636,-5.33595,-5.33595,17.7924,0.0311267
86,32.6687,6.6786,-10.6766,-6.67111,-6.67111,18.4633,0.0311267
86.1,35.7066,5.09273,-9.6,-7.40334,-7.40334,19.1585,0.0311267
86.2,38.0343,2.56963,-7.33387,-7.38597,-7.38597,19.8261,0.0311267
86.3,39.1831,-0.564972,-4.14277,-6.57517,-6.57517,20.411,0.0311267
86.4,38.8421,-4.00051,-0.307179,-5.00817,-5.00817,20.8602,0.0311267
86.5,36.8562,-7.43824,3.87438,-2.78753,-2.78753,21.1266,0.0311267
86.6,33.2208,-10.5984,8.09434,-0.0670651,-0.0670651,21.1731,0.0311267
86.7,28.0728,-13.2089,12.0258,2.95615,2.95615,20.9767,0.0311267
86.8,21.6938,-14.9705,15.2845,6.03823,6.03823,20.5331,0.0311267
86.9,14.5914,-15.2618,17.1019,8.80414,8.80414,19.8731,0.0311267
87,7.88116,-12.0146,15.0561,10.3671,10.3671,19.1258,0.0311267
87.1,3.20556,-3.96115,7.39882,9.62506,9.62506,18.507,0.0311267
87.2,1.20896,3.67189,-0.601409,7.06844,7.06844,18.0829,0.0311267
87.3,1.85623,8.1034,-5.84326,3.84051,3.84051,17.83,0.0311267
87.4,4.72069,8.93131,-7.5643,0.989311,0.989311,17.7,0.0311267
87.5,8.67489,6.96267,-6.29193,-0.830998,-0.830998,17.6358,0.0311267
87.6,11.9894,3.82775,-3.53978,-1.50819,-1.50819,17.5792,0.0311267
87.7,13.8608,0.376804,-0.126516,-1.16277,-1.16277,17.4751,0.0311267
87.8,14.0867,-2.99772,3.54778,0.0148643,0.0148643,17.2764,0.0311267
87.9,12.699,-5.98512,7.13369,1.79457,1.79457,16.9476,0.0311267
88,9.91456,-8.19942,10.1679,3.88791,3.88791,16.4735,0.0311267
88.1,6.22046,-8.87376,11.7296,5.84834,5.84834,15.8781,0.0311267
88.2,2.64684,-6.27734,9.76097,6.8265,6.8265,15.2709,0.0311267
88.3,0.396102,-0.560868,4.10058,6.14502,6.14502,14.7904,0.0311267
88.4,0.0442682,4.91049,-1.86182,4.14331,4.14331,14.4842,0.0311267
88.5,1.70135,8.29922,-6.08048,1.58736,1.58736,14.3447,0.0311267
88.6,5.09202,9.20802,-7.91008,-0.787,-0.787,14.3433,0.0311267
88.7,9.33238,8.2389,-7.76485,-2.53146,-2.53146,14.4438,0.0311267
88.8,13.3111,6.41774,-6.58547,-3.54496,-3.54496,14.6083,0.0311267
88.9,16.4939,4.37473,-4.97993,-3.90371,-3.90371,14.8031,0.0311267
89,18.7374,2.48102,-3.33432,-3.76136,-3.76136,15.0028,0.0311267
89.1,20.1024,1.02245,-1.978,-3.31552,-3.31552,15.1934,0.0311267
89.2,20.7933,0.232328,-1.21111,-2.78942,-2.78942,15.3749,0.0311267
89.3,21.1069,0.190107,-1.1879,-2.38904,-2.38904,15.5593,0.0311267
89.4,21.3659,0.797819,-1.87539,-2.26063,-2.26063,15.7648,0.0311267
89.5,21.8399,1.74825,-3.00065,-2.44563,-2.44563,16.0084,0.0311267
89.6,22.6778,2.63666,-4.15273,-2.87241,-2.87241,16.298,0.0311267
89.7,23.8642,3.09354,-4.91895,-3.38404,-3.38404,16.6298,0.0311267
89.8,25.2274,2.88532,-4.99927,-3.78785,-3.78785,16.9872,0.0311267
89.9,26.4871,1.97532,-4.28681,-3.91259,-3.91259,17.3444,0.0311267
90,27.3234,0.44647,-2.8026,-3.63509,-3.63509,17.6689,0.0311267
90.1,27.4492,-1.50595,-0.699588,-2.90122,-2.90122,17.9265,0.0311267
90.2,26.6578,-3.65709,1.81727,-1.7216,-1.7216,18.0844,0.0311267
90.3,24.853,-5.76438,4.50099,-0.165949,-0.165949,18.1157,0.0311267
90.4,22.062,-7.55427,7.04631,1.63712,1.63712,18.0034,0.0311267
90.5,18.4549,-8.7209,9.08503,3.4991,3.4991,17.746,0.0311267
90.6,14.3721,-8.84279,10.0912,5.14712,5.14712,17.3657,0.0311267
90.7,10.3745,-7.36148,9.34604,6.19685,6.19685,16.919,0.0311267
90.8,7.17592,-4.08037,6.47297,6.26588,6.26588,16.4887,0.0311267
90.9,5.35939,0.0657563,2.32026,5.27948,5.27948,16.1443,0.0311267
91,5.1627,3.58779,-1.56055,3.56947,3.56947,15.9142,0.0311267
91.1,6.47577,5.61886,-4.15351,1.63873,1.63873,15.7953,0.0311267
91.2,8.85777,6.06525,-5.20642,-0.0725613,-0.0725613,15.7681,0.0311267
91.3,11.6371,5.35523,-5.03193,-1.3124,-1.3124,15.8062,0.0311267
91.4,14.1999,4.03891,-4.1195,-2.01418,-2.01418,15.882,0.0311267
91.5,16.1922,2.51994,-2.85252,-2.22376,-2.22376,15.97,0.0311267
91.6,17.4793,1.05075,-1.48841,-2.03992,-2.03992,16.0497,0.0311267
91.7,18.0656,-0.210972,-0.205586,-1.58134,-1.58134,16.1059,0.0311267
91.8,18.0359,-1.19198,0.894616,-0.962351,-0.962351,16.1289,0.0311267
91.9,17.51,-1.90081,1.79353,-0.273381,-0.273381,16.1127,0.0311267
92,16.6103,-2.39634,2.52869,0.427136,0.427136,16.0536,0.0311267
92.1,15.4304,-2.80005,3.2124,1.12345,1.12345,15.9471,0.0311267
92.2,14.017,-3.22939,3.96469,1.83376,1.83376,15.7865,0.0311267
92.3,12.3652,-3.78038,4.89371,2.59875,2.59875,15.5623,0.0311267
92.4,10.4314,-4.49116,6.05361,3.46246,3.46246,15.2628,0.0311267
92.5,8.15682,-5.31575,7.40978,4.44929,4.44929,14.8761,0.0311267
92.6,5.50771,-6.1229,8.82921,5.54427,5.54427,14.3939,0.0311267
92.7,2.53019,-6.63018,9.99951,6.65808,6.65808,13.8183,0.0311267
92.8,-0.505702,-6.08894,10.0672,7.51035,7.51035,13.1829,0.0311267
92.9,-2.92464,-3.22981,7.53102,7.51552,7.51552,12.581,0.0311267
93,-4.11667,0.997577,3.20387,6.43761,6.43761,12.0923,0.0311267
93.1,-3.86865,4.49358,-0.741482,4.64284,4.64284,11.7354,0.0311267
93.2,-2.21057,6.40098,-3.28899,2.65988,2.65988,11.5005,0.0311267
93.3,0.544954,6.63802,-4.18983,0.947454,0.947454,11.3661,0.0311267
93.4,3.65286,5.73221,-3.85724,-0.253719,-0.253719,11.3045,0.0311267
93.5,6.41234,4.26598,-2.81761,-0.894691,-0.894691,11.285,0.0311267
93.6,8.49296,2.53505,-1.34018,-1.00606,-1.00606,11.277,0.0311267
93.7,9.75661,0.752073,0.367589,-0.66265,-0.66265,11.2531,0.0311267
93.8,10.1769,-0.892461,2.10137,0.0283548,0.0283548,11.1918,0.0311267
93.9,9.82241,-2.20979,3.63968,0.931186,0.931186,11.0804,0.0311267
94,8.85849,-2.9998,4.72967,1.88081,1.88081,10.9178,0.0311267
94.1,7.53656,-3.11817,5.15986,2.70057,2.70057,10.7155,0.0311267
94.2,6.1576,-2.54374,4.8398,3.23538,3.23538,10.4945,0.0311267
94.3,5.00527,-1.48246,3.92677,3.40822,3.40822,10.2775,0.0311267
94.4,4.26406,-0.357527,2.83758,3.26556,3.26556,10.0792,0.0311267
94.5,3.96205,0.386598,2.0548,2.96287,2.96287,9.90079,0.0311267
94.6,3.96719,0.476906,1.9168,2.70136,2.70136,9.73094,0.0311267
94.7,4.02458,-0.123773,2.52986,2.65848,2.65848,9.54947,0.0311267
94.8,3.83066,-1.27743,3.81126,2.94668,2.94668,9.3317,0.0311267
94.9,3.12373,-2.75184,5.56085,3.60022,3.60022,9.05281,0.0311267
95,1.75104,-4.26588,7.50148,4.57553,4.57553,8.69275,0.0311267
95.1,-0.292676,-5.48179,9.26557,5.74804,5.74804,8.24243,0.0311267
95.2,-2.73367,-5.57049,9.91131,6.78886,6.78886,7.72739,0.0311267
95.3,-4.74864,-2.773,7.39113,6.93943,6.93943,7.25274,0.0311267
95.4,-5.66381,1.45987,3.01228,5.95764,5.95764,6.89613,0.0311267
95.5,-5.27261,4.71379,-0.71303,4.28997,4.28997,6.66408,0.0311267
95.6,-3.59127,6.22346,-2.84505,2.50622,2.50622,6.53858,0.0311267
95.7,-0.929944,5.93244,-3.14727,1.09285,1.09285,6.49077,0.0311267
95.8,1.83784,4.47942,-2.14219,0.284086,0.284086,6.48536,0.0311267
95.9,3.96775,2.47786,-0.38842,0.115959,0.115959,6.48413,0.0311267
96,5.14832,0.195706,1.87417,0.555511,0.555511,6.44864,0.0311267
96.1,5.24147,-2.14353,4.42775,1.52357,1.52357,6.34434,0.0311267
96.2,4.22493,-4.30511,7.01985,2.89764,2.89764,6.14437,0.0311267
96.3,2.22413,-5.91088,9.21671,4.47741,4.47741,5.83836,0.0311267
96.4,-0.33197,-6.0029,9.90902,5.83531,5.83531,5.45945,0.0311267
96.5,-2.47742,-2.90581,7.1025,6.15211,6.15211,5.12195,0.0311267
96.6,-3.39664,1.89849,2.10835,5.14117,5.14117,4.91589,0.0311267
96.7,-2.77563,5.80048,-2.37368,3.26246,3.26246,4.85702,0.0311267
96.8,-0.601194,7.78661,-5.13848,1.16222,1.16222,4.9295,0.0311267
96.9,2.7675,7.74111,-5.86709,-0.595105,-0.595105,5.10316,0.0311267
97,6.37933,6.29659,-5.05222,-1.70938,-1.70938,5.33888,0.0311267
97.1,9.37811,4.11764,-3.28504,-2.1033,-2.1033,5.59277,0.0311267
97.2,11.3485,1.52838,-0.848611,-1.78963,-1.78963,5.8195,0.0311267
97.3,12.0762,-1.25256,2.05758,-0.827824,-0.827824,5.97527,0.0311267
97.4,11.4648,-4.01316,5.21949,0.684005,0.684005,6.02122,0.0311267
97.5,9.52426,-6.55083,8.41225,2.61607,2.61607,5.92635,0.0311267
97.6,6.37447,-8.62766,11.3518,4.80001,4.80001,5.67175,0.0311267
97.7,2.33013,-9.67491,13.3666,6.94166,6.94166,5.26659,0.0311267
97.8,-1.43673,-6.57398,10.9231,7.937,7.937,4.85331,0.0311267
97.9,-3.55423,0.418324,3.88892,6.92498,6.92498,4.60463,0.0311267
98,-3.68341,6.01097,-2.30482,4.61753,4.61753,4.53375,0.0311267
98.1,-1.7812,9.03905,-6.23681,1.90395,1.90395,4.61854,0.0311267
98.2,1.94565,9.34381,-7.47595,-0.441027,-0.441027,4.82619,0.0311267
98.3,6.40143,7.86675,-6.78557,-2.02716,-2.02716,5.12009,0.0311267
98.4,10.2628,5.90817,-5.4178,-2.87482,-2.87482,5.46406,0.0311267
98.5,13.2226,3.90397,-3.804,-3.10712,-3.10712,5.82708,0.0311267
98.6,15.2532,2.15762,-2.27341,-2.89869,-2.89869,6.18764,0.0311267
98.7,16.4859,0.966879,-1.17936,-2.46886,-2.46886,6.53829,0.0311267
98.8,17.1795,0.55685,-0.825015,-2.0579,-2.0579,6.88685,0.0311267
98.9,17.6796,0.991909,-1.35926,-1.88324,-1.88324,7.25367,0.0311267
99,18.3361,2.0728,-2.64744,-2.07429,-2.07429,7.66314,0.0311267
99.1,19.4129,3.38206,-4.2949,-2.62944,-2.62944,8.13415,0.0311267
99.2,21.0103,4.4297,-5.78551,-3.41846,-3.41846,8.67282,0.0311267
99.3,23.0407,4.84754,-6.6881,-4.23587,-4.23587,9.27094,0.0311267
99.4,25.2497,4.46663,-6.75385,-4.86537,-4.86537,9.90733,0.0311267
99.5,27.2903,3.3215,-5.94087,-5.13424,-5.13424,10.5518,0.0311267
99.6,28.8151,1.60399,-4.38376,-4.94662,-4.94662,11.1702,0.0311267
99.7,29.56,-0.395277,-2.34497,-4.29621,-4.29621,11.7303,0.0311267
99.8,29.398,-2.3198,-0.188464,-3.26927,-3.26927,12.208,0.0311267
99.9,28.3818,-3.74665,1.61305,-2.04869,-2.04869,12.5949,0.0311267
