time,measured_position,estimated_position, error, K1, K2, estimated_velocity
0.1,32.4627,34.0046,-7.70924,0.8,0.2,-1.54185
0.2,23.1492,25.2895,-10.7012,0.8,0.2,-3.68208
0.3,13.2857,15.6128,-11.6355,0.8,0.2,-6.00918
0.4,5.04356,7.03723,-9.96837,0.8,0.2,-8.00286
0.5,2.64224,3.36118,-3.59471,0.8,0.2,-8.7218
0.6,7.56517,6.54993,5.07617,0.8,0.2,-7.70657
0.7,15.3,13.3959,9.52074,0.8,0.2,-5.80242
0.8,22.5469,20.6006,9.73126,0.8,0.2,-3.85617
0.9,27.8779,26.3454,7.66293,0.8,0.2,-2.32358
1,30.6569,29.7482,4.54394,0.8,0.2,-1.41479
1.1,30.6189,30.4165,1.01223,0.8,0.2,-1.21234
1.2,27.8209,28.3158,-2.47429,0.8,0.2,-1.7072
1.3,22.6382,23.7395,-5.50692,0.8,0.2,-2.80859
1.4,15.8016,17.3331,-7.65704,0.8,0.2,-4.33999
1.5,8.67682,10.3213,-8.22223,0.8,0.2,-5.98444
1.6,3.87469,5.04431,-5.84814,0.8,0.2,-7.15407
1.7,4.65818,4.59233,0.329277,0.8,0.2,-7.08821
1.8,10.3713,9.07374,6.48779,0.8,0.2,-5.79065
1.9,17.6351,15.807,9.14042,0.8,0.2,-3.96257
2,24.3117,22.5315,8.90096,0.8,0.2,-2.18238
2.1,29.368,27.9571,7.05474,0.8,0.2,-0.771431
2.2,32.316,31.4288,4.43612,0.8,0.2,0.115792
2.3,33.0064,32.6932,1.56603,0.8,0.2,0.428999
2.4,31.5517,31.7886,-1.18444,0.8,0.2,0.19211
2.5,28.2761,28.9824,-3.53168,0.8,0.2,-0.514227
2.6,23.6836,24.7331,-5.24742,0.8,0.2,-1.56371
2.7,18.3885,19.6261,-6.18823,0.8,0.2,-2.80136
2.8,13.0629,14.3195,-6.28312,0.8,0.2,-4.05798
2.9,8.29452,9.41836,-5.61917,0.8,0.2,-5.18181
3,4.4077,5.30619,-4.49248,0.8,0.2,-6.08031
3.1,1.30844,1.98639,-3.38972,0.8,0.2,-6.75825
3.2,-1.49539,-0.934196,-2.80595,0.8,0.2,-7.31944
3.3,-4.50864,-3.94014,-2.8425,0.8,0.2,-7.88794
3.4,-7.66001,-7.07379,-2.93107,0.8,0.2,-8.47416
3.5,-8.87386,-8.68333,-0.952649,0.8,0.2,-8.66469
3.6,-5.23502,-6.09797,4.31478,0.8,0.2,-7.80173
3.7,1.3235,-0.316832,8.20164,0.8,0.2,-6.1614
3.8,8.82958,6.87707,9.76255,0.8,0.2,-4.20889
3.9,16.3061,14.3361,9.8499,0.8,0.2,-2.23891
4,23.0494,21.262,8.9372,0.8,0.2,-0.451472
4.1,28.4624,27.0133,7.24556,0.8,0.2,0.99764
4.2,32.0777,31.0848,4.96465,0.8,0.2,1.99057
4.3,33.5699,33.1127,2.28611,0.8,0.2,2.44779
4.4,32.7839,32.8986,-0.573601,0.8,0.2,2.33307
4.5,29.7469,30.4239,-3.38505,0.8,0.2,1.65606
4.6,24.6804,25.8622,-5.9091,0.8,0.2,0.474244
4.7,17.9796,19.5656,-7.93004,0.8,0.2,-1.11176
4.8,10.2466,12.0882,-9.20778,0.8,0.2,-2.95332
4.9,2.33932,4.23003,-9.45353,0.8,0.2,-4.84403
5,-4.15372,-2.57385,-7.89935,0.8,0.2,-6.4239
5.1,-5.98865,-5.43417,-2.77241,0.8,0.2,-6.97838
5.2,-2.73704,-3.41603,3.39498,0.8,0.2,-6.29938
5.3,1.43006,0.334852,5.47603,0.8,0.2,-5.20418
5.4,4.44542,3.51922,4.63098,0.8,0.2,-4.27798
5.5,5.69248,5.17227,2.60106,0.8,0.2,-3.75777
5.6,5.0664,5.01242,0.269908,0.8,0.2,-3.70379
5.7,2.77481,3.14825,-1.86723,0.8,0.2,-4.07724
5.8,-0.677214,0.00633478,-3.41774,0.8,0.2,-4.76078
5.9,-4.29781,-3.5322,-3.82807,0.8,0.2,-5.5264
6,-6.24641,-5.8141,-2.16157,0.8,0.2,-5.95871
6.1,-4.90631,-5.20704,1.50365,0.8,0.2,-5.65798
6.2,-1.59843,-2.43331,4.17442,0.8,0.2,-4.8231
6.3,1.70653,0.782099,4.62215,0.8,0.2,-3.89867
6.4,4.01134,3.28752,3.61911,0.8,0.2,-3.17485
6.5,4.88234,4.49988,1.91231,0.8,0.2,-2.79239
6.6,4.30195,4.28569,0.0813131,0.8,0.2,-2.77612
6.7,2.71351,2.97242,-1.29457,0.8,0.2,-3.03504
6.8,1.22507,1.51384,-1.44385,0.8,0.2,-3.32381
6.9,1.62085,1.53297,0.439394,0.8,0.2,-3.23593
7,5.07106,4.29872,3.86168,0.8,0.2,-2.46359
7.1,10.9192,9.54583,6.86683,0.8,0.2,-1.09023
7.2,17.8298,16.1512,8.39299,0.8,0.2,0.588372
7.3,24.7163,23.015,8.50625,0.8,0.2,2.28962
7.4,30.8035,29.2916,7.55949,0.8,0.2,3.80152
7.5,35.5582,34.3809,5.88641,0.8,0.2,4.9788
7.6,38.6264,37.8768,3.7476,0.8,0.2,5.72832
7.7,39.8538,39.573,1.40414,0.8,0.2,6.00915
7.8,39.2525,39.4367,-0.92144,0.8,0.2,5.82486
7.9,36.9803,37.5881,-3.03893,0.8,0.2,5.21708
8,33.3449,34.2979,-4.7649,0.8,0.2,4.2641
8.1,28.7169,29.9184,-6.00737,0.8,0.2,3.06262
8.2,23.5393,24.8764,-6.68531,0.8,0.2,1.72556
8.3,18.2197,19.5856,-6.82925,0.8,0.2,0.359712
8.4,13.1098,14.4122,-6.51171,0.8,0.2,-0.942631
8.5,8.45961,9.63126,-5.85829,0.8,0.2,-2.11429
8.6,4.42335,5.42264,-4.99649,0.8,0.2,-3.11359
8.7,1.14198,1.93584,-3.9693,0.8,0.2,-3.90745
8.8,-1.15897,-0.618157,-2.70407,0.8,0.2,-4.44826
8.9,-2.12487,-1.91249,-1.06189,0.8,0.2,-4.66064
9,-1.58449,-1.7433,0.794065,0.8,0.2,-4.50183
9.1,0.0992505,-0.359297,2.29274,0.8,0.2,-4.04328
9.2,2.17833,1.58994,2.94195,0.8,0.2,-3.45489
9.3,3.90001,3.3689,2.65556,0.8,0.2,-2.92377
9.4,4.64727,4.33312,1.57074,0.8,0.2,-2.60963
9.5,3.96476,3.98624,-0.107402,0.8,0.2,-2.63111
9.6,1.58486,2.01251,-2.13827,0.8,0.2,-3.05876
9.7,-2.46222,-1.62845,-4.16885,0.8,0.2,-3.89253
9.8,-7.25623,-6.20852,-5.23852,0.8,0.2,-4.94024
9.9,-7.85906,-7.62776,-1.15651,0.8,0.2,-5.17154
10,-0.73674,-2.21837,7.40817,0.8,0.2,-3.6899
10.1,9.16693,6.81607,11.7543,0.8,0.2,-1.33904
10.2,19.7549,17.1403,13.0727,0.8,0.2,1.27549
10.3,30.0187,27.4685,12.7508,0.8,0.2,3.82565
10.4,39.1307,36.8747,11.2796,0.8,0.2,6.08157
10.5,46.3639,44.5877,8.88098,0.8,0.2,7.85777
10.6,51.092,49.9483,5.7185,0.8,0.2,9.00147
10.7,52.8568,52.4551,2.00842,0.8,0.2,9.40315
10.8,51.3946,51.7948,-2.00087,0.8,0.2,9.00298
10.9,46.676,47.8798,-6.0191,0.8,0.2,7.79916
11,38.9476,40.89,-9.71206,0.8,0.2,5.85674
11.1,28.8153,31.3474,-12.6604,0.8,0.2,3.32467
11.2,17.4829,20.3223,-14.197,0.8,0.2,0.485265
11.3,7.76789,10.2885,-12.6029,0.8,0.2,-2.03532
11.4,5.88107,6.72185,-4.20387,0.8,0.2,-2.87609
11.5,14.007,12.4924,7.57274,0.8,0.2,-1.36154
11.6,25.9025,23.1933,13.5462,0.8,0.2,1.34771
11.7,37.6206,34.7621,14.2926,0.8,0.2,4.20622
11.8,47.5221,45.0542,12.3394,0.8,0.2,6.67409
11.9,54.7542,52.9477,9.03255,0.8,0.2,8.4806
12,58.881,57.864,5.08532,0.8,0.2,9.49767
12.1,59.754,59.5659,0.940224,0.8,0.2,9.68571
12.2,57.4969,58.1044,-3.03762,0.8,0.2,9.07819
12.3,52.4551,53.7665,-6.55711,0.8,0.2,7.76676
12.4,45.1659,47.0414,-9.3773,0.8,0.2,5.8913
12.5,36.3196,38.5818,-11.3108,0.8,0.2,3.62913
12.6,26.722,29.1665,-12.2228,0.8,0.2,1.18458
12.7,17.238,19.6474,-12.0469,0.8,0.2,-1.22481
12.8,8.80412,10.9483,-10.7208,0.8,0.2,-3.36897
12.9,2.43586,4.07096,-8.17553,0.8,0.2,-5.00408
13,-1.02328,-0.104512,-4.59384,0.8,0.2,-5.92284
13.1,-1.77436,-1.55885,-1.07756,0.8,0.2,-6.13836
13.2,-1.24942,-1.43407,0.923263,0.8,0.2,-5.9537
13.3,-0.645536,-0.922318,1.38391,0.8,0.2,-5.67692
13.4,-0.291458,-0.531169,1.19855,0.8,0.2,-5.43721
13.5,-0.0325305,-0.241002,1.04236,0.8,0.2,-5.22874
13.6,0.364183,0.13857,1.12806,0.8,0.2,-5.00313
13.7,0.845635,0.60416,1.20737,0.8,0.2,-4.76165
13.8,1.03253,0.851622,0.904535,0.8,0.2,-4.58075
13.9,0.388511,0.389518,-0.00503394,0.8,0.2,-4.58175
14,-1.53698,-1.24332,-1.46833,0.8,0.2,-4.87542
14.1,-4.85435,-4.22965,-3.12349,0.8,0.2,-5.50012
14.2,-8.35542,-7.64026,-3.57576,0.8,0.2,-6.21527
14.3,-6.68774,-7.00255,1.57406,0.8,0.2,-5.90045
14.4,1.27194,-0.500969,8.86453,0.8,0.2,-4.12755
14.5,11.7732,9.23585,12.687,0.8,0.2,-1.59016
14.6,23.2792,20.4387,14.2024,0.8,0.2,1.25032
14.7,34.8493,31.9922,14.2855,0.8,0.2,4.10742
14.8,45.6238,42.9797,13.2209,0.8,0.2,6.75161
14.9,54.8018,52.5724,11.147,0.8,0.2,8.981
15,61.6682,60.0287,8.19775,0.8,0.2,10.6206
15.1,65.6466,64.7354,4.55583,0.8,0.2,11.5317
15.2,66.3406,66.2502,0.451965,0.8,0.2,11.6221
15.3,63.5658,64.3351,-3.84662,0.8,0.2,10.8528
15.4,57.3945,58.9997,-8.02582,0.8,0.2,9.24762
15.5,48.1141,50.4762,-11.8103,0.8,0.2,6.88555
15.6,36.2491,39.2322,-14.9157,0.8,0.2,3.90242
15.7,22.5366,25.9537,-17.0859,0.8,0.2,0.485242
15.8,7.93376,11.5475,-18.0685,0.8,0.2,-3.12846
15.9,-5.70364,-2.31599,-16.9382,0.8,0.2,-6.51611
16,-6.4488,-5.75256,-3.48121,0.8,0.2,-7.21235
16.1,4.82139,2.56236,11.2952,0.8,0.2,-4.95331
16.2,15.1,12.4934,13.033,0.8,0.2,-2.34672
16.3,22.7841,20.679,10.5254,0.8,0.2,-0.241639
16.4,27.4068,26.0564,6.75195,0.8,0.2,1.10875
16.5,28.8565,28.3187,2.68922,0.8,0.2,1.6466
16.6,27.3246,27.5564,-1.1587,0.8,0.2,1.41486
16.7,23.3222,24.1974,-4.37564,0.8,0.2,0.539728
16.8,17.7,19.0103,-6.55131,0.8,0.2,-0.770534
16.9,11.7994,13.2261,-7.13388,0.8,0.2,-2.19731
17,7.58611,8.67017,-5.42029,0.8,0.2,-3.28137
17.1,6.97751,7.25042,-1.36451,0.8,0.2,-3.55427
17.2,9.7957,9.21556,2.90071,0.8,0.2,-2.97413
17.3,13.9135,12.9145,4.99539,0.8,0.2,-1.97505
17.4,17.4285,16.4862,4.71153,0.8,0.2,-1.03274
17.5,19.2944,18.7121,2.91145,0.8,0.2,-0.450452
17.6,19.0859,19.0021,0.418854,0.8,0.2,-0.366681
17.7,16.8416,17.2663,-2.12389,0.8,0.2,-0.791459
17.8,13.0582,13.884,-4.12898,0.8,0.2,-1.61725
17.9,8.80052,9.78487,-4.92176,0.8,0.2,-2.60161
18,5.88072,6.60952,-3.64399,0.8,0.2,-3.3304
18.1,6.21783,6.22956,-0.0586467,0.8,0.2,-3.34213
18.2,9.86273,9.06925,3.96739,0.8,0.2,-2.54866
18.3,14.9867,13.7522,6.17229,0.8,0.2,-1.3142
18.4,19.8127,18.5743,6.19192,0.8,0.2,-0.0758146
18.5,23.2094,22.2809,4.64267,0.8,0.2,0.85272
18.6,24.5373,24.1031,2.17112,0.8,0.2,1.28694
18.7,23.5013,23.6474,-0.73044,0.8,0.2,1.14086
18.8,20.1231,20.8508,-3.63841,0.8,0.2,0.413173
18.9,14.7251,15.9585,-6.16697,0.8,0.2,-0.820221
19,8.00906,9.58254,-7.86742,0.8,0.2,-2.3937
19.1,1.38667,2.97797,-7.9565,0.8,0.2,-3.985
19.2,-2.06009,-1.13218,-4.63956,0.8,0.2,-4.91292
19.3,0.636478,0.184487,2.25995,0.8,0.2,-4.46093
19.4,6.77986,5.37157,7.04146,0.8,0.2,-3.05263
19.5,13.0734,11.472,8.0071,0.8,0.2,-1.45121
19.6,18.0497,16.7051,6.72286,0.8,0.2,-0.106643
19.7,21.0443,20.1743,4.34979,0.8,0.2,0.763315
19.8,21.7873,21.48,1.53669,0.8,0.2,1.07065
19.9,20.2994,20.557,-1.28762,0.8,0.2,0.813129
20,16.8516,17.609,-3.78663,0.8,0.2,0.0558026
20.1,11.9834,13.1097,-5.63113,0.8,0.2,-1.07042
20.2,6.53632,7.82958,-6.46629,0.8,0.2,-2.36368
20.3,1.80649,2.96384,-5.78672,0.8,0.2,-3.52102
20.4,-0.521137,0.105438,-3.13288,0.8,0.2,-4.1476
20.5,0.264341,0.149608,0.573665,0.8,0.2,-4.03287
20.6,2.67886,2.09235,2.93254,0.8,0.2,-3.44636
20.7,4.85786,4.23583,3.11015,0.8,0.2,-2.82433
20.8,5.76381,5.40173,1.81041,0.8,0.2,-2.46225
20.9,5.03415,5.05842,-0.12136,0.8,0.2,-2.48652
21,2.81695,3.21552,-1.99281,0.8,0.2,-2.88508
21.1,-0.0960326,0.508575,-3.02304,0.8,0.2,-3.48969
21.2,-1.91891,-1.50321,-2.07852,0.8,0.2,-3.90539
21.3,-0.409166,-0.706082,1.48458,0.8,0.2,-3.60848
21.4,4.30584,3.23129,5.37277,0.8,0.2,-2.53392
21.5,10.2814,8.82069,7.30349,0.8,0.2,-1.07322
21.6,16.0072,14.5484,7.2938,0.8,0.2,0.385535
21.7,20.5272,19.3392,5.94027,0.8,0.2,1.57359
21.8,23.2534,22.502,3.75689,0.8,0.2,2.32497
21.9,23.8885,23.6577,1.15396,0.8,0.2,2.55576
22,22.4464,22.7398,-1.46685,0.8,0.2,2.26239
22.1,19.3542,20.0766,-3.61184,0.8,0.2,1.54002
22.2,15.618,16.5405,-4.61257,0.8,0.2,0.617508
22.3,13.0457,13.757,-3.55661,0.8,0.2,-0.0938134
22.4,13.8169,13.803,0.0692511,0.8,0.2,-0.0799631
22.5,18.6835,17.7058,4.88849,0.8,0.2,0.897736
22.6,26.2949,24.5951,8.49937,0.8,0.2,2.59761
22.7,34.8149,32.8229,9.96004,0.8,0.2,4.58962
22.8,42.8191,40.9116,9.53723,0.8,0.2,6.49706
22.9,49.3445,47.7878,7.78315,0.8,0.2,8.05369
23,53.7544,52.7222,5.16123,0.8,0.2,9.08594
23.1,55.6985,55.285,2.06773,0.8,0.2,9.49949
23.2,55.0891,55.3183,-1.14579,0.8,0.2,9.27033
23.3,52.0872,52.9189,-4.15808,0.8,0.2,8.43871
23.4,47.1155,48.445,-6.64719,0.8,0.2,7.10927
23.5,40.842,42.5047,-8.31395,0.8,0.2,5.44648
23.6,34.1773,35.9517,-8.87206,0.8,0.2,3.67207
23.7,28.2498,29.8636,-8.06919,0.8,0.2,2.05823
23.8,24.1837,25.3609,-5.8857,0.8,0.2,0.881095
23.9,22.6333,23.1964,-2.81572,0.8,0.2,0.317952
24,23.2723,23.2635,0.0440922,0.8,0.2,0.32677
24.1,24.9842,24.6466,1.68809,0.8,0.2,0.664387
24.2,26.5661,26.1955,1.853,0.8,0.2,1.03499
24.3,27.1508,26.9804,0.851839,0.8,0.2,1.20536
24.4,26.2578,26.4264,-0.843199,0.8,0.2,1.03672
24.5,23.7512,24.307,-2.77884,0.8,0.2,0.480949
24.6,19.7417,20.6644,-4.6134,0.8,0.2,-0.441732
24.7,14.5216,15.7413,-6.09862,0.8,0.2,-1.66146
24.8,8.52534,9.9353,-7.04982,0.8,0.2,-3.07142
24.9,2.2935,3.76044,-7.33466,0.8,0.2,-4.53835
25,-3.47632,-2.11973,-6.78292,0.8,0.2,-5.89494
25.1,-7.69654,-6.69908,-4.98731,0.8,0.2,-6.8924
25.2,-8.71642,-8.4508,-1.3281,0.8,0.2,-7.15802
25.3,-6.95835,-7.4,2.20825,0.8,0.2,-6.71637
25.4,-4.63109,-5.31919,3.44054,0.8,0.2,-6.02826
25.5,-2.5784,-3.24713,3.34362,0.8,0.2,-5.35953
25.6,-0.759951,-1.36458,3.02313,0.8,0.2,-4.75491
25.7,1.17788,0.57429,3.01795,0.8,0.2,-4.15132
25.8,3.55772,2.878,3.39856,0.8,0.2,-3.47161
25.9,6.4732,5.68473,3.94235,0.8,0.2,-2.68314
26,9.74535,8.87956,4.32894,0.8,0.2,-1.81735
26.1,13.0213,12.1566,4.32343,0.8,0.2,-0.952663
26.2,15.9086,15.1391,3.84725,0.8,0.2,-0.183213
26.3,18.0526,17.4662,2.93179,0.8,0.2,0.403144
26.4,19.1808,18.8459,1.67428,0.8,0.2,0.738
26.5,19.1443,19.0993,0.224501,0.8,0.2,0.7829
26.6,17.8961,18.1524,-1.28155,0.8,0.2,0.526589
26.7,15.5338,16.0681,-2.67121,0.8,0.2,-0.0076527
26.8,12.2812,13.0384,-3.7861,0.8,0.2,-0.764872
26.9,8.49332,9.38705,-4.46864,0.8,0.2,-1.6586
27,4.7066,5.60952,-4.51459,0.8,0.2,-2.56152
27.1,1.61265,2.3608,-3.74071,0.8,0.2,-3.30966
27.2,-0.035605,0.377482,-2.06543,0.8,0.2,-3.72275
27.3,0.0600559,0.0490858,0.0548502,0.8,0.2,-3.71178
27.4,1.3813,1.04062,1.70338,0.8,0.2,-3.3711
27.5,3.06445,2.59226,2.36094,0.8,0.2,-2.89891
27.6,4.42756,4.00252,2.1252,0.8,0.2,-2.47387
27.7,5.07569,4.81158,1.32055,0.8,0.2,-2.20976
27.8,4.84273,4.79231,0.252131,0.8,0.2,-2.15934
27.9,3.72159,3.89255,-0.854787,0.8,0.2,-2.33029
28,1.82833,2.19457,-1.83119,0.8,0.2,-2.69653
28.1,-0.605107,-0.0991035,-2.53002,0.8,0.2,-3.20254
28.2,-3.19998,-2.64386,-2.78062,0.8,0.2,-3.75866
28.3,-5.36875,-4.89895,-2.34903,0.8,0.2,-4.22847
28.4,-6.36281,-6.15461,-1.04103,0.8,0.2,-4.43667
28.5,-5.79738,-5.95756,0.800892,0.8,0.2,-4.27649
28.6,-4.18218,-4.62279,2.20303,0.8,0.2,-3.83589
28.7,-2.34395,-2.87644,2.66242,0.8,0.2,-3.3034
28.8,-0.862737,-1.33155,2.34404,0.8,0.2,-2.83459
28.9,-0.0935209,-0.397817,1.52148,0.8,0.2,-2.5303
29,-0.251723,-0.331548,0.399125,0.8,0.2,-2.45047
29.1,-1.44376,-1.27033,-0.867165,0.8,0.2,-2.6239
29.2,-3.7095,-3.27414,-2.17678,0.8,0.2,-3.05926
29.3,-7.00508,-6.32008,-3.42501,0.8,0.2,-3.74426
29.4,-11.2025,-10.3009,-4.50803,0.8,0.2,-4.64587
29.5,-15.0749,-14.213,-4.30937,0.8,0.2,-5.50774
29.6,-10.049,-10.9919,4.7148,0.8,0.2,-4.56478
29.7,-4.26057,-5.69814,7.18786,0.8,0.2,-3.12721
29.8,1.52091,0.0145597,7.53178,0.8,0.2,-1.62086
29.9,6.97718,5.55224,7.1247,0.8,0.2,-0.195915
30,11.7942,10.5419,6.26152,0.8,0.2,1.05639
30.1,15.6951,14.6856,5.04757,0.8,0.2,2.0659
30.2,18.4459,17.7351,3.55373,0.8,0.2,2.77665
30.3,19.8743,19.502,1.86151,0.8,0.2,3.14895
30.4,19.888,19.8738,0.0711403,0.8,0.2,3.16318
30.5,18.4825,18.824,-1.7076,0.8,0.2,2.82166
30.6,15.7482,16.4198,-3.35805,0.8,0.2,2.15005
30.7,11.8508,12.8076,-4.78396,0.8,0.2,1.19326
30.8,7.06331,8.23604,-5.86364,0.8,0.2,0.0205302
30.9,1.74748,3.0456,-6.49061,0.8,0.2,-1.27759
31,-3.55674,-2.26182,-6.47458,0.8,0.2,-2.57251
31.1,-7.75141,-6.70494,-5.23234,0.8,0.2,-3.61897
31.2,-8.51919,-8.22872,-1.45235,0.8,0.2,-3.90944
31.3,-5.64058,-6.2364,2.97909,0.8,0.2,-3.31363
31.4,-1.74158,-2.70681,4.82618,0.8,0.2,-2.34839
31.5,2.01549,1.02406,4.95714,0.8,0.2,-1.35696
31.6,5.3662,4.47063,4.47784,0.8,0.2,-0.461397
31.7,8.339,7.5561,3.91451,0.8,0.2,0.321506
31.8,11.0628,10.3679,3.4746,0.8,0.2,1.01643
31.9,13.6758,13.0345,3.20618,0.8,0.2,1.65766
32,16.2257,15.6206,3.0254,0.8,0.2,2.26274
32.1,18.6523,18.0912,2.80546,0.8,0.2,2.82383
32.2,20.7859,20.3034,2.41225,0.8,0.2,3.30628
32.3,22.3575,22.0128,1.72345,0.8,0.2,3.65097
32.4,23.1025,22.9576,0.724611,0.8,0.2,3.79589
32.5,22.7558,22.8721,-0.581406,0.8,0.2,3.67961
32.6,21.13,21.552,-2.11002,0.8,0.2,3.25761
32.7,18.1409,18.8882,-3.73691,0.8,0.2,2.51023
32.8,13.8112,14.8768,-5.32802,0.8,0.2,1.44462
32.9,8.31249,9.65425,-6.70883,0.8,0.2,0.102859
33,2.01183,3.54237,-7.6527,0.8,0.2,-1.42768
33.1,-4.20077,-2.68069,-7.60037,0.8,0.2,-2.94776
33.2,-7.43396,-6.54226,-4.45849,0.8,0.2,-3.83946
33.3,-4.01225,-4.59504,2.91395,0.8,0.2,-3.25666
33.4,2.48402,1.00307,7.40473,0.8,0.2,-1.77572
33.5,9.22022,7.54128,8.39472,0.8,0.2,-0.0967755
33.6,15.2992,13.7457,7.7676,0.8,0.2,1.45674
33.7,20.3415,19.0515,6.45014,0.8,0.2,2.74677
33.8,24.1489,23.1844,4.82281,0.8,0.2,3.71133
33.9,26.6502,26.0313,3.09471,0.8,0.2,4.33028
34,27.9092,27.6202,1.44488,0.8,0.2,4.61925
34.1,28.0496,28.0561,-0.0325832,0.8,0.2,4.61274
34.2,27.2629,27.5138,-1.25447,0.8,0.2,4.36184
34.3,25.7711,26.2069,-2.17885,0.8,0.2,3.92607
34.4,23.7557,24.3245,-2.84377,0.8,0.2,3.35732
34.5,21.3707,22.0286,-3.28948,0.8,0.2,2.69942
34.6,18.6951,19.4158,-3.60351,0.8,0.2,1.97872
34.7,15.7536,16.5256,-3.86006,0.8,0.2,1.20671
34.8,12.5608,13.3779,-4.08541,0.8,0.2,0.389624
34.9,9.19557,10.0398,-4.2213,0.8,0.2,-0.454636
35,5.89924,6.71826,-4.09514,0.8,0.2,-1.27366
35.1,3.22844,3.90093,-3.36246,0.8,0.2,-1.94615
35.2,2.08427,2.40868,-1.62205,0.8,0.2,-2.27057
35.3,3.24252,3.03034,1.06089,0.8,0.2,-2.05839
35.4,6.56643,5.81805,3.74194,0.8,0.2,-1.31
35.5,11.2197,10.1132,5.53263,0.8,0.2,-0.203472
35.6,16.3741,15.1178,6.28125,0.8,0.2,1.05278
35.7,21.4339,20.1917,6.21079,0.8,0.2,2.29494
35.8,26.0069,24.8898,5.58573,0.8,0.2,3.41208
35.9,29.8442,28.9216,4.6132,0.8,0.2,4.33472
36,32.8246,32.1307,3.46956,0.8,0.2,5.02863
36.1,34.9044,34.4503,2.27088,0.8,0.2,5.48281
36.2,36.1403,35.9119,1.14173,0.8,0.2,5.71116
36.3,36.6243,36.596,0.141247,0.8,0.2,5.73941
36.4,36.4581,36.6005,-0.71188,0.8,0.2,5.59703
36.5,35.7256,36.0125,-1.43461,0.8,0.2,5.31011
36.6,34.4689,34.8838,-2.0746,0.8,0.2,4.89519
36.7,32.6556,33.1992,-2.71772,0.8,0.2,4.35164
36.8,30.2092,30.8942,-3.42516,0.8,0.2,3.66661
36.9,27.0304,27.8765,-4.23047,0.8,0.2,2.82052
37,23.0241,24.051,-5.13438,0.8,0.2,1.79364
37.1,18.169,19.3813,-6.06139,0.8,0.2,0.581365
37.2,12.5449,13.9238,-6.89449,0.8,0.2,-0.797533
37.3,6.46463,7.94052,-7.37945,0.8,0.2,-2.27342
37.4,0.70455,2.10627,-7.00862,0.8,0.2,-3.67515
37.5,-2.78445,-1.87981,-4.52322,0.8,0.2,-4.57979
37.6,-1.36014,-1.55568,0.977652,0.8,0.2,-4.38426
37.7,3.97927,2.7846,5.97336,0.8,0.2,-3.18959
37.8,10.5958,8.96976,8.13014,0.8,0.2,-1.56356
37.9,17.1057,15.4472,8.29227,0.8,0.2,0.0948948
38,22.8309,21.356,7.37416,0.8,0.2,1.56973
38.1,27.3977,26.2208,5.88469,0.8,0.2,2.74667
38.2,30.5682,29.7537,4.07281,0.8,0.2,3.56123
38.3,32.2297,31.8057,2.11993,0.8,0.2,3.98521
38.4,32.3801,32.3449,0.175831,0.8,0.2,4.02038
38.5,31.1061,31.4343,-1.64083,0.8,0.2,3.69221
38.6,28.5795,29.2243,-3.22401,0.8,0.2,3.04741
38.7,25.048,25.9442,-4.48106,0.8,0.2,2.1512
38.8,20.8065,21.877,-5.35286,0.8,0.2,1.08063
38.9,16.1867,17.3464,-5.79838,0.8,0.2,-0.0790485
39,11.5332,12.6943,-5.80526,0.8,0.2,-1.2401
39.1,7.20441,8.27758,-5.36586,0.8,0.2,-2.31327
39.2,3.53294,4.4356,-4.51332,0.8,0.2,-3.21594
39.3,0.737496,1.4128,-3.37652,0.8,0.2,-3.89124
39.4,-1.10455,-0.678905,-2.12821,0.8,0.2,-4.31688
39.5,-2.21026,-1.99032,-1.09967,0.8,0.2,-4.53682
39.6,-2.9779,-2.87112,-0.533885,0.8,0.2,-4.64359
39.7,-3.80929,-3.71453,-0.473817,0.8,0.2,-4.73836
39.8,-5.02501,-4.85768,-0.836655,0.8,0.2,-4.90569
39.9,-6.80292,-6.51199,-1.45465,0.8,0.2,-5.19662
40,-9.23545,-8.79469,-2.20381,0.8,0.2,-5.63738
40.1,-12.3256,-11.7321,-2.96714,0.8,0.2,-6.23081
40.2,-15.5858,-14.9396,-3.23053,0.8,0.2,-6.87691
40.3,-11.6359,-12.4342,3.99139,0.8,0.2,-6.07864
40.4,-7.07139,-8.26553,5.97071,0.8,0.2,-4.8845
40.5,-2.3265,-3.61199,6.42747,0.8,0.2,-3.599
40.6,2.37507,1.10568,6.34698,0.8,0.2,-2.32961
40.7,6.78778,5.60477,5.91506,0.8,0.2,-1.14659
40.8,10.6654,9.63032,5.17526,0.8,0.2,-0.111542
40.9,13.7634,12.9345,4.14419,0.8,0.2,0.717296
41,15.8696,15.2969,2.86334,0.8,0.2,1.28996
41.1,16.8104,16.5335,1.3845,0.8,0.2,1.56686
41.2,16.4715,16.5153,-0.218658,0.8,0.2,1.52313
41.3,14.8104,15.1818,-1.85718,0.8,0.2,1.1517
41.4,11.8573,12.5453,-3.43966,0.8,0.2,0.463763
41.5,7.72323,8.69691,-4.86843,0.8,0.2,-0.509922
41.6,2.60464,3.8129,-6.04128,0.8,0.2,-1.71818
41.7,-3.22594,-1.85254,-6.86702,0.8,0.2,-3.09158
41.8,-9.34336,-7.90703,-7.18167,0.8,0.2,-4.52792
41.9,-13.3853,-12.3802,-5.02552,0.8,0.2,-5.53302
42,-8.8138,-9.63775,4.11973,0.8,0.2,-4.70907
42.1,-3.26789,-4.63605,6.84077,0.8,0.2,-3.34092
42.2,1.6151,0.298053,6.58524,0.8,0.2,-2.02387
42.3,5.50258,4.4212,5.40691,0.8,0.2,-0.94249
42.4,8.22423,7.44478,3.89729,0.8,0.2,-0.163032
42.5,9.72455,9.26533,2.29607,0.8,0.2,0.296182
42.6,10.0441,9.89425,0.749121,0.8,0.2,0.446006
42.7,9.35937,9.47527,-0.579476,0.8,0.2,0.330111
42.8,7.96837,8.27635,-1.5399,0.8,0.2,0.0221304
42.9,6.32183,6.71318,-1.95674,0.8,0.2,-0.369217
43,5.02943,5.35879,-1.64683,0.8,0.2,-0.698583
43.1,4.71389,4.8289,-0.575047,0.8,0.2,-0.813592
43.2,5.77405,5.56875,1.02651,0.8,0.2,-0.60829
43.3,8.13039,7.6059,2.62247,0.8,0.2,-0.083795
43.4,11.3707,10.6161,3.77322,0.8,0.2,0.670849
43.5,15.0469,14.1741,4.3637,0.8,0.2,1.54359
43.6,18.8032,17.9082,4.47466,0.8,0.2,2.43852
43.7,22.3961,21.5473,4.244,0.8,0.2,3.28732
43.8,25.6637,24.9062,3.78772,0.8,0.2,4.04487
43.9,28.4902,27.8543,3.17955,0.8,0.2,4.68078
44,30.7904,30.2968,2.46802,0.8,0.2,5.17438
44.1,32.479,32.146,1.6647,0.8,0.2,5.50732
44.2,33.4728,33.3176,0.776096,0.8,0.2,5.66254
44.3,33.6914,33.7299,-0.192471,0.8,0.2,5.62405
44.4,33.0641,33.3097,-1.22821,0.8,0.2,5.3784
44.5,31.549,32.0087,-2.2986,0.8,0.2,4.91868
44.6,29.155,29.8241,-3.3456,0.8,0.2,4.24956
44.7,25.9094,26.7773,-4.33966,0.8,0.2,3.38163
44.8,21.9221,22.9607,-5.19341,0.8,0.2,2.34295
44.9,17.3671,18.5327,-5.82793,0.8,0.2,1.17736
45,12.4577,13.6962,-6.19273,0.8,0.2,-0.0611831
45.1,7.49959,8.7377,-6.19054,0.8,0.2,-1.29929
45.2,2.84852,4.00037,-5.75925,0.8,0.2,-2.45114
45.3,-1.02806,-0.0713947,-4.78332,0.8,0.2,-3.4078
45.4,-3.62103,-2.97926,-3.20884,0.8,0.2,-4.04957
45.5,-4.66046,-4.40521,-1.27625,0.8,0.2,-4.30482
45.6,-4.51807,-4.58159,0.317633,0.8,0.2,-4.2413
45.7,-3.9857,-4.18971,1.02001,0.8,0.2,-4.03729
45.8,-3.71377,-3.88971,0.879655,0.8,0.2,-3.86136
45.9,-4.05994,-4.10312,0.215911,0.8,0.2,-3.81818
46,-5.15425,-5.02039,-0.669318,0.8,0.2,-3.95204
46.1,-6.98287,-6.66942,-1.56727,0.8,0.2,-4.2655
46.2,-9.36993,-8.91514,-2.27397,0.8,0.2,-4.72029
46.3,-11.5959,-11.1541,-2.2087,0.8,0.2,-5.16203
46.4,-11.2708,-11.3507,0.399528,0.8,0.2,-5.08213
46.5,-7.85524,-8.65597,4.00368,0.8,0.2,-4.28139
46.6,-3.30081,-4.45748,5.78331,0.8,0.2,-3.12473
46.7,1.67364,0.384926,6.44359,0.8,0.2,-1.83601
46.8,6.76071,5.44883,6.55938,0.8,0.2,-0.524135
46.9,11.7218,10.4567,6.32538,0.8,0.2,0.74094
47,16.3441,15.1815,5.81332,0.8,0.2,1.9036
47.1,20.3931,19.3888,5.02124,0.8,0.2,2.90785
47.2,23.6592,22.8633,3.97962,0.8,0.2,3.70378
47.3,25.9385,25.3976,2.70486,0.8,0.2,4.24475
47.4,27.0633,26.8151,1.24126,0.8,0.2,4.493
47.5,26.9321,26.9986,-0.332243,0.8,0.2,4.42655
47.6,25.5245,25.9079,-1.91667,0.8,0.2,4.04322
47.7,22.9146,23.5941,-3.39763,0.8,0.2,3.36369
47.8,19.3372,20.2558,-4.59327,0.8,0.2,2.44504
47.9,15.2236,16.279,-5.27675,0.8,0.2,1.38969
48,11.2596,12.2912,-5.15837,0.8,0.2,0.358014
48.1,8.4593,9.23285,-3.86772,0.8,0.2,-0.415531
48.2,7.84962,8.11795,-1.34168,0.8,0.2,-0.683866
48.3,9.68255,9.35595,1.63298,0.8,0.2,-0.35727
48.4,13.173,12.4025,3.85282,0.8,0.2,0.413294
48.5,17.2017,16.2501,4.75789,0.8,0.2,1.36487
48.6,20.8743,19.9768,4.48774,0.8,0.2,2.26242
48.7,23.62,22.9366,3.41691,0.8,0.2,2.9458
48.8,25.0921,24.7199,1.86099,0.8,0.2,3.318
48.9,25.1559,25.1351,0.10413,0.8,0.2,3.33883
49,23.8339,24.1609,-1.63503,0.8,0.2,3.01182
49.1,21.298,21.9308,-3.16406,0.8,0.2,2.37901
49.2,17.8503,18.714,-4.31846,0.8,0.2,1.51531
49.3,13.9104,14.9014,-4.95511,0.8,0.2,0.524293
49.4,9.98431,10.9782,-4.96953,0.8,0.2,-0.469613
49.5,6.58357,7.45311,-4.34769,0.8,0.2,-1.33915
49.6,4.09833,4.7425,-3.22086,0.8,0.2,-1.98332
49.7,2.578,2.97123,-1.96618,0.8,0.2,-2.37656
49.8,1.66019,1.87487,-1.07339,0.8,0.2,-2.59124
49.9,0.768762,0.938157,-0.846975,0.8,0.2,-2.76063
50,-0.607058,-0.353227,-1.26916,0.8,0.2,-3.01446
50.1,-2.77143,-2.34808,-2.11675,0.8,0.2,-3.43781
50.2,-5.81112,-5.18727,-3.11926,0.8,0.2,-4.06167
50.3,-9.61836,-8.81337,-4.02493,0.8,0.2,-4.86665
50.4,-13.9649,-13.0319,-4.66487,0.8,0.2,-5.79963
50.5,-13.3681,-13.4168,0.243834,0.8,0.2,-5.75086
50.6,-8.94485,-9.95427,5.04708,0.8,0.2,-4.74144
50.7,-5.02656,-6.10693,5.40184,0.8,0.2,-3.66107
50.8,-1.93296,-2.84097,4.54008,0.8,0.2,-2.75306
50.9,0.12048,-0.526872,3.23676,0.8,0.2,-2.10571
51,1.08622,0.721491,1.82366,0.8,0.2,-1.74097
51.1,1.16943,1.04503,0.622045,0.8,0.2,-1.61656
51.2,0.964995,0.94867,0.081623,0.8,0.2,-1.60024
51.3,1.46291,1.32806,0.674261,0.8,0.2,-1.46539
51.4,3.65496,3.16027,2.47344,0.8,0.2,-0.970699
51.5,7.78943,6.84418,4.72623,0.8,0.2,-0.0254539
51.6,13.2943,12.0038,6.45269,0.8,0.2,1.26508
51.7,19.3531,17.9086,7.22283,0.8,0.2,2.70965
51.8,25.1989,23.7951,7.01942,0.8,0.2,4.11354
51.9,30.1909,28.994,5.98443,0.8,0.2,5.31042
52,33.8156,32.9575,4.29059,0.8,0.2,6.16854
52.1,35.683,35.2613,2.10869,0.8,0.2,6.59028
52.2,35.5477,35.6222,-0.372643,0.8,0.2,6.51575
52.3,33.3191,33.9101,-2.95465,0.8,0.2,5.92482
52.4,29.0517,30.1419,-5.45083,0.8,0.2,4.83466
52.5,22.9659,24.4978,-7.6594,0.8,0.2,3.30277
52.6,15.4445,17.3212,-9.38363,0.8,0.2,1.42605
52.7,7.05298,9.13514,-10.4108,0.8,0.2,-0.656117
52.8,-1.1715,0.876705,-10.241,0.8,0.2,-2.70432
52.9,-6.33395,-4.9459,-6.94021,0.8,0.2,-4.09237
53,-3.63555,-3.97946,1.71959,0.8,0.2,-3.74845
53.1,3.01249,1.53913,7.36681,0.8,0.2,-2.27509
53.2,9.65429,7.98576,8.34267,0.8,0.2,-0.606553
53.3,15.2227,13.7632,7.29756,0.8,0.2,0.85296
53.4,19.3871,18.2794,5.53863,0.8,0.2,1.96069
53.5,22.1327,21.4013,3.65731,0.8,0.2,2.69215
53.6,23.6272,23.2359,1.9567,0.8,0.2,3.08349
53.7,24.1841,24.0561,0.639942,0.8,0.2,3.21148
53.8,24.1949,24.2314,-0.1824,0.8,0.2,3.175
53.9,24.0222,24.1275,-0.526678,0.8,0.2,3.06966
54,23.8932,24.0015,-0.541277,0.8,0.2,2.9614
54.1,23.8307,23.9241,-0.466921,0.8,0.2,2.86802
54.2,23.6313,23.7472,-0.579561,0.8,0.2,2.75211
54.3,22.9856,23.193,-1.03682,0.8,0.2,2.54474
54.4,21.5783,21.9521,-1.86914,0.8,0.2,2.17092
54.5,19.212,19.8034,-2.95729,0.8,0.2,1.57946
54.6,15.9194,16.7278,-4.04192,0.8,0.2,0.771074
54.7,12.0653,13.0132,-4.73965,0.8,0.2,-0.176855
54.8,8.55118,9.44005,-4.44435,0.8,0.2,-1.06572
54.9,6.84813,7.3452,-2.48535,0.8,0.2,-1.56279
55,8.30301,8.08019,1.11409,0.8,0.2,-1.33998
55.1,12.7237,11.7682,4.77747,0.8,0.2,-0.384482
55.2,18.7215,17.3231,6.99175,0.8,0.2,1.01387
55.3,24.9408,23.4375,7.51631,0.8,0.2,2.51713
55.4,30.4253,29.0781,6.73599,0.8,0.2,3.86433
55.5,34.5548,33.5367,5.09029,0.8,0.2,4.88239
55.6,36.9268,36.3464,2.9018,0.8,0.2,5.46275
55.7,37.3627,37.2687,0.470066,0.8,0.2,5.55676
55.8,35.8654,36.2572,-1.95904,0.8,0.2,5.16495
55.9,32.6373,33.4646,-4.13634,0.8,0.2,4.33768
56,28.0643,29.2311,-5.83404,0.8,0.2,3.17087
56.1,22.7192,24.085,-6.829,0.8,0.2,1.80507
56.2,17.3539,18.7362,-6.91162,0.8,0.2,0.422751
56.3,12.8446,14.0314,-5.9339,0.8,0.2,-0.764029
56.4,9.98952,10.7826,-3.96546,0.8,0.2,-1.55712
56.5,9.01677,9.3388,-1.61014,0.8,0.2,-1.87915
56.6,9.3364,9.29929,0.18552,0.8,0.2,-1.84204
56.7,9.93297,9.76939,0.817872,0.8,0.2,-1.67847
56.8,9.94878,9.87933,0.34723,0.8,0.2,-1.60902
56.9,8.90665,9.069,-0.811778,0.8,0.2,-1.77138
57,6.68691,7.1279,-2.20496,0.8,0.2,-2.21237
57.1,3.51588,4.19404,-3.39077,0.8,0.2,-2.89053
57.2,-0.0135502,0.770158,-3.91854,0.8,0.2,-3.67423
57.3,-2.79371,-2.15442,-3.19645,0.8,0.2,-4.31352
57.4,-3.40931,-3.24461,-0.823534,0.8,0.2,-4.47823
57.5,-1.6213,-2.03552,2.07112,0.8,0.2,-4.06401
57.6,1.17951,0.455223,3.62145,0.8,0.2,-3.33972
57.7,3.63553,2.93267,3.51427,0.8,0.2,-2.63686
57.8,4.92477,4.47361,2.25577,0.8,0.2,-2.18571
57.9,4.62225,4.5488,0.36721,0.8,0.2,-2.11226
58,2.55976,2.91533,-1.77782,0.8,0.2,-2.46783
58.1,-1.23562,-0.454784,-3.90415,0.8,0.2,-3.24866
58.2,-6.51888,-5.37103,-5.73923,0.8,0.2,-4.3965
58.3,-12.6831,-11.3086,-6.87244,0.8,0.2,-5.77099
58.4,-11.1454,-11.2935,0.740299,0.8,0.2,-5.62293
58.5,-3.9932,-5.56572,7.86259,0.8,0.2,-4.05042
58.6,2.86144,1.095,8.8322,0.8,0.2,-2.28398
58.7,8.72441,7.15285,7.85781,0.8,0.2,-0.712413
58.8,13.0522,11.858,5.97054,0.8,0.2,0.481695
58.9,15.4258,14.7219,3.51958,0.8,0.2,1.18561
59,15.6103,15.4563,0.769847,0.8,0.2,1.33958
59.1,13.5627,13.9682,-2.02753,0.8,0.2,0.934074
59.2,9.55694,10.4579,-4.50471,0.8,0.2,0.0331314
59.3,4.46533,5.6645,-5.99587,0.8,0.2,-1.16604
59.4,0.507765,1.51579,-5.04013,0.8,0.2,-2.17407
59.5,1.63958,1.57134,0.341195,0.8,0.2,-2.10583
59.6,8.43013,7.01626,7.06937,0.8,0.2,-0.691955
59.7,17.7311,15.5743,10.784,0.8,0.2,1.46484
59.8,27.3592,25.0315,11.6384,0.8,0.2,3.79253
59.9,36.1082,33.9687,10.6975,0.8,0.2,5.93202
60,43.2189,41.4875,8.65704,0.8,0.2,7.66343
60.1,48.1668,46.9842,5.91285,0.8,0.2,8.846
60.2,50.6876,50.1238,2.8188,0.8,0.2,9.40976
60.3,50.7425,50.807,-0.322239,0.8,0.2,9.34531
60.4,48.5667,49.2017,-3.1748,0.8,0.2,8.71036
60.5,44.6682,45.7491,-5.40456,0.8,0.2,7.62944
60.6,39.852,41.184,-6.66003,0.8,0.2,6.29744
60.7,35.1646,36.4944,-6.64912,0.8,0.2,4.96761
60.8,31.7419,32.7918,-5.24927,0.8,0.2,3.91776
60.9,30.3849,30.9446,-2.79866,0.8,0.2,3.35803
61,31.0637,31.1071,-0.216719,0.8,0.2,3.31468
61.1,32.931,32.6325,1.49248,0.8,0.2,3.61318
61.2,34.7979,34.4371,1.80402,0.8,0.2,3.97398
61.3,35.6353,35.4751,0.800854,0.8,0.2,4.13415
61.4,34.7813,35.0027,-1.10728,0.8,0.2,3.9127
61.5,31.9783,32.6615,-3.41565,0.8,0.2,3.22957
61.6,27.4317,28.5422,-5.55273,0.8,0.2,2.11902
61.7,21.8599,23.2388,-6.89422,0.8,0.2,0.740176
61.8,16.7064,18.0277,-6.60639,0.8,0.2,-0.581103
61.9,14.1646,14.9256,-3.80501,0.8,0.2,-1.3421
62,15.9832,15.7448,1.19184,0.8,0.2,-1.10374
62.1,21.54,20.3589,5.90559,0.8,0.2,0.0773815
62.2,28.6769,27.0148,8.31021,0.8,0.2,1.73942
62.3,35.5203,33.854,8.33154,0.8,0.2,3.40573
62.4,40.8118,39.4884,6.61728,0.8,0.2,4.72919
62.5,43.7751,43.0124,3.81383,0.8,0.2,5.49195
62.6,43.9777,43.8945,0.41618,0.8,0.2,5.57519
62.7,41.269,41.9056,-3.183,0.8,0.2,4.93859
62.8,35.7435,37.0747,-6.65598,0.8,0.2,3.60739
62.9,27.7347,29.6749,-9.70071,0.8,0.2,1.66725
63,17.7566,20.1736,-12.085,0.8,0.2,-0.749751
63.1,6.57002,9.27573,-13.5286,0.8,0.2,-3.45547
63.2,-4.48046,-1.79833,-13.4106,0.8,0.2,-6.1376
63.3,-8.45562,-7.24691,-6.04354,0.8,0.2,-7.34631
63.4,0.0817248,-1.53093,8.06328,0.8,0.2,-5.73365
63.5,9.55516,7.22327,11.6594,0.8,0.2,-3.40176
63.6,17.502,15.3782,10.6189,0.8,0.2,-1.27798
63.7,23.3181,21.7045,8.06764,0.8,0.2,0.33555
63.8,26.7827,25.7738,5.04464,0.8,0.2,1.34448
63.9,27.9063,27.5067,1.99807,0.8,0.2,1.74409
64,26.9126,27.0663,-0.768513,0.8,0.2,1.59039
64.1,24.2209,24.8218,-3.00442,0.8,0.2,0.989505
64.2,20.4027,21.3063,-4.5181,0.8,0.2,0.0858843
64.3,16.1002,17.1431,-5.21471,0.8,0.2,-0.957059
64.4,11.98,12.9935,-5.06739,0.8,0.2,-1.97054
64.5,8.51656,9.37253,-4.27986,0.8,0.2,-2.82651
64.6,5.82058,6.47444,-3.26931,0.8,0.2,-3.48037
64.7,3.55071,4.06584,-2.57567,0.8,0.2,-3.99551
64.8,1.07751,1.59527,-2.58879,0.8,0.2,-4.51326
64.9,-2.16285,-1.50149,-3.3068,0.8,0.2,-5.17462
65,-6.50966,-5.61152,-4.49071,0.8,0.2,-6.07277
65.1,-12.0035,-10.8465,-5.78468,0.8,0.2,-7.2297
65.2,-13.2868,-12.9433,-1.71724,0.8,0.2,-7.57315
65.3,-6.25051,-7.74054,7.45012,0.8,0.2,-6.08313
65.4,0.909455,-0.942204,9.2583,0.8,0.2,-4.23147
65.5,7.56204,5.77657,8.92739,0.8,0.2,-2.44599
65.6,13.1013,11.5875,7.56937,0.8,0.2,-0.932115
65.7,16.9773,15.8807,5.48304,0.8,0.2,0.164494
65.8,18.7415,18.1727,2.84441,0.8,0.2,0.733377
65.9,18.0756,18.1097,-0.17042,0.8,0.2,0.699293
66,14.8433,15.5106,-3.33627,0.8,0.2,0.0320386
66.1,9.09176,10.3762,-6.42201,0.8,0.2,-1.25236
66.2,1.05797,2.89656,-9.19295,0.8,0.2,-3.09095
66.3,-8.84077,-6.55512,-11.4282,0.8,0.2,-5.3766
66.4,-11.8916,-10.9319,-4.79886,0.8,0.2,-6.33637
66.5,-0.0933503,-2.38778,11.4721,0.8,0.2,-4.04195
66.6,11.5667,8.69498,14.3587,0.8,0.2,-1.17021
66.7,22.3181,19.5701,13.7401,0.8,0.2,1.57782
66.8,31.4682,29.1201,11.7403,0.8,0.2,3.92588
66.9,38.3917,36.6159,8.87903,0.8,0.2,5.70169
67,42.6117,41.5266,5.42566,0.8,0.2,6.78682
67.1,43.8371,43.5107,1.63181,0.8,0.2,7.11318
67.2,41.985,42.4324,-2.2371,0.8,0.2,6.66577
67.3,37.1823,38.3657,-5.91662,0.8,0.2,5.48244
67.4,29.7959,31.6195,-9.11805,0.8,0.2,3.65883
67.5,20.418,22.7314,-11.5674,0.8,0.2,1.34536
67.6,10.0025,12.5752,-12.8635,0.8,0.2,-1.22734
67.7,0.454712,2.85426,-11.9977,0.8,0.2,-3.62689
67.8,-2.93829,-1.85232,-5.42986,0.8,0.2,-4.71286
67.9,3.04699,1.97288,5.37059,0.8,0.2,-3.63874
68,11.7442,9.7172,10.1352,0.8,0.2,-1.61169
68.1,19.7217,17.6886,10.1657,0.8,0.2,0.421436
68.2,25.9853,24.3344,8.25459,0.8,0.2,2.07235
68.3,30.2767,29.1297,5.73509,0.8,0.2,3.21937
68.4,32.7003,32.0506,3.24871,0.8,0.2,3.86911
68.5,33.696,33.4443,1.25855,0.8,0.2,4.12083
68.6,33.9194,33.9068,0.0630341,0.8,0.2,4.13343
68.7,34.119,34.1592,-0.201191,0.8,0.2,4.09319
68.8,34.8869,34.8232,0.318295,0.8,0.2,4.15685
68.9,36.3821,36.1535,1.14326,0.8,0.2,4.3855
69,38.2772,37.9402,1.68517,0.8,0.2,4.72254
69.1,39.8686,39.5774,1.4562,0.8,0.2,5.01378
69.2,40.3579,40.302,0.279091,0.8,0.2,5.0696
69.3,39.0294,39.3853,-1.77959,0.8,0.2,4.71368
69.4,35.3659,36.264,-4.49081,0.8,0.2,3.81552
69.5,29.114,30.6203,-7.53158,0.8,0.2,2.3092
69.6,20.2909,22.403,-10.5603,0.8,0.2,0.197136
69.7,9.16948,11.8201,-13.2532,0.8,0.2,-2.45351
69.8,-3.59523,-0.561225,-15.17,0.8,0.2,-5.48751
69.9,-11.1884,-9.17271,-10.0784,0.8,0.2,-7.50319
70,1.93296,-0.438239,11.856,0.8,0.2,-5.132
70.1,16.1862,12.7587,17.1377,0.8,0.2,-1.70446
70.2,29.3637,26.0086,16.7754,0.8,0.2,1.65062
70.3,40.6105,37.7231,14.4369,0.8,0.2,4.53799
70.4,49.2576,47.0415,11.0807,0.8,0.2,6.75414
70.5,54.819,53.3986,7.10209,0.8,0.2,8.17455
70.6,57.0308,56.4678,2.81476,0.8,0.2,8.7375
70.7,55.8697,56.1641,-1.47191,0.8,0.2,8.44312
70.8,51.5917,52.6751,-5.41668,0.8,0.2,7.35979
70.9,44.7365,46.4714,-8.67452,0.8,0.2,5.62488
71,36.1593,38.3342,-10.8746,0.8,0.2,3.44997
71.1,27.1801,29.4799,-11.4991,0.8,0.2,1.15015
71.2,19.691,21.6718,-9.90399,0.8,0.2,-0.83065
71.3,15.9887,17.1087,-5.60002,0.8,0.2,-1.95065
71.4,17.1584,17.1094,0.244743,0.8,0.2,-1.9017
71.5,21.5344,20.6114,4.61519,0.8,0.2,-0.978667
71.6,26.5533,25.3454,6.03976,0.8,0.2,0.229286
71.7,30.4597,29.4414,5.0914,0.8,0.2,1.24757
71.8,32.3725,31.8112,2.80631,0.8,0.2,1.80883
71.9,31.9784,31.9812,-0.01367,0.8,0.2,1.8061
72,29.423,29.9708,-2.73874,0.8,0.2,1.25835
72.1,25.2051,26.1834,-4.89156,0.8,0.2,0.280037
72.2,20.1915,21.3955,-6.01983,0.8,0.2,-0.92393
72.3,15.6102,16.7488,-5.6929,0.8,0.2,-2.06251
72.4,12.8208,13.5652,-3.7217,0.8,0.2,-2.80685
72.5,12.5921,12.7306,-0.692416,0.8,0.2,-2.94533
72.6,14.3569,13.9727,1.92088,0.8,0.2,-2.56116
72.7,16.7043,16.1068,2.98772,0.8,0.2,-1.96361
72.8,18.3912,17.8951,2.48077,0.8,0.2,-1.46746
72.9,18.7232,18.5282,0.974873,0.8,0.2,-1.27248
73,17.5691,17.7355,-0.831871,0.8,0.2,-1.43886
73.1,15.3895,15.8299,-2.20211,0.8,0.2,-1.87928
73.2,13.2978,13.7666,-2.34416,0.8,0.2,-2.34811
73.3,12.9105,13.0347,-0.621361,0.8,0.2,-2.47238
73.4,15.4257,14.8981,2.63821,0.8,0.2,-1.94474
73.5,20.5289,19.3638,5.8253,0.8,0.2,-0.779682
73.6,26.8129,25.3075,7.52706,0.8,0.2,0.725729
73.7,32.8108,31.3246,7.4307,0.8,0.2,2.21187
73.8,37.3337,36.1761,5.78783,0.8,0.2,3.36944
73.9,39.5365,38.9318,3.02346,0.8,0.2,3.97413
74,38.8625,38.9558,-0.466743,0.8,0.2,3.88078
74.1,35.0305,35.8932,-4.3134,0.8,0.2,3.0181
74.2,28.0328,29.6653,-8.16218,0.8,0.2,1.38567
74.3,18.0988,20.4398,-11.705,0.8,0.2,-0.955342
74.4,5.70803,8.63528,-14.6362,0.8,0.2,-3.88259
74.5,-8.47731,-5.13244,-16.7243,0.8,0.2,-7.22746
74.6,-8.26124,-7.78003,-2.40606,0.8,0.2,-7.70867
74.7,7.01136,3.8989,15.5623,0.8,0.2,-4.59621
74.8,21.473,17.8662,18.0337,0.8,0.2,-0.989474
74.9,34.2453,30.9497,16.4781,0.8,0.2,2.30614
75,44.5704,41.8924,13.39,0.8,0.2,4.98415
75.1,51.8248,49.938,9.43403,0.8,0.2,6.87095
75.2,55.6201,54.6211,4.99492,0.8,0.2,7.86994
75.3,55.7689,55.6967,0.360844,0.8,0.2,7.9421
75.4,52.3435,53.173,-4.14743,0.8,0.2,7.11262
75.5,45.6478,47.2951,-8.2364,0.8,0.2,5.46534
75.6,36.2047,38.5321,-11.637,0.8,0.2,3.13795
75.7,24.7445,27.5648,-14.1014,0.8,0.2,0.317677
75.8,12.1578,15.2455,-15.4388,0.8,0.2,-2.77008
75.9,-0.224467,2.81413,-15.193,0.8,0.2,-5.80868
76,-7.95533,-5.91761,-10.1886,0.8,0.2,-7.8464
76.1,-2.17685,-3.08193,4.52538,0.8,0.2,-6.94132
76.2,6.68128,4.58981,10.4574,0.8,0.2,-4.84985
76.3,13.962,11.9905,9.85713,0.8,0.2,-2.87842
76.4,18.8942,17.4559,7.1915,0.8,0.2,-1.44012
76.5,21.3766,20.5637,4.06475,0.8,0.2,-0.627169
76.6,21.6556,21.4247,1.15462,0.8,0.2,-0.396245
76.7,20.2694,20.4925,-1.11569,0.8,0.2,-0.619383
76.8,18.0161,18.499,-2.41447,0.8,0.2,-1.10228
76.9,15.8094,16.3252,-2.5794,0.8,0.2,-1.61816
77,14.4339,14.7798,-1.7295,0.8,0.2,-1.96406
77.1,14.1135,14.2075,-0.469954,0.8,0.2,-2.05805
77.2,14.3747,14.3001,0.373056,0.8,0.2,-1.98344
77.3,14.3286,14.2832,0.226853,0.8,0.2,-1.93806
77.4,13.1247,13.3177,-0.964689,0.8,0.2,-2.131
77.5,10.1817,10.7663,-2.9229,0.8,0.2,-2.71558
77.6,5.26363,6.30985,-5.23106,0.8,0.2,-3.7618
77.7,-1.35887,0.0996299,-7.29252,0.8,0.2,-5.2203
77.8,-7.95968,-6.45222,-7.53728,0.8,0.2,-6.72776
77.9,-6.24772,-6.42317,0.877267,0.8,0.2,-6.5523
78,3.06123,1.03331,10.1396,0.8,0.2,-4.52438
78.1,13.4472,10.874,12.8664,0.8,0.2,-1.9511
78.2,23.1937,20.6907,12.5148,0.8,0.2,0.55186
78.3,31.3749,29.2491,10.629,0.8,0.2,2.67766
78.4,37.2578,35.7096,7.74089,0.8,0.2,4.22584
78.5,40.3292,39.4898,4.19702,0.8,0.2,5.06524
78.6,40.2675,40.2132,0.271168,0.8,0.2,5.11948
78.7,37.001,37.7458,-3.72418,0.8,0.2,4.37464
78.8,30.7279,32.219,-7.45541,0.8,0.2,2.88356
78.9,21.8857,24.01,-10.6217,0.8,0.2,0.759226
79,11.2696,13.8329,-12.8163,0.8,0.2,-1.80404
79.1,0.394117,3.04579,-13.2583,0.8,0.2,-4.45571
79.2,-5.5638,-3.931,-8.16399,0.8,0.2,-6.0885
79.3,0.573463,-0.449199,5.11331,0.8,0.2,-5.06584
79.4,10.1737,7.94783,11.1295,0.8,0.2,-2.83994
79.5,18.5395,16.3644,10.8757,0.8,0.2,-0.664811
79.6,24.3548,22.7434,8.05689,0.8,0.2,0.946567
79.7,27.005,26.1716,4.16695,0.8,0.2,1.77996
79.8,26.2535,26.2727,-0.0961132,0.8,0.2,1.76073
79.9,22.175,23.0297,-4.27384,0.8,0.2,0.905968
80,15.2527,16.8262,-7.86765,0.8,0.2,-0.667563
80.1,6.62095,8.64865,-10.1385,0.8,0.2,-2.69526
80.2,-0.498832,1.27676,-8.87794,0.8,0.2,-4.47085
80.3,1.22881,1.14898,0.399131,0.8,0.2,-4.39102
80.4,11.0387,8.97293,10.3288,0.8,0.2,-2.32526
80.5,22.5906,19.8205,13.8502,0.8,0.2,0.444772
80.6,33.2642,30.5844,13.3992,0.8,0.2,3.12461
80.7,41.8336,39.6463,10.9368,0.8,0.2,5.31197
80.8,47.5873,46.1053,7.40979,0.8,0.2,6.79392
80.9,50.1368,49.4664,3.3521,0.8,0.2,7.46434
81,49.4168,49.576,-0.796032,0.8,0.2,7.30514
81.1,45.6928,46.6155,-4.61369,0.8,0.2,6.3824
81.2,39.6075,41.1367,-7.64634,0.8,0.2,4.85313
81.3,32.2067,34.0898,-9.41534,0.8,0.2,2.97007
81.4,25.089,26.9486,-9.29774,0.8,0.2,1.11052
81.5,20.3085,21.6587,-6.75109,0.8,0.2,-0.239699
81.6,19.5341,19.9542,-2.10066,0.8,0.2,-0.659832
81.7,22.4307,21.9222,2.54246,0.8,0.2,-0.151339
81.8,26.8848,25.8892,4.97767,0.8,0.2,0.844196
81.9,30.8306,29.8592,4.85696,0.8,0.2,1.81559
82,32.9189,32.3433,2.87813,0.8,0.2,2.39121
82.1,32.4383,32.4671,-0.144089,0.8,0.2,2.3624
82.2,29.1755,29.881,-3.52792,0.8,0.2,1.65681
82.3,23.2285,24.5922,-6.8182,0.8,0.2,0.293173
82.4,15.0315,16.9495,-9.59003,0.8,0.2,-1.62483
82.5,5.20764,7.52351,-11.5793,0.8,0.2,-3.9407
82.6,-5.31006,-2.82216,-12.4395,0.8,0.2,-6.4286
82.7,-12.2466,-10.4903,-8.78149,0.8,0.2,-8.1849
82.8,-4.27959,-5.68542,7.02914,0.8,0.2,-6.77907
82.9,4.21337,2.09803,10.5767,0.8,0.2,-4.66373
83,10.7899,8.95823,9.15821,0.8,0.2,-2.83209
83.1,14.9168,13.6685,6.2418,0.8,0.2,-1.58373
83.2,16.3802,15.8062,2.8701,0.8,0.2,-1.00971
83.3,15.2685,15.3558,-0.436734,0.8,0.2,-1.09706
83.4,11.9684,12.6239,-3.2777,0.8,0.2,-1.7526
83.5,7.30732,8.33559,-5.14137,0.8,0.2,-2.78087
83.6,2.77975,3.8353,-5.27776,0.8,0.2,-3.83642
83.7,0.804857,1.33421,-2.64678,0.8,0.2,-4.36578
83.8,2.94328,2.53415,2.04564,0.8,0.2,-3.95665
83.9,7.53294,6.45405,5.39445,0.8,0.2,-2.87776
84,12.2127,11.0034,6.04644,0.8,0.2,-1.66848
84.1,15.5338,14.5943,4.69717,0.8,0.2,-0.729041
84.2,16.7302,16.2885,2.20881,0.8,0.2,-0.28728
84.3,15.4435,15.6067,-0.816269,0.8,0.2,-0.450534
84.4,11.6378,12.4225,-3.92391,0.8,0.2,-1.23532
84.5,5.56709,6.91348,-6.73191,0.8,0.2,-2.5817
84.6,-2.17854,-0.411769,-8.83385,0.8,0.2,-4.34847
84.7,-9.77212,-7.98702,-8.92548,0.8,0.2,-6.13356
84.8,-7.5071,-7.72576,1.09327,0.8,0.2,-5.91491
84.9,1.26183,-0.653986,9.57907,0.8,0.2,-3.9991
85,9.72479,7.56906,10.7787,0.8,0.2,-1.84336
85.1,16.6019,14.7585,9.21717,0.8,0.2,7.52211e-05
85.2,21.2075,19.9177,6.44898,0.8,0.2,1.28987
85.3,23.1271,22.511,3.08046,0.8,0.2,1.90596
85.4,22.1457,22.2568,-0.555939,0.8,0.2,1.79478
85.5,18.3306,19.1518,-4.1057,0.8,0.2,0.973635
85.6,12.0169,13.4633,-7.23223,0.8,0.2,-0.472812
85.7,3.89923,5.80259,-9.51682,0.8,0.2,-2.37618
85.8,-4.30424,-2.3304,-9.86922,0.8,0.2,-4.35002
85.9,-6.10947,-5.44066,-3.34408,0.8,0.2,-5.01884
86,1.54317,0.046031,7.4857,0.8,0.2,-3.5217
86.1,10.9022,8.66052,11.2083,0.8,0.2,-1.28003
86.2,19.2838,17.1336,10.7513,0.8,0.2,0.87023
86.3,25.7718,24.0615,8.55121,0.8,0.2,2.58047
86.4,29.8811,28.7688,5.56147,0.8,0.2,3.69277
86.5,31.4674,31.0015,2.32932,0.8,0.2,4.15863
86.6,30.6999,30.8434,-0.717442,0.8,0.2,4.01514
86.7,28.0921,28.7227,-3.15279,0.8,0.2,3.38458
86.8,24.5233,25.4309,-4.53786,0.8,0.2,2.47701
86.9,21.1985,22.0945,-4.4801,0.8,0.2,1.58099
87,19.3469,19.928,-2.90571,0.8,0.2,0.999852
87.1,19.6003,19.6858,-0.427698,0.8,0.2,0.914312
87.2,21.4332,21.102,1.65595,0.8,0.2,1.2455
87.3,23.5736,23.1042,2.34699,0.8,0.2,1.7149
87.4,24.7045,24.4187,1.42879,0.8,0.2,2.00066
87.5,23.8544,24.0073,-0.764366,0.8,0.2,1.84779
87.6,20.4584,21.2051,-3.73367,0.8,0.2,1.10105
87.7,14.3183,15.7177,-6.99696,0.8,0.2,-0.29834
87.8,5.54927,7.57698,-10.1386,0.8,0.2,-2.32605
87.9,-5.44637,-2.88822,-12.7907,0.8,0.2,-4.8842
88,-13.8656,-11.7678,-10.4889,0.8,0.2,-6.98199
88.1,-0.461264,-2.8622,12.0047,0.8,0.2,-4.58105
88.2,12.8834,9.64266,16.2037,0.8,0.2,-1.3403
88.3,25.2744,22.1212,15.7658,0.8,0.2,1.81285
88.4,35.8501,33.1406,13.5475,0.8,0.2,4.52236
88.5,43.8864,41.8277,10.2936,0.8,0.2,6.58108
88.6,48.8177,47.5513,6.33192,0.8,0.2,7.84746
88.7,50.3162,49.9202,1.98012,0.8,0.2,8.24349
88.8,48.2899,48.7808,-2.4546,0.8,0.2,7.75257
88.9,42.9137,44.2422,-6.64238,0.8,0.2,6.42409
89,34.5985,36.6557,-10.2861,0.8,0.2,4.36687
89.1,24.0188,26.6335,-13.0736,0.8,0.2,1.75215
89.2,12.1181,15.0562,-14.6906,0.8,0.2,-1.18597
89.3,0.443284,3.34215,-14.4943,0.8,0.2,-4.08484
89.4,-5.91018,-4.14141,-8.84385,0.8,0.2,-5.85361
89.5,-0.12494,-1.0453,4.60182,0.8,0.2,-4.93325
89.6,8.74114,6.68519,10.2798,0.8,0.2,-2.8773
89.7,16.1503,14.1997,9.75285,0.8,0.2,-0.926727
89.8,21.0644,19.6729,6.95733,0.8,0.2,0.464738
89.9,23.1513,22.465,3.43196,0.8,0.2,1.15113
90,22.4328,22.4623,-0.147236,0.8,0.2,1.12168
90.1,19.2329,19.9012,-3.34154,0.8,0.2,0.453375
90.2,14.1404,15.3016,-5.80618,0.8,0.2,-0.70786
90.3,8.04037,9.47846,-7.19045,0.8,0.2,-2.14595
90.4,2.28677,3.68219,-6.9771,0.8,0.2,-3.54137
90.5,-1.12217,-0.232126,-4.45023,0.8,0.2,-4.43142
90.6,-0.74389,-0.730164,-0.0686288,0.8,0.2,-4.44514
90.7,1.98137,1.35016,3.15608,0.8,0.2,-3.81393
90.8,4.71275,3.96396,3.74398,0.8,0.2,-3.06513
90.9,6.27211,5.74918,2.61466,0.8,0.2,-2.5422
91,6.40186,6.22048,0.906899,0.8,0.2,-2.36082
91.1,5.53446,5.62445,-0.449944,0.8,0.2,-2.45081
91.2,4.79261,4.90996,-0.58674,0.8,0.2,-2.56816
91.3,5.66522,5.46281,1.01207,0.8,0.2,-2.36574
91.4,8.939,8.19644,3.71276,0.8,0.2,-1.62319
91.5,13.96,12.7748,5.92583,0.8,0.2,-0.438022
91.6,19.4135,18.077,6.6825,0.8,0.2,0.898478
91.7,24.085,22.9014,5.91815,0.8,0.2,2.08211
91.8,27.0399,26.2538,3.93027,0.8,0.2,2.86816
91.9,27.5988,27.3871,1.05815,0.8,0.2,3.07979
92,25.3776,25.8411,-2.31752,0.8,0.2,2.61629
92.1,20.2567,21.4259,-5.84597,0.8,0.2,1.4471
92.2,12.4262,14.2551,-9.14447,0.8,0.2,-0.381799
92.3,2.59385,4.91846,-11.6231,0.8,0.2,-2.70641
92.4,-6.35806,-4.15688,-11.0059,0.8,0.2,-4.90758
92.5,-2.43588,-2.87823,2.21175,0.8,0.2,-4.46523
92.6,10.053,7.37741,13.3777,0.8,0.2,-1.78969
92.7,23.2359,20.0284,16.0375,0.8,0.2,1.4178
92.8,35.3326,32.3001,15.1624,0.8,0.2,4.45028
92.9,45.3598,42.8369,12.6147,0.8,0.2,6.97322
93,52.6132,50.7974,9.07903,0.8,0.2,8.78903
93.1,56.627,55.6369,4.9507,0.8,0.2,9.77917
93.2,57.1755,57.0633,0.560593,0.8,0.2,9.89129
93.3,54.3088,55.0576,-3.74361,0.8,0.2,9.14257
93.4,48.365,49.8864,-7.60677,0.8,0.2,7.62121
93.5,39.9697,42.1055,-10.6788,0.8,0.2,5.48546
93.6,30.1237,32.6298,-12.5303,0.8,0.2,2.9794
93.7,20.3801,22.8896,-12.5476,0.8,0.2,0.469876
93.8,13.189,15.1385,-9.74762,0.8,0.2,-1.47965
93.9,11.4687,12.173,-3.52192,0.8,0.2,-2.18403
94,15.2937,14.6259,3.3391,0.8,0.2,-1.51621
94.1,21.4534,20.0576,6.97909,0.8,0.2,-0.120392
94.2,27.2038,25.7722,7.15828,0.8,0.2,1.31126
94.3,31.1605,30.1091,5.25726,0.8,0.2,2.36271
94.4,32.7072,32.2348,2.3618,0.8,0.2,2.83507
94.5,31.7001,31.8638,-0.818193,0.8,0.2,2.67144
94.6,28.2995,29.0658,-3.83139,0.8,0.2,1.90516
94.7,22.9029,24.1736,-6.35344,0.8,0.2,0.63447
94.8,16.0517,17.6888,-8.18529,0.8,0.2,-1.00259
94.9,8.39294,10.2321,-9.19557,0.8,0.2,-2.8417
95,0.640485,2.50197,-9.30741,0.8,0.2,-4.70318
95.1,-6.40361,-4.71656,-8.43526,0.8,0.2,-6.39024
95.2,-11.0478,-9.90934,-5.69215,0.8,0.2,-7.52867
95.3,-9.78579,-9.96107,0.876406,0.8,0.2,-7.35339
95.4,-6.11071,-7.02785,4.58568,0.8,0.2,-6.43625
95.5,-2.55615,-3.57921,5.11531,0.8,0.2,-5.41319
95.6,0.983256,-0.0375004,5.10378,0.8,0.2,-4.39243
95.7,4.94178,3.85807,5.41855,0.8,0.2,-3.30872
95.8,9.55766,8.35157,6.03046,0.8,0.2,-2.10263
95.9,14.6648,13.3601,6.52349,0.8,0.2,-0.797931
96,19.7948,18.4919,6.51445,0.8,0.2,0.504959
96.1,24.3373,23.1783,5.79495,0.8,0.2,1.66395
96.2,27.6554,26.7933,4.31068,0.8,0.2,2.52608
96.3,29.1948,28.765,2.14892,0.8,0.2,2.95587
96.4,28.5281,28.6346,-0.532448,0.8,0.2,2.84938
96.5,25.4111,26.1128,-3.50844,0.8,0.2,2.14769
96.6,19.8054,21.1099,-6.52214,0.8,0.2,0.843263
96.7,11.9157,13.7714,-9.27848,0.8,0.2,-1.01243
96.8,2.2671,4.54771,-11.4031,0.8,0.2,-3.29305
96.9,-7.23273,-4.9425,-11.4511,0.8,0.2,-5.58328
97,-5.56516,-5.55229,-0.0643358,0.8,0.2,-5.59614
97.1,5.65215,3.29934,11.7641,0.8,0.2,-3.24333
97.2,17.453,14.5574,14.478,0.8,0.2,-0.347734
97.3,28.188,25.4549,13.6654,0.8,0.2,2.38535
97.4,37.0327,34.7649,11.3393,0.8,0.2,4.6532
97.5,43.379,41.7493,8.14885,0.8,0.2,6.28297
97.6,46.8314,45.9407,4.45386,0.8,0.2,7.17374
97.7,47.1938,47.0866,0.535721,0.8,0.2,7.28088
97.8,44.4593,45.1304,-3.35546,0.8,0.2,6.60979
97.9,38.8496,40.238,-6.94168,0.8,0.2,5.22146
98,30.7959,32.7887,-9.96422,0.8,0.2,3.22861
98.1,20.9295,23.3659,-12.1821,0.8,0.2,0.792197
98.2,10.1989,12.8481,-13.2463,0.8,0.2,-1.85706
98.3,0.372418,2.83042,-12.29,0.8,0.2,-4.31506
98.4,-3.57223,-2.378,-5.97114,0.8,0.2,-5.50929
98.5,1.86272,0.90439,4.79164,0.8,0.2,-4.55096
98.6,10.0131,8.10035,9.56381,0.8,0.2,-2.6382
98.7,17.2913,15.4004,9.4548,0.8,0.2,-0.747243
98.8,22.6512,21.1861,7.32554,0.8,0.2,0.717864
98.9,25.7166,24.8248,4.45876,0.8,0.2,1.60962
99,26.4213,26.1342,1.43546,0.8,0.2,1.89671
99.1,24.9251,25.2049,-1.39873,0.8,0.2,1.61696
99.2,21.5869,22.3428,-3.77967,0.8,0.2,0.861027
99.3,16.9092,18.0131,-5.51972,0.8,0.2,-0.242918
99.4,11.5528,12.84,-6.43603,0.8,0.2,-1.53012
99.5,6.25868,7.54435,-6.42835,0.8,0.2,-2.81579
99.6,1.80516,2.89668,-5.45762,0.8,0.2,-3.90732
99.7,-1.22712,-0.48051,-3.73304,0.8,0.2,-4.65392
99.8,-2.93585,-2.53786,-1.98995,0.8,0.2,-5.05192
99.9,-4.17708,-3.95027,-1.13403,0.8,0.2,-5.27872
