time,measured_position,estimated_position, error, L1, L2, estimated_velocity
0.1,24.2112,26.1386,-3.85486,0.5,0.1,-0.385486
0.2,19.5542,22.8271,-6.5459,0.5,0.1,-1.04008
0.3,14.6234,18.6733,-8.09977,0.5,0.1,-1.85005
0.4,10.5042,14.4962,-7.98403,0.5,0.1,-2.64846
0.5,9.30166,11.7665,-4.92972,0.5,0.1,-3.14143
0.6,11.7634,11.6079,0.311045,0.5,0.1,-3.11032
0.7,15.6297,13.4633,4.33284,0.5,0.1,-2.67704
0.8,19.2516,16.2236,6.056,0.5,0.1,-2.07144
0.9,21.9199,18.9682,5.90346,0.5,0.1,-1.48109
1,23.3074,21.0637,4.48735,0.5,0.1,-1.03236
1.1,23.2879,22.1242,2.32737,0.5,0.1,-0.799621
1.2,21.891,21.9676,-0.153185,0.5,0.1,-0.81494
1.3,19.2994,20.5928,-2.58673,0.5,0.1,-1.07361
1.4,15.8814,18.1834,-4.60399,0.5,0.1,-1.53401
1.5,12.3183,15.1741,-5.71176,0.5,0.1,-2.10519
1.6,9.91706,12.4403,-5.04656,0.5,0.1,-2.60984
1.7,10.3092,11.2443,-1.8702,0.5,0.1,-2.79686
1.8,13.1659,12.0652,2.20129,0.5,0.1,-2.57673
1.9,16.7976,14.3026,4.99005,0.5,0.1,-2.07773
2,20.1358,17.1153,6.04104,0.5,0.1,-1.47362
2.1,22.664,19.816,5.696,0.5,0.1,-0.904025
2.2,24.1383,21.9319,4.4127,0.5,0.1,-0.462755
2.3,24.4839,23.1848,2.59828,0.5,0.1,-0.202927
2.4,23.7563,23.4604,0.591812,0.5,0.1,-0.143746
2.5,22.1188,22.7824,-1.32724,0.5,0.1,-0.276469
2.6,19.8215,21.2881,-2.93329,0.5,0.1,-0.569799
2.7,17.1747,19.2029,-4.05643,0.5,0.1,-0.975441
2.8,14.5112,16.8083,-4.59415,0.5,0.1,-1.43486
2.9,12.1256,14.3952,-4.5392,0.5,0.1,-1.88878
3,10.183,12.1947,-4.0233,0.5,0.1,-2.29111
3.1,8.63334,10.2994,-3.33222,0.5,0.1,-2.62433
3.2,7.23322,8.63512,-2.80379,0.5,0.1,-2.90471
3.3,5.72582,7.03523,-2.61883,0.5,0.1,-3.16659
3.4,4.15054,5.43456,-2.56804,0.5,0.1,-3.42339
3.5,3.54293,4.31758,-1.54928,0.5,0.1,-3.57832
3.6,5.36213,4.66094,1.40239,0.5,0.1,-3.43808
3.7,8.64154,6.47934,4.32441,0.5,0.1,-3.00564
3.8,12.3938,9.28631,6.21507,0.5,0.1,-2.38414
3.9,16.1326,12.5903,7.08473,0.5,0.1,-1.67566
4,19.5036,15.9631,7.08091,0.5,0.1,-0.967572
4.1,22.2113,19.0388,6.34486,0.5,0.1,-0.333086
4.2,24.0197,21.5126,5.01419,0.5,0.1,0.168333
4.3,24.766,23.1477,3.23661,0.5,0.1,0.491994
4.4,24.3726,23.7848,1.17566,0.5,0.1,0.60956
4.5,22.8542,23.35,-0.991533,0.5,0.1,0.510407
4.6,20.3197,21.8604,-3.08126,0.5,0.1,0.202281
4.7,16.9705,19.4256,-4.91009,0.5,0.1,-0.288729
4.8,13.1031,16.2499,-6.29361,0.5,0.1,-0.91809
4.9,9.1502,12.6541,-7.00787,0.5,0.1,-1.61888
5,5.90391,9.19808,-6.58834,0.5,0.1,-2.27771
5.1,4.98492,6.97761,-3.98539,0.5,0.1,-2.67625
5.2,6.61165,6.66082,-0.0983381,0.5,0.1,-2.68608
5.3,8.69501,7.54361,2.3028,0.5,0.1,-2.4558
5.4,10.203,8.75054,2.90501,0.5,0.1,-2.1653
5.5,10.8265,9.68024,2.29247,0.5,0.1,-1.93605
5.6,10.5133,9.99999,1.0267,0.5,0.1,-1.83338
5.7,9.36651,9.59158,-0.45014,0.5,0.1,-1.8784
5.8,7.64129,8.52251,-1.76245,0.5,0.1,-2.05464
5.9,5.83017,7.07361,-2.48688,0.5,0.1,-2.30333
6,4.85628,5.84978,-1.987,0.5,0.1,-2.50203
6.1,5.52664,5.56311,-0.0729332,0.5,0.1,-2.50933
6.2,7.17964,6.24591,1.86747,0.5,0.1,-2.32258
6.3,8.83439,7.42402,2.82073,0.5,0.1,-2.0405
6.4,9.98537,8.60267,2.7654,0.5,0.1,-1.76396
6.5,10.421,9.42366,1.99477,0.5,0.1,-1.56449
6.6,10.1317,9.69944,0.864469,0.5,0.1,-1.47804
6.7,9.33687,9.44425,-0.214772,0.5,0.1,-1.49952
6.8,8.59246,8.94338,-0.701838,0.5,0.1,-1.5697
6.9,8.79051,8.78846,0.00409985,0.5,0.1,-1.56929
7,10.5143,9.57291,1.88276,0.5,0.1,-1.38102
7.1,13.4395,11.4372,4.00468,0.5,0.1,-0.980548
7.2,16.8954,14.1173,5.55632,0.5,0.1,-0.424916
7.3,20.3386,17.2067,6.26384,0.5,0.1,0.201468
7.4,23.3828,20.3048,6.15594,0.5,0.1,0.817062
7.5,25.7584,23.0724,5.37189,0.5,0.1,1.35425
7.6,27.2936,25.2507,4.0857,0.5,0.1,1.76282
7.7,27.9075,26.6672,2.48046,0.5,0.1,2.01087
7.8,27.6054,27.2369,0.737097,0.5,0.1,2.08458
7.9,26.4707,26.958,-0.974592,0.5,0.1,1.98712
8,24.6511,25.9039,-2.50563,0.5,0.1,1.73655
8.1,22.3394,24.2085,-3.73815,0.5,0.1,1.36274
8.2,19.7497,22.0472,-4.59513,0.5,0.1,0.903226
8.3,17.0895,19.6135,-5.04801,0.5,0.1,0.398424
8.4,14.5343,17.0938,-5.1191,0.5,0.1,-0.113485
8.5,12.2089,14.6457,-4.87355,0.5,0.1,-0.60084
8.6,10.1917,12.3887,-4.39392,0.5,0.1,-1.04023
8.7,8.54988,10.4173,-3.73476,0.5,0.1,-1.41371
8.8,7.39936,8.83762,-2.87653,0.5,0.1,-1.70136
8.9,6.9166,7.79204,-1.75088,0.5,0.1,-1.87645
9,7.18846,7.39643,-0.415937,0.5,0.1,-1.91804
9.1,8.02999,7.61731,0.825361,0.5,0.1,-1.83551
9.2,9.06899,8.25137,1.63524,0.5,0.1,-1.67198
9.3,9.92978,9.00698,1.8456,0.5,0.1,-1.48742
9.4,10.3041,9.58118,1.44589,0.5,0.1,-1.34283
9.5,9.96325,9.70507,0.516354,0.5,0.1,-1.2912
9.6,8.77316,9.17456,-0.80279,0.5,0.1,-1.37148
9.7,6.74974,7.89357,-2.28767,0.5,0.1,-1.60024
9.8,4.35188,6.04272,-3.38167,0.5,0.1,-1.93841
9.9,4.05113,4.95,-1.79774,0.5,0.1,-2.11819
10,7.61088,6.17453,2.8727,0.5,0.1,-1.83092
10.1,12.5628,9.27714,6.57141,0.5,0.1,-1.17378
10.2,17.8568,13.5083,8.69708,0.5,0.1,-0.304068
10.3,22.9884,18.2332,9.51053,0.5,0.1,0.646985
10.4,27.5455,22.9217,9.24767,0.5,0.1,1.57175
10.5,31.1615,27.1202,8.08266,0.5,0.1,2.38002
10.6,33.5267,30.4424,6.16849,0.5,0.1,2.99687
10.7,34.4095,32.5758,3.66735,0.5,0.1,3.3636
10.8,33.6777,33.2949,0.765556,0.5,0.1,3.44016
10.9,31.3175,32.4782,-2.32146,0.5,0.1,3.20801
11,27.4534,30.1262,-5.34563,0.5,0.1,2.67345
11.1,22.3868,26.3902,-8.00674,0.5,0.1,1.87277
11.2,16.722,21.6497,-9.85552,0.5,0.1,0.887222
11.3,11.8631,16.8008,-9.87533,0.5,0.1,-0.100311
11.4,10.9201,13.8554,-5.8706,0.5,0.1,-0.687371
11.5,14.9845,14.3856,1.19783,0.5,0.1,-0.567588
11.6,20.9308,17.6298,6.60196,0.5,0.1,0.092608
11.7,26.7913,22.2152,9.15218,0.5,0.1,1.00783
11.8,31.7411,27.0285,9.42516,0.5,0.1,1.95034
11.9,35.3578,31.2907,8.13424,0.5,0.1,2.76377
12,37.4204,34.4938,5.85335,0.5,0.1,3.3491
12.1,37.8577,36.3432,3.02905,0.5,0.1,3.65201
12.2,36.7285,36.7185,0.0201378,0.5,0.1,3.65402
12.3,34.2065,35.6452,-2.87738,0.5,0.1,3.36628
12.4,30.5619,33.2718,-5.41992,0.5,0.1,2.82429
12.5,26.1404,29.8473,-7.4139,0.5,0.1,2.0829
12.6,21.341,25.6983,-8.71464,0.5,0.1,1.21144
12.7,16.5991,21.2092,-9.22038,0.5,0.1,0.289398
12.8,12.3828,16.8105,-8.85538,0.5,0.1,-0.596139
12.9,9.19687,12.9739,-7.55401,0.5,0.1,-1.35154
13,7.4674,10.1531,-5.37132,0.5,0.1,-1.88867
13.1,7.09287,8.52853,-2.87132,0.5,0.1,-2.1758
13.2,7.35523,7.83309,-0.955725,0.5,0.1,-2.27138
13.3,7.65782,7.63188,0.0518613,0.5,0.1,-2.26619
13.4,7.83296,7.61911,0.427692,0.5,0.1,-2.22342
13.5,7.96434,7.68056,0.567575,0.5,0.1,-2.16666
13.6,8.16238,7.81313,0.698487,0.5,0.1,-2.09681
13.7,8.40281,8.00313,0.799359,0.5,0.1,-2.01688
13.8,8.49597,8.14871,0.694528,0.5,0.1,-1.94743
13.9,8.17458,8.06427,0.220618,0.5,0.1,-1.92536
14,7.21095,7.54135,-0.660785,0.5,0.1,-1.99144
14.1,5.5531,6.44765,-1.7891,0.5,0.1,-2.17035
14.2,3.80242,5.01652,-2.4282,0.5,0.1,-2.41317
14.3,4.63526,4.70523,-0.13994,0.5,0.1,-2.42717
14.4,8.61647,6.53949,4.15396,0.5,0.1,-2.01177
14.5,13.8665,10.1024,7.52813,0.5,0.1,-1.25896
14.6,19.62,14.7982,9.64348,0.5,0.1,-0.29461
14.7,25.4045,20.0866,10.6357,0.5,0.1,0.768962
14.8,30.7925,25.478,10.629,0.5,0.1,1.83186
14.9,35.3821,30.5217,9.72093,0.5,0.1,2.80396
15,38.8154,34.8088,8.01337,0.5,0.1,3.60529
15.1,40.8035,37.9864,5.6342,0.5,0.1,4.16871
15.2,41.1491,39.7762,2.74582,0.5,0.1,4.4433
15.3,39.7636,39.9921,-0.456863,0.5,0.1,4.39761
15.4,36.6767,38.5543,-3.75514,0.5,0.1,4.0221
15.5,32.0369,35.4967,-6.91954,0.5,0.1,3.33014
15.6,26.1058,30.9678,-9.72392,0.5,0.1,2.35775
15.7,19.2484,25.226,-11.9551,0.5,0.1,1.16224
15.8,11.9472,18.6447,-13.395,0.5,0.1,-0.177264
15.9,5.12784,11.8774,-13.4991,0.5,0.1,-1.52718
16,4.75542,8.24005,-6.96926,0.5,0.1,-2.2241
16.1,10.3901,9.20389,2.37249,0.5,0.1,-1.98685
16.2,15.5287,12.2669,6.52349,0.5,0.1,-1.3345
16.3,19.3722,15.7528,7.23866,0.5,0.1,-0.610638
16.4,21.684,18.6879,5.99228,0.5,0.1,-0.01141
16.5,22.4091,20.5479,3.72235,0.5,0.1,0.360826
16.6,21.6441,21.1141,1.06007,0.5,0.1,0.466833
16.7,19.641,20.4009,-1.51978,0.5,0.1,0.314855
16.8,16.8298,18.6311,-3.60258,0.5,0.1,-0.0454029
16.9,13.8802,16.2533,-4.74634,0.5,0.1,-0.520037
17,11.7722,13.9867,-4.42918,0.5,0.1,-0.962955
17.1,11.468,12.6792,-2.42248,0.5,0.1,-1.2052
17.2,12.879,12.7189,0.320341,0.5,0.1,-1.17317
17.3,14.9367,13.7691,2.33518,0.5,0.1,-0.939651
17.4,16.695,15.1851,3.01987,0.5,0.1,-0.637664
17.5,17.6287,16.375,2.50733,0.5,0.1,-0.386931
17.6,17.5235,16.9299,1.18715,0.5,0.1,-0.268215
17.7,16.4004,16.6518,-0.502617,0.5,0.1,-0.318477
17.8,14.5084,15.5642,-2.11147,0.5,0.1,-0.529624
17.9,12.3816,13.9464,-3.12959,0.5,0.1,-0.842582
18,10.9209,12.3915,-2.94126,0.5,0.1,-1.13671
18.1,11.0893,11.6836,-1.18854,0.5,0.1,-1.25556
18.2,12.9114,12.2347,1.35337,0.5,0.1,-1.12022
18.3,15.4723,13.7975,3.34957,0.5,0.1,-0.785267
18.4,17.8858,15.8024,4.16686,0.5,0.1,-0.368581
18.5,19.5854,17.6755,3.81983,0.5,0.1,0.0134022
18.6,20.248,18.9624,2.57125,0.5,0.1,0.270527
18.7,19.7302,19.3598,0.740755,0.5,0.1,0.344603
18.8,18.0417,18.718,-1.35261,0.5,0.1,0.209342
18.9,15.3438,17.0413,-3.39518,0.5,0.1,-0.130176
19,11.9853,14.5068,-5.04305,0.5,0.1,-0.634481
19.1,8.67276,11.5581,-5.77059,0.5,0.1,-1.21154
19.2,6.94918,9.19304,-4.48773,0.5,0.1,-1.66031
19.3,8.29872,8.66286,-0.72829,0.5,0.1,-1.73314
19.4,11.3699,9.92973,2.88034,0.5,0.1,-1.44511
19.5,14.5166,12.1509,4.73143,0.5,0.1,-0.971965
19.6,17.0048,14.5293,4.95103,0.5,0.1,-0.476861
19.7,18.5026,16.4921,4.02099,0.5,0.1,-0.0747627
19.8,18.8749,17.6797,2.39032,0.5,0.1,0.164269
19.9,18.1303,17.9132,0.434093,0.5,0.1,0.207679
20,16.4063,17.1701,-1.52768,0.5,0.1,0.0549109
20.1,13.9712,15.5734,-3.20441,0.5,0.1,-0.26553
20.2,11.2485,13.3977,-4.2984,0.5,0.1,-0.69537
20.3,8.88318,11.1057,-4.44496,0.5,0.1,-1.13987
20.4,7.71925,9.35546,-3.27242,0.5,0.1,-1.46711
20.5,8.11346,8.66111,-1.09529,0.5,0.1,-1.57664
20.6,9.31919,8.91131,0.815744,0.5,0.1,-1.49506
20.7,10.4081,9.58497,1.64632,0.5,0.1,-1.33043
20.8,10.8619,10.1569,1.40995,0.5,0.1,-1.18944
20.9,10.4968,10.2674,0.458797,0.5,0.1,-1.14356
21,9.38923,9.77111,-0.763772,0.5,0.1,-1.21993
21.1,7.9319,8.79051,-1.71722,0.5,0.1,-1.39166
21.2,7.02106,7.8362,-1.63028,0.5,0.1,-1.55468
21.3,7.77532,7.72803,0.0945854,0.5,0.1,-1.54523
21.4,10.1318,8.85265,2.55829,0.5,0.1,-1.2894
21.5,13.1208,10.9223,4.39711,0.5,0.1,-0.849685
21.6,15.9825,13.4099,5.1452,0.5,0.1,-0.335165
21.7,18.2431,15.8097,4.8667,0.5,0.1,0.151505
21.8,19.607,17.716,3.78214,0.5,0.1,0.529719
21.9,19.9247,18.8468,2.15578,0.5,0.1,0.745297
22,19.2046,19.063,0.283222,0.5,0.1,0.773619
22.1,17.6578,18.3991,-1.48251,0.5,0.1,0.625368
22.2,15.7889,17.1252,-2.67271,0.5,0.1,0.358097
22.3,14.5022,15.8316,-2.65885,0.5,0.1,0.0922123
22.4,14.8883,15.3646,-0.952545,0.5,0.1,-0.00304223
22.5,17.3208,16.3426,1.95656,0.5,0.1,0.192614
22.6,21.1275,18.7447,4.76571,0.5,0.1,0.669185
22.7,25.3867,22.0992,6.57516,0.5,0.1,1.3267
22.8,29.3902,25.811,7.15837,0.5,0.1,2.04254
22.9,32.6526,29.3339,6.63729,0.5,0.1,2.70627
23,34.8574,32.231,5.25282,0.5,0.1,3.23155
23.1,35.8292,34.1917,3.27511,0.5,0.1,3.55906
23.2,35.5237,35.0356,0.976109,0.5,0.1,3.65667
23.3,34.0237,34.7125,-1.37761,0.5,0.1,3.51891
23.4,31.5379,33.3011,-3.52647,0.5,0.1,3.16626
23.5,28.4003,31.009,-5.21747,0.5,0.1,2.64451
23.6,25.0686,28.171,-6.20491,0.5,0.1,2.02402
23.7,22.1041,25.2388,-6.26937,0.5,0.1,1.39709
23.8,20.0727,22.7256,-5.30578,0.5,0.1,0.866509
23.9,19.298,21.0551,-3.51418,0.5,0.1,0.515091
24,19.616,20.3613,-1.49062,0.5,0.1,0.366029
24.1,20.4719,20.4349,0.0739613,0.5,0.1,0.373425
24.2,21.2634,20.8679,0.791176,0.5,0.1,0.452543
24.3,21.5547,21.2339,0.641613,0.5,0.1,0.516704
24.4,21.1091,21.1973,-0.176487,0.5,0.1,0.499056
24.5,19.8556,20.5514,-1.39163,0.5,0.1,0.359893
24.6,17.8496,19.2185,-2.73783,0.5,0.1,0.0861095
24.7,15.2397,17.2334,-3.98744,0.5,0.1,-0.312634
24.8,12.2425,14.7223,-4.95964,0.5,0.1,-0.808598
24.9,9.1286,11.885,-5.51286,0.5,0.1,-1.35988
25,6.24227,8.99565,-5.50676,0.5,0.1,-1.91056
25.1,4.13127,6.46793,-4.67333,0.5,0.1,-2.37789
25.2,3.62108,4.92561,-2.60906,0.5,0.1,-2.6388
25.3,4.50075,4.58124,-0.160985,0.5,0.1,-2.6549
25.4,5.6651,4.99043,1.34935,0.5,0.1,-2.51996
25.5,6.68997,5.7142,1.95154,0.5,0.1,-2.32481
25.6,7.59979,6.54076,2.11807,0.5,0.1,-2.113
25.7,8.56862,7.44904,2.23916,0.5,0.1,-1.88908
25.8,9.75925,8.50969,2.49912,0.5,0.1,-1.63917
25.9,11.2175,9.78163,2.8717,0.5,0.1,-1.352
26,12.853,11.2497,3.20662,0.5,0.1,-1.03134
26.1,14.4912,12.8189,3.34457,0.5,0.1,-0.696883
26.2,15.9347,14.342,3.18553,0.5,0.1,-0.37833
26.3,17.0064,15.6552,2.70222,0.5,0.1,-0.108108
26.4,17.5717,16.6081,1.92729,0.5,0.1,0.0846208
26.5,17.5516,17.0841,0.935099,0.5,0.1,0.178131
26.6,16.9281,17.015,-0.17379,0.5,0.1,0.160752
26.7,15.747,16.389,-1.28411,0.5,0.1,0.0323406
26.8,14.1197,15.256,-2.2726,0.5,0.1,-0.194919
26.9,12.2277,13.7321,-3.00879,0.5,0.1,-0.495799
27,10.3333,12.0079,-3.34923,0.5,0.1,-0.830721
27.1,8.78707,10.3559,-3.13773,0.5,0.1,-1.14449
27.2,7.96237,9.10193,-2.27912,0.5,0.1,-1.37241
27.3,8.00947,8.48708,-0.95522,0.5,0.1,-1.46793
27.4,8.67124,8.50576,0.330947,0.5,0.1,-1.43483
27.5,9.5125,8.93739,1.15023,0.5,0.1,-1.31981
27.6,10.1928,9.49911,1.38741,0.5,0.1,-1.18107
27.7,10.5173,9.94914,1.13626,0.5,0.1,-1.06744
27.8,10.4017,10.122,0.559313,0.5,0.1,-1.01151
27.9,9.84131,9.9311,-0.179587,0.5,0.1,-1.02947
28,8.89409,9.36112,-0.934072,0.5,0.1,-1.12288
28.1,7.67731,8.46307,-1.57152,0.5,0.1,-1.28003
28.2,6.38018,7.35762,-1.95489,0.5,0.1,-1.47552
28.3,5.29466,6.25237,-1.91541,0.5,0.1,-1.66706
28.4,4.79795,5.44181,-1.28771,0.5,0.1,-1.79583
28.5,5.08116,5.17169,-0.181063,0.5,0.1,-1.81394
28.6,5.88802,5.43916,0.897723,0.5,0.1,-1.72417
28.7,6.80893,6.03783,1.54219,0.5,0.1,-1.56995
28.8,7.54995,6.71539,1.66911,0.5,0.1,-1.40304
28.9,7.93355,7.25432,1.35846,0.5,0.1,-1.26719
29,7.8546,7.4911,0.727002,0.5,0.1,-1.19449
29.1,7.25702,7.31434,-0.114629,0.5,0.1,-1.20595
29.2,6.12447,6.65911,-1.06927,0.5,0.1,-1.31288
29.3,4.47742,5.50262,-2.0504,0.5,0.1,-1.51792
29.4,2.37706,3.86395,-2.97376,0.5,0.1,-1.8153
29.5,0.441634,2.06203,-3.24078,0.5,0.1,-2.13938
29.6,2.95689,2.40249,1.1088,0.5,0.1,-2.0285
29.7,5.84992,4.02478,3.65028,0.5,0.1,-1.66347
29.8,8.7413,6.29986,4.88287,0.5,0.1,-1.17518
29.9,11.4685,8.82543,5.28617,0.5,0.1,-0.646564
30,13.8774,11.3191,5.11667,0.5,0.1,-0.134897
30.1,15.8279,13.5668,4.52229,0.5,0.1,0.317332
30.2,17.2029,15.4007,3.60439,0.5,0.1,0.677771
30.3,17.9172,16.6929,2.44877,0.5,0.1,0.922648
30.4,17.9247,17.3549,1.13955,0.5,0.1,1.0366
30.5,17.2224,17.3405,-0.236137,0.5,0.1,1.01299
30.6,15.8533,16.6475,-1.58853,0.5,0.1,0.854137
30.7,13.9053,15.3191,-2.82767,0.5,0.1,0.57137
30.8,11.511,13.4436,-3.86522,0.5,0.1,0.184848
30.9,8.85296,11.1575,-4.60915,0.5,0.1,-0.276067
31,6.20181,8.66587,-4.92812,0.5,0.1,-0.76888
31.1,4.10462,6.3468,-4.48436,0.5,0.1,-1.21732
31.2,3.72111,4.97309,-2.50395,0.5,0.1,-1.46771
31.3,5.15977,4.99304,0.333448,0.5,0.1,-1.43437
31.4,7.10884,5.97922,2.25923,0.5,0.1,-1.20844
31.5,8.98669,7.42253,3.12831,0.5,0.1,-0.895613
31.6,10.662,8.99749,3.32904,0.5,0.1,-0.562709
31.7,12.1488,10.545,3.20757,0.5,0.1,-0.241952
31.8,13.5123,12.0166,2.9915,0.5,0.1,0.0571979
31.9,14.8181,13.4202,2.79581,0.5,0.1,0.336779
32,16.0938,14.7738,2.63991,0.5,0.1,0.60077
32.1,17.3082,16.0711,2.47435,0.5,0.1,0.848205
32.2,18.3728,17.2644,2.21694,0.5,0.1,1.0699
32.3,19.1601,18.2657,1.78875,0.5,0.1,1.24877
32.4,19.5302,18.9604,1.13957,0.5,0.1,1.36273
32.5,19.3562,19.2264,0.259502,0.5,0.1,1.38868
32.6,18.5445,18.9549,-0.820774,0.5,0.1,1.3066
32.7,17.0498,18.0677,-2.03579,0.5,0.1,1.10302
32.8,14.8852,16.5316,-3.29273,0.5,0.1,0.773752
32.9,12.1347,14.3719,-4.47424,0.5,0.1,0.326328
33,8.98479,11.6946,-5.41969,0.5,0.1,-0.215641
33.1,5.87926,8.77617,-5.79382,0.5,0.1,-0.795023
33.2,4.26342,6.48004,-4.43324,0.5,0.1,-1.23835
33.3,5.97447,6.16534,-0.381744,0.5,0.1,-1.27652
33.4,9.22258,7.63013,3.18489,0.5,0.1,-0.958032
33.5,12.5896,10.062,5.05527,0.5,0.1,-0.452505
33.6,15.6308,12.8238,5.6141,0.5,0.1,0.108905
33.7,18.1509,15.4928,5.3162,0.5,0.1,0.640525
33.8,20.0528,17.8048,4.49599,0.5,0.1,1.09012
33.9,21.3062,19.61,3.39234,0.5,0.1,1.42936
34,21.9346,20.8438,2.18171,0.5,0.1,1.64753
34.1,22.005,21.5068,0.996464,0.5,0.1,1.74718
34.2,21.6127,21.6471,-0.0687618,0.5,0.1,1.7403
34.3,20.8641,21.3426,-0.957054,0.5,0.1,1.64459
34.4,19.8569,20.682,-1.65016,0.5,0.1,1.47958
34.5,18.6642,19.7471,-2.16571,0.5,0.1,1.26301
34.6,17.3263,18.5998,-2.54712,0.5,0.1,1.0083
34.7,15.856,17.2783,-2.84461,0.5,0.1,0.723834
34.8,14.2605,15.8056,-3.09019,0.5,0.1,0.414815
34.9,12.5776,14.2123,-3.26954,0.5,0.1,0.0878612
35,10.9299,12.5755,-3.29123,0.5,0.1,-0.241262
35.1,9.59446,11.0729,-2.95693,0.5,0.1,-0.536955
35.2,9.02226,10.0207,-1.99697,0.5,0.1,-0.736652
35.3,9.60062,9.77385,-0.346459,0.5,0.1,-0.771298
35.4,11.2628,10.4798,1.5661,0.5,0.1,-0.614688
35.5,13.59,12.0041,3.17166,0.5,0.1,-0.297522
35.6,16.1669,14.0706,4.19249,0.5,0.1,0.121727
35.7,18.6969,16.3899,4.61414,0.5,0.1,0.583141
35.8,20.9833,18.7157,4.53512,0.5,0.1,1.03665
35.9,22.9028,20.8611,4.08339,0.5,0.1,1.44499
36,24.3912,22.6984,3.38562,0.5,0.1,1.78355
36.1,25.4332,24.155,2.55643,0.5,0.1,2.0392
36.2,26.0513,25.2051,1.69241,0.5,0.1,2.20844
36.3,26.292,25.859,0.86606,0.5,0.1,2.29504
36.4,26.2085,26.1485,0.119999,0.5,0.1,2.30704
36.5,25.8431,26.1112,-0.536051,0.5,0.1,2.25344
36.6,25.2137,25.7751,-1.12285,0.5,0.1,2.14115
36.7,24.3072,25.1482,-1.68204,0.5,0.1,1.97295
36.8,23.0845,24.215,-2.26099,0.5,0.1,1.74685
36.9,21.494,22.9418,-2.89569,0.5,0.1,1.45728
37,19.4914,21.2895,-3.59617,0.5,0.1,1.09767
37.1,17.0628,19.231,-4.33638,0.5,0.1,0.664027
37.2,14.2528,16.7751,-5.04467,0.5,0.1,0.15956
37.3,11.2122,14.0016,-5.57889,0.5,0.1,-0.398329
37.4,8.33122,11.1465,-5.63056,0.5,0.1,-0.961385
37.5,6.58758,8.81898,-4.46278,0.5,0.1,-1.40766
37.6,7.29823,7.98822,-1.37997,0.5,0.1,-1.54566
37.7,9.96936,8.90151,2.13571,0.5,0.1,-1.33209
37.8,13.2779,11.0231,4.50963,0.5,0.1,-0.881127
37.9,16.5323,13.7337,5.59733,0.5,0.1,-0.321394
38,19.3977,16.5496,5.69613,0.5,0.1,0.248219
38.1,21.6804,19.1274,5.10599,0.5,0.1,0.758818
38.2,23.2651,21.2342,4.06178,0.5,0.1,1.165
38.3,24.0959,22.7233,2.74524,0.5,0.1,1.43952
38.4,24.1701,23.5187,1.30285,0.5,0.1,1.56981
38.5,23.5326,23.6041,-0.143053,0.5,0.1,1.5555
38.6,22.2703,23.015,-1.4894,0.5,0.1,1.40656
38.7,20.5046,21.8301,-2.65103,0.5,0.1,1.14146
38.8,18.3834,20.1638,-3.56087,0.5,0.1,0.78537
38.9,16.0723,18.1573,-4.17005,0.5,0.1,0.368365
39,13.7468,15.9705,-4.44742,0.5,0.1,-0.0763766
39.1,11.583,13.7729,-4.37984,0.5,0.1,-0.514361
39.2,9.74406,11.7328,-3.97742,0.5,0.1,-0.912102
39.3,8.34997,9.99576,-3.2916,0.5,0.1,-1.24126
39.4,7.42755,8.64959,-2.44409,0.5,0.1,-1.48567
39.5,6.8741,7.68756,-1.62693,0.5,0.1,-1.64836
39.6,6.49202,7.00737,-1.0307,0.5,0.1,-1.75143
39.7,6.07515,6.45369,-0.757084,0.5,0.1,-1.82714
39.8,5.46814,5.86956,-0.802832,0.5,0.1,-1.90743
39.9,4.57759,5.1282,-1.10122,0.5,0.1,-2.01755
40,3.36118,4.14382,-1.56527,0.5,0.1,-2.17407
40.1,1.8167,2.87155,-2.10971,0.5,0.1,-2.38505
40.2,0.186945,1.41,-2.4461,0.5,0.1,-2.62966
40.3,2.16141,1.65422,1.01437,0.5,0.1,-2.52822
40.4,4.44511,2.92325,3.04372,0.5,0.1,-2.22385
40.5,6.81774,4.75931,4.11687,0.5,0.1,-1.81216
40.6,9.16763,6.87286,4.58954,0.5,0.1,-1.3532
40.7,11.3739,9.05573,4.63638,0.5,0.1,-0.889567
40.8,13.3121,11.1394,4.34528,0.5,0.1,-0.455038
40.9,14.8616,12.9778,3.76769,0.5,0.1,-0.078269
41,15.9149,14.4424,2.94499,0.5,0.1,0.21623
41.1,16.3857,15.4249,1.92162,0.5,0.1,0.408392
41.2,16.2165,15.8411,0.750792,0.5,0.1,0.483471
41.3,15.385,15.6372,-0.504421,0.5,0.1,0.433029
41.4,13.9077,14.7941,-1.77283,0.5,0.1,0.255746
41.5,11.8412,13.3305,-2.97847,0.5,0.1,-0.0421012
41.6,9.28191,11.3041,-4.04434,0.5,0.1,-0.446535
41.7,6.36703,8.81323,-4.8924,0.5,0.1,-0.935775
41.8,3.30905,6.01435,-5.4106,0.5,0.1,-1.47683
41.9,1.28775,3.57721,-4.57891,0.5,0.1,-1.93473
42,3.57346,3.4786,0.189722,0.5,0.1,-1.91575
42.1,6.34902,4.81802,3.062,0.5,0.1,-1.60955
42.2,8.78879,6.72293,4.13172,0.5,0.1,-1.19638
42.3,10.7312,8.66726,4.12792,0.5,0.1,-0.783589
42.4,12.0923,10.3406,3.50338,0.5,0.1,-0.43325
42.5,12.8414,11.5693,2.54413,0.5,0.1,-0.178837
42.6,13.0026,12.277,1.4512,0.5,0.1,-0.0337178
42.7,12.6598,12.4667,0.386103,0.5,0.1,0.00489252
42.8,11.9638,12.2155,-0.503446,0.5,0.1,-0.045452
42.9,11.1417,11.6763,-1.0692,0.5,0.1,-0.152372
43,10.4939,11.0775,-1.16717,0.5,0.1,-0.269088
43.1,10.3373,10.694,-0.713319,0.5,0.1,-0.34042
43.2,10.8663,10.7631,0.206422,0.5,0.1,-0.319778
43.3,12.0436,11.3874,1.31242,0.5,0.1,-0.188536
43.4,13.6653,12.5169,2.29681,0.5,0.1,0.0411452
43.5,15.5041,14.0126,2.98311,0.5,0.1,0.339456
43.6,17.3822,15.7144,3.33566,0.5,0.1,0.673022
43.7,19.178,17.4798,3.39637,0.5,0.1,1.01266
43.8,20.8113,19.1962,3.23016,0.5,0.1,1.33568
43.9,22.2257,20.7777,2.89591,0.5,0.1,1.62527
44,23.3762,22.1582,2.43592,0.5,0.1,1.86886
44.1,24.2208,23.2829,1.87568,0.5,0.1,2.05643
44.2,24.7177,24.1031,1.22913,0.5,0.1,2.17934
44.3,24.8266,24.5738,0.505581,0.5,0.1,2.2299
44.4,24.5137,24.6553,-0.28319,0.5,0.1,2.20158
44.5,23.7576,24.3165,-1.11783,0.5,0.1,2.0898
44.6,22.5567,23.5411,-1.96879,0.5,0.1,1.89292
44.7,20.9343,22.3323,-2.79611,0.5,0.1,1.61331
44.8,18.9422,20.7179,-3.55143,0.5,0.1,1.25816
44.9,16.6629,18.7533,-4.18081,0.5,0.1,0.840082
45,14.2099,16.5236,-4.62741,0.5,0.1,0.37734
45.1,11.7294,14.1454,-4.83194,0.5,0.1,-0.105854
45.2,9.40545,11.7701,-4.72936,0.5,0.1,-0.57879
45.3,7.46767,9.58996,-4.24459,0.5,0.1,-1.00325
45.4,6.17066,7.83015,-3.31897,0.5,0.1,-1.33515
45.5,5.65082,6.67373,-2.04582,0.5,0.1,-1.53973
45.6,5.7219,6.12082,-0.797852,0.5,0.1,-1.61951
45.7,5.98714,5.97301,0.0282612,0.5,0.1,-1.61669
45.8,6.12182,5.96658,0.310481,0.5,0.1,-1.58564
45.9,5.9498,5.87891,0.141792,0.5,0.1,-1.57146
46,5.40306,5.56241,-0.318708,0.5,0.1,-1.60333
46.1,4.48778,4.94493,-0.914294,0.5,0.1,-1.69476
46.2,3.29496,4.03521,-1.48049,0.5,0.1,-1.84281
46.3,2.18171,3.01632,-1.66922,0.5,0.1,-2.00973
46.4,2.34541,2.58038,-0.46993,0.5,0.1,-2.05672
46.5,4.05288,3.21379,1.67817,0.5,0.1,-1.88891
46.6,6.33084,4.67787,3.30594,0.5,0.1,-1.55831
46.7,8.81755,6.66979,4.29551,0.5,0.1,-1.12876
46.8,11.36,8.95845,4.80306,0.5,0.1,-0.648457
46.9,13.8418,11.3677,4.94821,0.5,0.1,-0.153636
47,16.1515,13.7519,4.79921,0.5,0.1,0.326285
47.1,18.1773,15.9809,4.39272,0.5,0.1,0.765557
47.2,19.8096,17.9336,3.75214,0.5,0.1,1.14077
47.3,20.9483,19.498,2.90068,0.5,0.1,1.43084
47.4,21.5114,20.5762,1.87037,0.5,0.1,1.61788
47.5,21.446,21.092,0.70801,0.5,0.1,1.68868
47.6,20.7401,21.0005,-0.520828,0.5,0.1,1.63659
47.7,19.4359,20.3,-1.72823,0.5,0.1,1.46377
47.8,17.648,19.0472,-2.79838,0.5,0.1,1.18393
47.9,15.5892,17.3774,-3.57637,0.5,0.1,0.826296
48,13.6087,15.5344,-3.85139,0.5,0.1,0.441157
48.1,12.2094,13.8939,-3.36908,0.5,0.1,0.104249
48.2,11.9035,12.9039,-2.00088,0.5,0.1,-0.0958386
48.3,12.8207,12.8575,-0.0736446,0.5,0.1,-0.103203
48.4,14.5666,13.7069,1.71939,0.5,0.1,0.0687359
48.5,16.581,15.1474,2.86723,0.5,0.1,0.355459
48.6,18.4193,16.8011,3.23636,0.5,0.1,0.679094
48.7,19.7908,18.3299,2.92176,0.5,0.1,0.97127
48.8,20.5275,19.4773,2.10048,0.5,0.1,1.18132
48.9,20.5588,20.0771,0.963444,0.5,0.1,1.27766
49,19.8971,20.051,-0.307814,0.5,0.1,1.24688
49.1,18.6284,19.402,-1.54726,0.5,0.1,1.09216
49.2,16.9051,18.2082,-2.60614,0.5,0.1,0.831541
49.3,14.9363,16.6138,-3.35502,0.5,0.1,0.496039
49.4,12.9726,14.818,-3.6908,0.5,0.1,0.126959
49.5,11.2724,13.0516,-3.55832,0.5,0.1,-0.228873
49.6,10.0291,11.5289,-2.99954,0.5,0.1,-0.528827
49.7,9.26874,10.3724,-2.20728,0.5,0.1,-0.749555
49.8,8.81018,9.5538,-1.48724,0.5,0.1,-0.898279
49.9,8.36447,8.91422,-1.09951,0.5,0.1,-1.00823
50,7.67598,8.24469,-1.13741,0.5,0.1,-1.12197
50.1,6.59357,7.36303,-1.53892,0.5,0.1,-1.27586
50.2,5.07565,6.15555,-2.15979,0.5,0.1,-1.49184
50.3,3.17123,4.5888,-2.83514,0.5,0.1,-1.77536
50.4,0.99888,2.70507,-3.41238,0.5,0.1,-2.11659
50.5,1.29628,1.89485,-1.19714,0.5,0.1,-2.23631
50.6,3.50733,2.58927,1.83612,0.5,0.1,-2.0527
50.7,5.4656,3.9248,3.0816,0.5,0.1,-1.74454
50.8,7.01169,5.38102,3.26134,0.5,0.1,-1.4184
50.9,8.03838,6.63878,2.79921,0.5,0.1,-1.13848
51,8.52167,7.5233,1.99673,0.5,0.1,-0.938809
51.1,8.56582,7.99762,1.1364,0.5,0.1,-0.825168
51.2,8.46313,8.18912,0.54803,0.5,0.1,-0.770365
51.3,8.71114,8.41161,0.599053,0.5,0.1,-0.71046
51.4,9.80798,9.07427,1.46742,0.5,0.1,-0.563718
51.5,11.8744,10.4461,2.85649,0.5,0.1,-0.27807
51.6,14.6274,12.5229,4.20908,0.5,0.1,0.142838
51.7,17.6562,15.0967,5.11906,0.5,0.1,0.654744
51.8,20.5794,17.8708,5.41724,0.5,0.1,1.19647
51.9,23.076,20.5332,5.08559,0.5,0.1,1.70503
52,24.8875,22.7956,4.1838,0.5,0.1,2.12341
52.1,25.8208,24.4144,2.81281,0.5,0.1,2.40469
52.2,25.7533,25.2041,1.09842,0.5,0.1,2.51453
52.3,24.6378,25.0467,-0.817696,0.5,0.1,2.43276
52.4,22.5051,23.8975,-2.78487,0.5,0.1,2.15427
52.5,19.4637,21.7883,-4.64924,0.5,0.1,1.68935
52.6,15.702,18.8296,-6.25525,0.5,0.1,1.06382
52.7,11.5076,15.2218,-7.42838,0.5,0.1,0.320987
52.8,7.39355,11.3237,-7.86036,0.5,0.1,-0.465049
52.9,4.81436,8.04579,-6.46287,0.5,0.1,-1.11134
53,6.16176,7.04821,-1.77289,0.5,0.1,-1.28863
53.1,9.48532,8.20233,2.56597,0.5,0.1,-1.03203
53.2,12.8074,10.4533,4.7083,0.5,0.1,-0.561198
53.3,15.5912,12.9942,5.19402,0.5,0.1,-0.0417956
53.4,17.6754,15.3327,4.68544,0.5,0.1,0.426748
53.5,19.0477,17.2116,3.67235,0.5,0.1,0.793984
53.6,19.7943,18.5426,2.50334,0.5,0.1,1.04432
53.7,20.0727,19.3599,1.42566,0.5,0.1,1.18688
53.8,20.0775,19.778,0.598907,0.5,0.1,1.24677
53.9,19.9908,19.9468,0.088131,0.5,0.1,1.25559
54,19.9272,19.9997,-0.145178,0.5,0.1,1.24107
54.1,19.8942,20.009,-0.229685,0.5,0.1,1.2181
54.2,19.7951,19.963,-0.335726,0.5,0.1,1.18453
54.3,19.4721,19.7767,-0.609333,0.5,0.1,1.1236
54.4,18.7681,19.3286,-1.12099,0.5,0.1,1.0115
54.5,17.5858,18.5078,-1.84398,0.5,0.1,0.827098
54.6,15.9392,17.2648,-2.65129,0.5,0.1,0.561969
54.7,14.0142,15.6676,-3.30682,0.5,0.1,0.231287
54.8,12.2548,13.9728,-3.43592,0.5,0.1,-0.112305
54.9,11.4032,12.6824,-2.55834,0.5,0.1,-0.368139
55,12.1314,12.3885,-0.514154,0.5,0.1,-0.419555
55.1,14.3434,13.345,1.99688,0.5,0.1,-0.219866
55.2,17.3411,15.332,4.01807,0.5,0.1,0.181941
55.3,20.4497,17.8999,5.09944,0.5,0.1,0.691885
55.4,23.194,20.5816,5.22485,0.5,0.1,1.21437
55.5,25.2578,22.9804,4.55485,0.5,0.1,1.66985
55.6,26.4449,24.7961,3.29745,0.5,0.1,1.9996
55.7,26.6618,25.829,1.66576,0.5,0.1,2.16618
55.8,25.9132,25.9794,-0.132391,0.5,0.1,2.15294
55.9,24.2986,25.2467,-1.89607,0.5,0.1,1.96333
56,22.0116,23.7273,-3.43135,0.5,0.1,1.62019
56.1,19.3386,21.6139,-4.55077,0.5,0.1,1.16512
56.2,16.6554,19.193,-5.07501,0.5,0.1,0.657616
56.3,14.4027,16.8307,-4.85604,0.5,0.1,0.172011
56.4,12.9749,14.9114,-3.87295,0.5,0.1,-0.215284
56.5,12.4892,13.6896,-2.40064,0.5,0.1,-0.455348
56.6,12.6487,13.1464,-0.995343,0.5,0.1,-0.554883
56.7,12.9469,13.0189,-0.144011,0.5,0.1,-0.569284
56.8,12.9555,12.9587,-0.00639248,0.5,0.1,-0.569923
56.9,12.434,12.6679,-0.467736,0.5,0.1,-0.616697
57,11.3247,11.9655,-1.28146,0.5,0.1,-0.744843
57.1,9.73836,10.8147,-2.15263,0.5,0.1,-0.960107
57.2,7.97316,9.34591,-2.74551,0.5,0.1,-1.23466
57.3,6.58261,7.90253,-2.63984,0.5,0.1,-1.49864
57.4,6.2753,7.01398,-1.47736,0.5,0.1,-1.64638
57.5,7.16931,7.00933,0.319967,0.5,0.1,-1.61438
57.6,8.57116,7.70953,1.72327,0.5,0.1,-1.44205
57.7,9.79777,8.68155,2.23245,0.5,0.1,-1.21881
57.8,10.4431,9.50137,1.8834,0.5,0.1,-1.03047
57.9,10.292,9.84515,0.893663,0.5,0.1,-0.941102
58,9.25871,9.50488,-0.492327,0.5,0.1,-0.990335
58.1,7.36219,8.38401,-2.04365,0.5,0.1,-1.1947
58.2,4.7194,6.49197,-3.54515,0.5,0.1,-1.54922
58.3,1.63872,3.98788,-4.69833,0.5,0.1,-2.01905
58.4,2.40796,3.09697,-1.37802,0.5,0.1,-2.15685
58.5,5.98256,4.43193,3.10128,0.5,0.1,-1.84672
58.6,9.41225,6.82975,5.165,0.5,0.1,-1.33022
58.7,12.3419,9.51932,5.64519,0.5,0.1,-0.765704
58.8,14.5041,11.9734,5.06132,0.5,0.1,-0.259571
58.9,15.6929,13.8202,3.74549,0.5,0.1,0.114977
59,15.7835,14.8076,1.95185,0.5,0.1,0.310162
59.1,14.7588,14.7987,-0.0798588,0.5,0.1,0.302177
59.2,12.758,13.7935,-2.07089,0.5,0.1,0.0950877
59.3,10.2108,12.0069,-3.59224,0.5,0.1,-0.264136
59.4,8.23446,10.1075,-3.74599,0.5,0.1,-0.638736
59.5,8.79966,9.42163,-1.24392,0.5,0.1,-0.763128
59.6,12.197,10.7711,2.85168,0.5,0.1,-0.477961
59.7,16.8472,13.7853,6.12383,0.5,0.1,0.134422
59.8,21.6596,17.7292,7.8609,0.5,0.1,0.920512
59.9,26.0354,21.9283,8.21415,0.5,0.1,1.74193
60,29.5886,25.8456,7.48615,0.5,0.1,2.49054
60.1,32.0642,29.0794,5.96954,0.5,0.1,3.0875
60.2,33.3239,31.356,3.93573,0.5,0.1,3.48107
60.3,33.3518,32.528,1.64772,0.5,0.1,3.64584
60.4,32.2635,32.578,-0.629082,0.5,0.1,3.58293
60.5,30.3146,31.6254,-2.62172,0.5,0.1,3.32076
60.6,27.9052,29.9314,-4.05228,0.5,0.1,2.91553
60.7,25.562,27.8925,-4.6609,0.5,0.1,2.44944
60.8,23.8512,25.9943,-4.28623,0.5,0.1,2.02082
60.9,23.1708,24.6836,-3.02562,0.5,0.1,1.71826
61,23.5111,24.1833,-1.3443,0.5,0.1,1.58383
61.1,24.4451,24.3933,0.103415,0.5,0.1,1.59417
61.2,25.3792,24.966,0.82641,0.5,0.1,1.67681
61.3,25.7978,25.4657,0.66419,0.5,0.1,1.74323
61.4,25.3691,25.5046,-0.270981,0.5,0.1,1.71613
61.5,23.9692,24.8227,-1.70699,0.5,0.1,1.54543
61.6,21.6957,23.3365,-3.28151,0.5,0.1,1.21728
61.7,18.9105,21.1844,-4.5477,0.5,0.1,0.762513
61.8,16.3338,18.7972,-4.92678,0.5,0.1,0.269835
61.9,15.0633,16.9438,-3.76089,0.5,0.1,-0.106254
62,15.9726,16.4529,-0.96053,0.5,0.1,-0.202307
62.1,18.7501,17.5914,2.31746,0.5,0.1,0.0294387
62.2,22.3197,19.957,4.72537,0.5,0.1,0.501976
62.3,25.7398,22.8735,5.73258,0.5,0.1,1.07523
62.4,28.3858,25.6834,5.40479,0.5,0.1,1.61571
62.5,29.8683,27.8567,4.02335,0.5,0.1,2.01805
62.6,29.9699,29.0142,1.91139,0.5,0.1,2.20919
62.7,28.6147,28.9249,-0.620363,0.5,0.1,2.14715
62.8,25.8526,27.4961,-3.28697,0.5,0.1,1.81845
62.9,21.8457,24.7618,-5.83228,0.5,0.1,1.23523
63,16.8577,20.8715,-8.02769,0.5,0.1,0.432457
63.1,11.2628,16.0888,-9.65201,0.5,0.1,-0.532743
63.2,5.73727,10.8864,-10.2982,0.5,0.1,-1.56256
63.3,3.75172,7.24092,-6.9784,0.5,0.1,-2.2604
63.4,8.02049,7.51768,1.00561,0.5,0.1,-2.15984
63.5,12.7587,10.0302,5.45696,0.5,0.1,-1.61415
63.6,16.7323,13.3005,6.8635,0.5,0.1,-0.927798
63.7,19.6409,16.4243,6.4332,0.5,0.1,-0.284478
63.8,21.3718,18.8838,4.97592,0.5,0.1,0.213114
63.9,21.9328,20.419,3.02765,0.5,0.1,0.515878
64,21.4374,20.954,0.966867,0.5,0.1,0.612565
64.1,20.0925,20.5539,-0.922777,0.5,0.1,0.520287
64.2,18.1803,19.3931,-2.4256,0.5,0.1,0.277727
64.3,16.0303,17.7256,-3.39057,0.5,0.1,-0.0613296
64.4,13.9694,15.8444,-3.75006,0.5,0.1,-0.436336
64.5,12.2386,14.0197,-3.5622,0.5,0.1,-0.792556
64.6,10.8912,12.4158,-3.04921,0.5,0.1,-1.09748
64.7,9.75378,11.0299,-2.55229,0.5,0.1,-1.35271
64.8,8.51885,9.70676,-2.37581,0.5,0.1,-1.59029
64.9,6.89897,8.22335,-2.64876,0.5,0.1,-1.85516
65,4.7256,6.38172,-3.31223,0.5,0.1,-2.18639
65.1,1.97974,4.07141,-4.18335,0.5,0.1,-2.60472
65.2,1.33792,2.57442,-2.47301,0.5,0.1,-2.85202
65.3,4.85534,3.57228,2.56612,0.5,0.1,-2.59541
65.4,8.43479,5.87377,5.12205,0.5,0.1,-2.08321
65.5,11.7603,8.71287,6.09484,0.5,0.1,-1.47372
65.6,14.5306,11.5481,5.96513,0.5,0.1,-0.877208
65.7,16.4696,13.965,5.0093,0.5,0.1,-0.376278
65.8,17.3507,15.639,3.42337,0.5,0.1,-0.0339417
65.9,17.0178,16.3267,1.38218,0.5,0.1,0.104276
66,15.4008,15.869,-0.936378,0.5,0.1,0.0106385
66.1,12.5239,14.197,-3.34615,0.5,0.1,-0.323976
66.2,8.50703,11.3358,-5.65754,0.5,0.1,-0.889731
66.3,3.55931,7.40307,-7.68752,0.5,0.1,-1.65848
66.4,2.03429,4.63576,-5.20294,0.5,0.1,-2.17878
66.5,7.93236,6.17512,3.51448,0.5,0.1,-1.82733
66.6,13.7611,9.87676,7.76874,0.5,0.1,-1.05045
66.7,19.1413,14.4565,9.36959,0.5,0.1,-0.113495
66.8,23.7158,19.0805,9.2706,0.5,0.1,0.813565
66.9,27.176,23.1689,8.01418,0.5,0.1,1.61498
67,29.2854,26.3079,5.95505,0.5,0.1,2.21049
67.1,29.898,28.2135,3.36901,0.5,0.1,2.54739
67.2,28.9705,28.7194,0.502314,0.5,0.1,2.59762
67.3,26.5699,27.7745,-2.40922,0.5,0.1,2.3567
67.4,22.8757,25.443,-5.13448,0.5,0.1,1.84325
67.5,18.1884,21.9078,-7.43887,0.5,0.1,1.09936
67.6,12.9813,17.4995,-9.03645,0.5,0.1,0.195718
67.7,8.20692,12.863,-9.3122,0.5,0.1,-0.735502
67.8,6.51123,9.65035,-6.27824,0.5,0.1,-1.36333
67.9,9.50378,9.5089,-0.0102425,0.5,0.1,-1.36435
68,13.8515,11.612,4.47901,0.5,0.1,-0.91645
68.1,17.8408,14.6806,6.32045,0.5,0.1,-0.284405
68.2,20.9758,17.8139,6.32368,0.5,0.1,0.347962
68.3,23.1197,20.4842,5.27094,0.5,0.1,0.875056
68.4,24.3321,22.4519,3.76044,0.5,0.1,1.2511
68.5,24.8283,23.7027,2.25123,0.5,0.1,1.47622
68.6,24.9401,24.3952,1.08981,0.5,0.1,1.5852
68.7,25.0414,24.7975,0.487648,0.5,0.1,1.63397
68.8,25.4243,25.1926,0.463348,0.5,0.1,1.6803
68.9,26.1726,25.7666,0.811941,0.5,0.1,1.7615
69,27.1182,26.5305,1.17549,0.5,0.1,1.87905
69.1,27.9142,27.3163,1.19585,0.5,0.1,1.99863
69.2,28.1581,27.8371,0.641901,0.5,0.1,2.06282
69.3,27.4925,27.7679,-0.550972,0.5,0.1,2.00773
69.4,25.6619,26.8153,-2.30676,0.5,0.1,1.77705
69.5,22.5379,24.7654,-4.45518,0.5,0.1,1.33153
69.6,18.1251,21.5118,-6.7735,0.5,0.1,0.654181
69.7,12.5642,17.0708,-9.01302,0.5,0.1,-0.247121
69.8,6.18273,11.6144,-10.8633,0.5,0.1,-1.33345
69.9,2.3853,6.93318,-9.09574,0.5,0.1,-2.24303
70,8.94753,7.8282,2.23865,0.5,0.1,-2.01916
70.1,16.0723,11.8493,8.44598,0.5,0.1,-1.17456
70.2,22.6625,17.1972,10.9307,0.5,0.1,-0.0814897
70.3,28.287,22.738,11.098,0.5,0.1,1.02831
70.4,32.6102,27.7255,9.76933,0.5,0.1,2.00524
70.5,35.3903,31.6582,7.46425,0.5,0.1,2.75166
70.6,36.495,34.2141,4.56167,0.5,0.1,3.20783
70.7,35.9153,35.2251,1.38039,0.5,0.1,3.34587
70.8,33.7763,34.668,-1.78345,0.5,0.1,3.16752
70.9,30.3471,32.6659,-4.63762,0.5,0.1,2.70376
71,26.0624,29.4994,-6.87389,0.5,0.1,2.01637
71.1,21.5719,25.6364,-8.12909,0.5,0.1,1.20346
71.2,17.824,21.7904,-7.9328,0.5,0.1,0.410184
71.3,15.975,18.9032,-5.85644,0.5,0.1,-0.175459
71.4,16.5594,17.7225,-2.32623,0.5,0.1,-0.408083
71.5,18.7474,18.2146,1.06568,0.5,0.1,-0.301515
71.6,21.2567,19.7206,3.07231,0.5,0.1,0.00571662
71.7,23.211,21.4661,3.48983,0.5,0.1,0.3547
71.8,24.1655,22.8335,2.66392,0.5,0.1,0.621092
71.9,23.97,23.4328,1.07441,0.5,0.1,0.728532
72,22.6911,23.0984,-0.814575,0.5,0.1,0.647075
72.1,20.5813,21.8722,-2.58181,0.5,0.1,0.388894
72.2,18.0751,19.9931,-3.83599,0.5,0.1,0.00529477
72.3,15.7841,17.8889,-4.20946,0.5,0.1,-0.415651
72.4,14.3912,16.1192,-3.45615,0.5,0.1,-0.761266
72.5,14.2781,15.1606,-1.76502,0.5,0.1,-0.937768
72.6,15.1595,15.1132,0.0926828,0.5,0.1,-0.9285
72.7,16.3336,15.677,1.31332,0.5,0.1,-0.797168
72.8,17.1778,16.3875,1.58057,0.5,0.1,-0.639111
72.9,17.3426,16.8331,1.01903,0.5,0.1,-0.537208
73,16.7644,16.7719,-0.0150394,0.5,0.1,-0.538712
73.1,15.6734,16.1957,-1.04466,0.5,0.1,-0.643178
73.2,14.627,15.3792,-1.50438,0.5,0.1,-0.793616
73.3,14.4343,14.8671,-0.865537,0.5,0.1,-0.880169
73.4,15.6916,15.2353,0.912553,0.5,0.1,-0.788914
73.5,18.2426,16.6995,3.08619,0.5,0.1,-0.480295
73.6,21.3863,19.0189,4.73481,0.5,0.1,-0.00681436
73.7,24.3825,21.7004,5.36433,0.5,0.1,0.529619
73.8,26.6443,24.1988,4.89092,0.5,0.1,1.01871
73.9,27.7463,26.0235,3.44559,0.5,0.1,1.36327
74,27.4099,26.7848,1.25011,0.5,0.1,1.48828
74.1,25.4949,26.2143,-1.43881,0.5,0.1,1.3444
74.2,21.9946,24.1717,-4.35412,0.5,0.1,0.908987
74.3,17.0294,20.646,-7.23318,0.5,0.1,0.18567
74.4,10.8342,15.7494,-9.83031,0.5,0.1,-0.797361
74.5,3.74059,9.70512,-11.929,0.5,0.1,-1.99027
74.6,3.84946,6.67778,-5.65663,0.5,0.1,-2.55593
74.7,11.4878,8.95499,5.06565,0.5,0.1,-2.04936
74.8,18.7184,13.7342,9.96835,0.5,0.1,-1.05253
74.9,25.1053,19.3671,11.4763,0.5,0.1,0.0951015
75,30.2651,24.8209,10.8885,0.5,0.1,1.18395
75.1,33.8941,29.4167,8.95485,0.5,0.1,2.07943
75.2,35.7896,32.7071,6.16494,0.5,0.1,2.69593
75.3,35.864,34.4203,2.88728,0.5,0.1,2.98466
75.4,34.151,34.4349,-0.567768,0.5,0.1,2.92788
75.5,30.8035,32.7656,-3.92426,0.5,0.1,2.53545
75.6,26.0835,29.5513,-6.93563,0.5,0.1,1.84189
75.7,20.3502,25.0428,-9.38534,0.5,0.1,0.903355
75.8,14.0583,19.5958,-11.0748,0.5,0.1,-0.204128
75.9,7.86865,13.722,-11.7067,0.5,0.1,-1.3748
76,4.0028,8.79366,-9.58172,0.5,0.1,-2.33297
76.1,6.89033,7.72535,-1.67003,0.5,0.1,-2.49997
76.2,11.3219,9.39862,3.84656,0.5,0.1,-2.11532
76.3,14.9601,12.0736,5.77303,0.5,0.1,-1.53801
76.4,17.4264,14.6731,5.50656,0.5,0.1,-0.987357
76.5,18.6681,16.6212,4.09378,0.5,0.1,-0.577979
76.6,18.8078,17.6856,2.24431,0.5,0.1,-0.353548
76.7,18.1155,17.8829,0.465229,0.5,0.1,-0.307025
76.8,16.987,17.4196,-0.865108,0.5,0.1,-0.393536
76.9,15.8846,16.6324,-1.49563,0.5,0.1,-0.543099
77,15.1963,15.8872,-1.38186,0.5,0.1,-0.681285
77.1,15.0368,15.4279,-0.782288,0.5,0.1,-0.759514
77.2,15.1673,15.2596,-0.184631,0.5,0.1,-0.777977
77.3,15.146,15.1639,-0.03582,0.5,0.1,-0.781559
77.4,14.5445,14.8151,-0.541304,0.5,0.1,-0.83569
77.5,13.0708,13.9012,-1.66079,0.5,0.1,-1.00177
77.6,10.6136,12.2073,-3.18744,0.5,0.1,-1.32051
77.7,7.30037,9.6878,-4.77485,0.5,0.1,-1.798
77.8,3.99971,6.75386,-5.50828,0.5,0.1,-2.34883
77.9,4.85735,5.68816,-1.66163,0.5,0.1,-2.51499
78,9.51092,7.47379,4.07425,0.5,0.1,-2.10756
78.1,14.7033,10.9832,7.44023,0.5,0.1,-1.36354
78.2,19.5783,15.2125,8.73148,0.5,0.1,-0.490394
78.3,23.6665,19.415,8.503,0.5,0.1,0.359907
78.4,26.6094,23.0302,7.1584,0.5,0.1,1.07575
78.5,28.1433,25.6405,5.00555,0.5,0.1,1.5763
78.6,28.1122,26.9552,2.31403,0.5,0.1,1.8077
78.7,26.4803,26.8081,-0.655687,0.5,0.1,1.74214
78.8,23.3405,25.1614,-3.64184,0.5,0.1,1.37795
78.9,18.9215,22.1104,-6.37767,0.5,0.1,0.740185
79,13.616,17.9002,-8.56837,0.5,0.1,-0.116652
79.1,8.17723,13.0329,-9.7113,0.5,0.1,-1.08778
79.2,5.19851,9.0613,-7.72558,0.5,0.1,-1.86034
79.3,8.26747,8.57137,-0.607803,0.5,0.1,-1.92112
79.4,13.0668,10.723,4.68758,0.5,0.1,-1.45236
79.5,17.2486,13.9132,6.67079,0.5,0.1,-0.785283
79.6,20.1561,16.9954,6.32144,0.5,0.1,-0.153139
79.7,21.4832,19.2316,4.50308,0.5,0.1,0.297169
79.8,21.106,20.1837,1.84467,0.5,0.1,0.481636
79.9,19.0677,19.6498,-1.16412,0.5,0.1,0.365224
80,15.6059,17.6461,-4.08045,0.5,0.1,-0.0428211
80.1,11.2903,14.4661,-6.35146,0.5,0.1,-0.677967
80.2,7.72962,11.0639,-6.66865,0.5,0.1,-1.34483
80.3,8.59551,9.76249,-2.33395,0.5,0.1,-1.57823
80.4,13.4992,11.5519,3.89455,0.5,0.1,-1.18877
80.5,19.2751,15.3541,7.84206,0.5,0.1,-0.404565
80.6,24.611,19.9623,9.29732,0.5,0.1,0.525167
80.7,28.8977,24.4563,8.88291,0.5,0.1,1.41346
80.8,31.7744,28.186,7.17678,0.5,0.1,2.13114
80.9,33.0485,30.7238,4.64937,0.5,0.1,2.59607
81,32.6877,31.8355,1.70424,0.5,0.1,2.7665
81.1,30.8266,31.4694,-1.28561,0.5,0.1,2.63794
81.2,27.7819,29.7575,-3.95128,0.5,0.1,2.24281
81.3,24.083,27.0324,-5.89881,0.5,0.1,1.65293
81.4,20.5218,23.8597,-6.67594,0.5,0.1,0.985334
81.5,18.1317,21.045,-5.82655,0.5,0.1,0.402678
81.6,17.7471,19.4162,-3.33813,0.5,0.1,0.0688652
81.7,19.1942,19.3086,-0.228872,0.5,0.1,0.045978
81.8,21.4235,20.3684,2.11024,0.5,0.1,0.257002
81.9,23.3961,21.8951,3.00202,0.5,0.1,0.557203
82,24.4394,23.1951,2.48857,0.5,0.1,0.80606
82.1,24.2014,23.7386,0.925756,0.5,0.1,0.898636
82.2,22.5656,23.197,-1.26285,0.5,0.1,0.772351
82.3,19.5946,21.4344,-3.67964,0.5,0.1,0.404387
82.4,15.4938,18.4843,-5.98107,0.5,0.1,-0.19372
82.5,10.5847,14.5248,-7.88022,0.5,0.1,-0.981742
82.6,5.32667,9.87667,-9.1,0.5,0.1,-1.89174
82.7,1.85841,5.77294,-7.82907,0.5,0.1,-2.67465
82.8,5.84179,5.67364,0.336303,0.5,0.1,-2.64102
82.9,10.0876,7.74859,4.67811,0.5,0.1,-2.17321
83,13.3759,10.4536,5.84462,0.5,0.1,-1.58874
83.1,15.4388,12.8668,5.14409,0.5,0.1,-1.07434
83.2,16.1717,14.4655,3.41239,0.5,0.1,-0.733097
83.3,15.6139,15.003,1.22169,0.5,0.1,-0.610928
83.4,13.9649,14.4534,-0.977078,0.5,0.1,-0.708636
83.5,11.6336,13.0081,-2.74894,0.5,0.1,-0.983529
83.6,9.37068,11.1402,-3.53905,0.5,0.1,-1.33743
83.7,8.38343,9.69495,-2.62302,0.5,0.1,-1.59974
83.8,9.45054,9.49275,-0.0844383,0.5,0.1,-1.60818
83.9,11.7473,10.5396,2.41539,0.5,0.1,-1.36664
84,14.0873,12.2451,3.68434,0.5,0.1,-0.998208
84.1,15.7487,13.947,3.6034,0.5,0.1,-0.637868
84.2,16.3464,15.1148,2.46321,0.5,0.1,-0.391547
84.3,15.7028,15.3893,0.627156,0.5,0.1,-0.328831
84.4,13.7997,14.578,-1.55667,0.5,0.1,-0.484498
84.5,10.7635,12.6466,-3.76607,0.5,0.1,-0.861105
84.6,6.8905,9.72548,-5.66995,0.5,0.1,-1.4281
84.7,3.0912,6.33693,-6.49146,0.5,0.1,-2.07725
84.8,4.22669,5.17795,-1.90252,0.5,0.1,-2.2675
84.9,8.6109,6.78105,3.6597,0.5,0.1,-1.90153
85,12.8413,9.71611,6.25042,0.5,0.1,-1.27649
85.1,16.2803,12.9344,6.6918,0.5,0.1,-0.607305
85.2,18.5863,15.73,5.71263,0.5,0.1,-0.0360419
85.3,19.5431,17.6347,3.81677,0.5,0.1,0.345635
85.4,19.0536,18.3614,1.38429,0.5,0.1,0.484064
85.5,17.1467,17.7783,-1.26314,0.5,0.1,0.35775
85.6,13.989,15.9015,-3.82503,0.5,0.1,-0.0247535
85.7,9.93033,12.9147,-5.96873,0.5,0.1,-0.621627
85.8,5.82741,9.33997,-7.02513,0.5,0.1,-1.32414
85.9,4.92558,7.06657,-4.28198,0.5,0.1,-1.75234
86,8.75122,7.82128,1.85988,0.5,0.1,-1.56635
86.1,13.4304,10.5475,5.76576,0.5,0.1,-0.989774
86.2,17.6249,14.0367,7.17636,0.5,0.1,-0.272138
86.3,20.8669,17.4382,6.85739,0.5,0.1,0.413601
86.4,22.9214,20.2005,5.44187,0.5,0.1,0.957788
86.5,23.7138,22.005,3.41752,0.5,0.1,1.29954
86.6,23.3292,22.7321,1.19422,0.5,0.1,1.41896
86.7,22.0248,22.4494,-0.849224,0.5,0.1,1.33404
86.8,20.2402,21.4115,-2.34257,0.5,0.1,1.09978
86.9,18.5765,20.049,-2.94499,0.5,0.1,0.805284
87,17.6536,18.8916,-2.47593,0.5,0.1,0.557691
87.1,17.7796,18.3635,-1.16769,0.5,0.1,0.440922
87.2,18.697,18.5523,0.289419,0.5,0.1,0.469864
87.3,19.7661,19.1827,1.16684,0.5,0.1,0.586549
87.4,20.3312,19.7863,1.08987,0.5,0.1,0.695536
87.5,19.9068,19.8813,0.0510139,0.5,0.1,0.700637
87.6,18.2086,19.08,-1.74283,0.5,0.1,0.526354
87.7,15.1364,17.1345,-3.99618,0.5,0.1,0.126736
87.8,10.7523,13.9497,-6.39492,0.5,0.1,-0.512756
87.9,5.25612,9.57729,-8.64235,0.5,0.1,-1.37699
88,1.04639,5.243,-8.3932,0.5,0.1,-2.21631
88.1,7.74896,6.38516,2.72759,0.5,0.1,-1.94355
88.2,14.424,10.3074,8.23316,0.5,0.1,-1.12024
88.3,20.618,15.4067,10.4226,0.5,0.1,-0.0779721
88.4,25.9061,20.6525,10.5072,0.5,0.1,0.972747
88.5,29.9223,25.336,9.17257,0.5,0.1,1.89
88.6,32.3889,28.957,6.86386,0.5,0.1,2.57639
88.7,33.1379,31.1763,3.92328,0.5,0.1,2.96872
88.8,32.1253,31.7992,0.65213,0.5,0.1,3.03393
88.9,29.4357,30.7691,-2.66692,0.5,0.1,2.76724
89,25.28,28.1629,-5.7658,0.5,0.1,2.19066
89.1,19.9906,24.1863,-8.39135,0.5,0.1,1.35152
89.2,14.0365,19.179,-10.285,0.5,0.1,0.323024
89.3,8.20101,13.7061,-11.0103,0.5,0.1,-0.778003
89.4,5.02304,9.32569,-8.60531,0.5,0.1,-1.63853
89.5,7.91817,8.54001,-1.24367,0.5,0.1,-1.7629
89.6,12.3502,10.357,3.98653,0.5,0.1,-1.36425
89.7,16.0555,13.138,5.83499,0.5,0.1,-0.780749
89.8,18.5121,15.786,5.45213,0.5,0.1,-0.235537
89.9,19.555,17.6588,3.79254,0.5,0.1,0.143717
90,19.1976,18.4354,1.52451,0.5,0.1,0.296168
90.1,17.5977,18.0314,-0.867254,0.5,0.1,0.209442
90.2,15.0499,16.5511,-3.00241,0.5,0.1,-0.0907985
90.3,12.001,14.2715,-4.54099,0.5,0.1,-0.544897
90.4,9.12437,11.6707,-5.09267,0.5,0.1,-1.05416
90.5,7.41832,9.4918,-4.14697,0.5,0.1,-1.46886
90.6,7.61058,8.47775,-1.73434,0.5,0.1,-1.6423
90.7,8.97119,8.64235,0.657682,0.5,0.1,-1.57653
90.8,10.3378,9.41123,1.85305,0.5,0.1,-1.39122
90.9,11.1175,10.1948,1.84538,0.5,0.1,-1.20668
91,11.1812,10.6277,1.10705,0.5,0.1,-1.09598
91.1,10.7477,10.6329,0.229643,0.5,0.1,-1.07302
91.2,10.3755,10.4505,-0.150087,0.5,0.1,-1.08802
91.3,10.8136,10.5777,0.471854,0.5,0.1,-1.04084
91.4,12.4501,11.4618,1.97653,0.5,0.1,-0.843186
91.5,14.9597,13.1686,3.58221,0.5,0.1,-0.484964
91.6,17.6869,15.4035,4.56673,0.5,0.1,-0.0282912
91.7,20.0236,17.7121,4.62292,0.5,0.1,0.434001
91.8,21.4995,19.6275,3.74394,0.5,0.1,0.808395
91.9,21.7811,20.7447,2.07275,0.5,0.1,1.01567
92,20.67,20.7581,-0.176271,0.5,0.1,0.998043
92.1,18.1081,19.483,-2.74984,0.5,0.1,0.723059
92.2,14.1952,16.8753,-5.3601,0.5,0.1,0.187049
92.3,9.27815,13.0861,-7.61584,0.5,0.1,-0.574535
92.4,4.80212,8.91537,-8.2265,0.5,0.1,-1.39718
92.5,6.76401,7.76983,-2.01164,0.5,0.1,-1.59835
92.6,13.0068,10.3084,5.39676,0.5,0.1,-1.05867
92.7,19.6003,14.9014,9.39783,0.5,0.1,-0.11889
92.8,25.6472,20.2684,10.7577,0.5,0.1,0.956876
92.9,30.6599,25.512,10.2959,0.5,0.1,1.98647
93,34.2871,29.9989,8.57647,0.5,0.1,2.84411
93.1,36.2935,33.2884,6.01023,0.5,0.1,3.44513
93.2,36.5688,35.1009,2.93587,0.5,0.1,3.73872
93.3,35.1369,35.3058,-0.337803,0.5,0.1,3.70494
93.4,32.1634,33.9199,-3.51289,0.5,0.1,3.35365
93.5,27.9655,31.1103,-6.28976,0.5,0.1,2.72468
93.6,23.0423,27.2126,-8.3405,0.5,0.1,1.89063
93.7,18.1678,22.7847,-9.23385,0.5,0.1,0.967241
93.8,14.5728,18.7271,-8.3086,0.5,0.1,0.136381
93.9,13.7145,16.2276,-5.02624,0.5,0.1,-0.366244
94,15.6279,15.9094,-0.563163,0.5,0.1,-0.42256
94.1,18.7061,17.2866,2.83891,0.5,0.1,-0.138669
94.2,21.584,19.4284,4.31127,0.5,0.1,0.292458
94.3,23.5615,21.5096,4.10386,0.5,0.1,0.702844
94.4,24.3348,22.9573,2.75494,0.5,0.1,0.978339
94.5,23.8305,23.4428,0.775288,0.5,0.1,1.05587
94.6,22.1304,22.8394,-1.41796,0.5,0.1,0.914072
94.7,19.4299,21.1804,-3.50092,0.5,0.1,0.56398
94.8,16.0039,18.6204,-5.23283,0.5,0.1,0.0406972
94.9,12.1772,15.4008,-6.44723,0.5,0.1,-0.604026
95,8.30124,11.8208,-7.03917,0.5,0.1,-1.30794
95.1,4.77818,8.23411,-6.91186,0.5,0.1,-1.99913
95.2,2.45495,5.24457,-5.57923,0.5,0.1,-2.55705
95.3,3.08614,4.0375,-1.90273,0.5,0.1,-2.74732
95.4,4.92318,4.34298,1.1604,0.5,0.1,-2.63128
95.5,6.70147,5.39066,2.62162,0.5,0.1,-2.36912
95.6,8.47021,6.81198,3.31646,0.5,0.1,-2.03748
95.7,10.452,8.5301,3.84375,0.5,0.1,-1.6531
95.8,12.7595,10.5622,4.39474,0.5,0.1,-1.21363
95.9,15.3129,12.8769,4.87213,0.5,0.1,-0.726414
96,17.8788,15.3415,5.0746,0.5,0.1,-0.218954
96.1,20.1495,17.7346,4.82991,0.5,0.1,0.264036
96.2,21.8091,19.785,4.04807,0.5,0.1,0.668844
96.3,22.5781,21.215,2.72624,0.5,0.1,0.941468
96.4,22.245,21.7771,0.935839,0.5,0.1,1.03505
96.5,20.6866,21.2836,-1.19401,0.5,0.1,0.915651
96.6,17.8836,19.6294,-3.4916,0.5,0.1,0.566491
96.7,13.9355,16.8108,-5.75049,0.5,0.1,-0.00855732
96.8,9.1128,12.9614,-7.6971,0.5,0.1,-0.778268
96.9,4.363,8.62326,-8.52053,0.5,0.1,-1.63032
97,5.19651,6.82837,-3.26372,0.5,0.1,-1.95669
97.1,10.8039,8.7183,4.17119,0.5,0.1,-1.53957
97.2,16.7083,12.6363,8.14401,0.5,0.1,-0.725173
97.3,22.0771,17.3205,9.51331,0.5,0.1,0.226158
97.4,26.497,21.92,9.15388,0.5,0.1,1.14155
97.5,29.6711,25.8526,7.63691,0.5,0.1,1.90524
97.6,31.3979,28.7205,5.35478,0.5,0.1,2.44071
97.7,31.5759,30.2703,2.61131,0.5,0.1,2.70185
97.8,30.2085,30.3745,-0.331976,0.5,0.1,2.66865
97.9,27.4047,29.023,-3.23668,0.5,0.1,2.34498
98,23.3772,26.3173,-5.88034,0.5,0.1,1.75695
98.1,18.4455,22.4693,-8.04752,0.5,0.1,0.952193
98.2,13.0789,17.8217,-9.48558,0.5,0.1,0.00363505
98.3,8.16746,12.9948,-9.6546,0.5,0.1,-0.961825
98.4,6.19423,9.5464,-6.70435,0.5,0.1,-1.63226
98.5,8.91284,9.14801,-0.470342,0.5,0.1,-1.67929
98.6,12.9864,10.9833,4.00635,0.5,0.1,-1.27866
98.7,16.6264,13.7409,5.771,0.5,0.1,-0.701558
98.8,19.3072,16.489,5.63651,0.5,0.1,-0.137907
98.9,20.8395,18.6574,4.36433,0.5,0.1,0.298526
99,21.1908,19.939,2.50362,0.5,0.1,0.548888
99.1,20.4426,20.2183,0.448727,0.5,0.1,0.593761
99.2,18.7715,19.5246,-1.50615,0.5,0.1,0.443146
99.3,16.4345,18.0017,-3.13437,0.5,0.1,0.129709
99.4,13.7554,15.8851,-4.25925,0.5,0.1,-0.296216
99.5,11.1086,13.482,-4.74681,0.5,0.1,-0.770898
99.6,8.88295,11.1439,-4.52199,0.5,0.1,-1.2231
99.7,7.36456,9.19309,-3.65707,0.5,0.1,-1.5888
99.8,6.51026,7.77224,-2.52395,0.5,0.1,-1.8412
99.9,5.89033,6.73923,-1.69779,0.5,0.1,-2.01098
