time, running_average(5), position_error, PI_output, smoothed_output, total_output
0,5.61321,-22.4529,-22.6774,-11.3387,34.0161
0.1,10.4555,-13.7558,-14.1178,-12.0335,26.1513
0.2,14.3663,-5.1879,-5.60186,-10.4256,16.0274
0.3,17.291,2.6676,2.28031,-7.2491,4.96879
0.4,19.3918,8.8876,8.58918,-3.28953,-5.29965
0.5,15.6389,6.33727,6.10223,-0.941592,-5.16063
0.6,13.1494,1.38595,1.16477,-0.415003,-0.749765
0.7,12.3645,-3.26524,-3.51907,-1.19102,4.71009
0.8,13.2901,-5.96147,-6.27491,-2.46199,8.73691
0.9,15.5733,-6.34665,-6.72356,-3.52738,10.2509
1,18.3744,-4.933,-5.35925,-3.98535,9.3446
1.1,20.6793,-2.60858,-3.06091,-3.75424,6.81515
1.2,21.9316,0.0405216,-0.411403,-2.91853,3.32993
1.3,21.9411,2.64172,2.21621,-1.63484,-0.581367
1.4,20.7334,4.85201,4.47502,-0.107379,-4.36764
1.5,18.5356,6.21735,5.90253,1.3951,-7.29763
1.6,15.8614,5.94438,5.68901,2.46858,-8.15759
1.7,13.5451,3.2359,3.01289,2.60466,-5.61755
1.8,12.3184,-0.847511,-1.079,1.68374,-0.604744
1.9,12.5016,-4.29601,-4.57045,0.120194,4.45026
2,14.0651,-6.07073,-6.40589,-1.51133,7.91722
2.1,16.6145,-6.04947,-6.44512,-2.74478,9.18989
2.2,19.3803,-4.75795,-5.20118,-3.35888,8.56006
2.3,21.6439,-2.84,-3.31163,-3.34706,6.65869
2.4,23.0356,-0.72064,-1.19947,-2.81017,4.00964
2.5,23.4322,1.31346,0.847763,-1.89568,1.04792
2.6,22.8637,3.04228,2.60701,-0.770012,-1.837
2.7,21.471,4.29633,3.90402,0.398496,-4.30252
2.8,19.4765,4.96527,4.62261,1.45453,-6.07714
2.9,17.1503,5.02475,4.73233,2.27398,-7.00631
3,14.7632,4.58018,4.33356,2.78887,-7.12244
3.1,12.5256,3.89223,3.68454,3.01279,-6.69733
3.2,10.5373,3.30406,3.12941,3.04194,-6.17135
3.3,8.7802,3.05438,2.91027,3.00903,-5.9193
3.4,7.18519,3.03465,2.92089,2.98699,-5.90788
3.5,5.85717,2.31423,2.22362,2.79615,-5.01977
3.6,5.20293,-0.159205,-0.251414,2.03426,-1.78284
3.7,5.48459,-3.15695,-3.28073,0.705512,2.57522
3.8,6.8182,-5.57564,-5.75518,-0.90966,6.66484
3.9,9.21461,-6.91801,-7.16672,-2.47393,9.64065
4,12.4067,-7.09685,-7.41653,-3.70958,11.1261
4.1,15.7766,-6.43468,-6.81871,-4.48686,11.3056
4.2,18.8522,-5.1675,-5.6032,-4.76595,10.3692
4.3,21.3266,-3.4394,-3.9095,-4.55184,8.46134
4.4,22.9746,-1.39797,-1.88204,-3.88439,5.76643
4.5,23.6448,0.790562,0.314389,-2.83469,2.5203
4.6,23.2665,2.94672,2.50001,-1.50102,-0.998993
4.7,21.8566,4.88611,4.48827,-0.0036965,-4.48457
4.8,19.524,6.42096,6.08732,1.51906,-7.60638
4.9,16.4795,7.32934,7.069,2.90654,-9.97554
5,13.0895,7.18558,6.99709,3.92918,-10.9263
5.1,10.0225,5.0376,4.89949,4.17176,-9.07125
5.2,7.95075,1.3391,1.21438,3.43242,-4.6468
5.3,7.06914,-1.62588,-1.76685,2.1326,-0.365745
5.4,7.27971,-2.92334,-3.09355,0.826061,2.26749
5.5,8.26422,-2.56226,-2.75809,-0.0699775,2.82807
5.6,9.36991,-1.14344,-1.3507,-0.390159,1.74086
5.7,9.92088,0.554366,0.352642,-0.204459,-0.148183
5.8,9.71013,2.06885,1.88781,0.318608,-2.20642
5.9,8.83556,3.00539,2.85441,0.952559,-3.80697
6,7.64152,2.78524,2.66211,1.37995,-4.04205
6.1,6.64418,1.11754,1.00558,1.28636,-2.29194
6.2,6.2068,-0.97284,-1.09452,0.691136,0.403387
6.3,6.44542,-2.38896,-2.53454,-0.115282,2.64982
6.4,7.27646,-2.70891,-2.88157,-0.806853,3.68842
6.5,8.38942,-2.03162,-2.2246,-1.16129,3.38589
6.6,9.31042,-0.821253,-1.02244,-1.12658,2.14902
6.7,9.74187,0.405002,0.207862,-0.792968,0.585106
6.8,9.69348,1.10102,0.914891,-0.366003,-0.548888
6.9,9.45451,0.664,0.48451,-0.153375,-0.331135
7,9.47316,-1.04113,-1.23103,-0.422789,1.65382
7.1,10.1347,-3.30476,-3.52771,-1.19902,4.72673
7.2,11.6464,-5.24898,-5.52442,-2.28037,7.80479
7.3,13.9957,-6.34294,-6.68181,-3.38073,10.0625
7.4,16.9141,-6.46866,-6.87221,-4.2536,11.1258
7.5,19.9629,-5.79546,-6.25697,-4.75444,11.0114
7.6,22.7338,-4.55982,-5.06693,-4.83256,9.8995
7.7,24.9362,-2.9713,-3.50812,-4.50145,8.00958
7.8,26.3895,-1.2159,-1.76488,-3.81731,5.58219
7.9,27.0071,0.536381,-0.00723463,-2.86479,2.87203
8,26.7857,2.13455,1.61228,-1.74552,0.13324
8.1,25.7948,3.4554,2.96768,-0.567221,-2.40046
8.2,24.1633,4.41362,3.97004,0.567094,-4.53713
8.3,22.0601,4.97056,4.57669,1.56949,-6.14618
8.4,19.6728,5.13852,4.79603,2.37613,-7.17216
8.5,17.1844,4.97544,4.6827,2.95277,-7.63547
8.6,14.7548,4.56312,4.31602,3.29358,-7.6096
8.7,12.5149,3.96498,3.75753,3.40957,-7.1671
8.8,10.5768,3.17747,3.00179,3.30763,-6.30942
8.9,9.05329,2.13669,1.98238,2.97631,-4.95869
9,8.0492,0.860737,0.715032,2.41099,-3.12603
9.1,7.61686,-0.413129,-0.562965,1.6675,-1.10454
9.2,7.72068,-1.34831,-1.51163,0.87272,0.638913
9.3,8.22676,-1.70302,-1.88336,0.183699,1.69967
9.4,8.90427,-1.39985,-1.5942,-0.260777,1.85498
9.5,9.45923,-0.504023,-0.703411,-0.371435,1.07485
9.6,9.60786,0.8347,0.643659,-0.117662,-0.525997
9.7,9.14401,2.39427,2.22718,0.468548,-2.69572
9.8,8.02843,3.67655,3.54622,1.23796,-4.78418
9.9,6.77783,2.7267,2.62364,1.58438,-4.20802
10,6.30736,-1.30352,-1.41962,0.833382,0.586241
10.1,7.06529,-5.49755,-5.66863,-0.792121,6.46075
10.2,9.28672,-8.57013,-8.82691,-2.80082,11.6277
10.3,13.014,-9.9744,-10.3309,-4.68334,15.0143
10.4,17.7129,-9.83262,-10.2875,-6.08438,16.3718
10.5,22.423,-8.73849,-9.28072,-6.88346,16.1642
10.6,26.6158,-6.91088,-7.52223,-7.04315,14.5654
10.7,29.9263,-4.48315,-5.13932,-6.5672,11.7065
10.8,32.0642,-1.61353,-2.28584,-5.49686,7.7827
10.9,32.8186,1.50109,0.843788,-3.9117,3.06791
11,32.077,4.62356,4.01249,-1.93065,-2.08185
11.1,29.849,7.46216,6.92572,0.283443,-7.20916
11.2,26.3115,9.58953,9.14898,2.49983,-11.6488
11.3,21.9486,10.0855,9.74576,4.31131,-14.0571
11.4,17.8691,6.94895,6.67874,4.90317,-11.5819
11.5,15.3753,0.390777,0.124483,3.7085,-3.83298
11.6,15.0841,-5.84671,-6.17147,1.23851,4.93296
11.7,17.098,-9.6933,-10.115,-1.59987,11.7149
11.8,21.0736,-10.6675,-11.1959,-3.99888,15.1948
11.9,25.9611,-9.3967,-10.019,-5.50392,15.523
12,30.4483,-6.97213,-7.66419,-6.04399,13.7082
12.1,33.8337,-4.02404,-4.75634,-5.72208,10.4784
12.2,35.8211,-0.907406,-1.64878,-4.70375,6.35253
12.3,36.3142,2.10771,1.38742,-3.18096,1.79354
12.4,35.355,4.79313,4.12077,-1.35553,-2.76524
12.5,33.099,6.95863,6.35585,0.572318,-6.92817
12.6,29.7956,8.45468,7.93645,2.41335,-10.3498
12.7,25.7697,9.17069,8.74417,3.99605,-12.7402
12.8,21.405,9.02221,8.68591,5.16852,-13.8544
12.9,17.132,7.93514,7.67819,5.79594,-13.4741
13,13.3974,5.93002,5.73237,5.78004,-11.5124
13.1,10.5478,3.45493,3.29183,5.15799,-8.44981
13.2,8.69904,1.34381,1.19414,4.16703,-5.36117
13.3,7.75404,0.0962229,-0.0524774,3.11215,-3.05967
13.4,7.48126,-0.351701,-0.503919,2.20813,-1.70422
13.5,7.58064,-0.3837,-0.539755,1.52116,-0.981407
13.6,7.79455,-0.367832,-0.527565,1.00898,-0.481415
13.7,8.00406,-0.398752,-0.562472,0.616117,-0.0536445
13.8,8.17169,-0.32428,-0.491243,0.339277,0.151966
13.9,8.24002,0.0654354,-0.100873,0.229239,-0.128366
14,8.08934,0.878386,0.720861,0.352145,-1.07301
14.1,7.56748,2.01438,1.877,0.733358,-2.61036
14.2,6.64741,2.84498,2.73605,1.23403,-3.97009
14.3,5.87527,1.24,1.14347,1.21139,-2.35486
14.4,5.96364,-2.65283,-2.77589,0.214572,2.56131
14.5,7.29474,-6.57171,-6.76049,-1.52919,8.28968
14.6,10.1081,-9.51185,-9.79574,-3.59583,13.3916
14.7,14.4285,-10.976,-11.3696,-5.53928,16.9089
14.8,19.66,-11.1326,-11.6375,-7.06384,18.7014
14.9,25.0131,-10.369,-10.9777,-8.0423,19.02
15,30.0029,-8.81253,-9.50932,-8.40906,17.9184
15.1,34.2396,-6.56387,-7.3263,-8.13837,15.4647
15.2,37.3885,-3.76054,-4.56058,-7.24392,11.8045
15.3,39.1828,-0.580879,-1.38673,-5.77962,7.16635
15.4,39.4417,2.76498,1.98678,-3.83802,1.85125
15.5,38.086,6.04904,5.33133,-1.54568,-3.78565
15.6,35.1464,9.04064,8.41334,0.944071,-9.35741
15.7,30.7663,11.5179,11.0057,3.45949,-14.4652
15.8,25.203,13.2558,12.8763,5.81368,-18.6899
15.9,18.8932,13.7654,13.5235,7.74113,-21.2646
16,13.4369,8.68151,8.52641,7.93745,-16.4639
16.1,10.2938,-0.0963345,-0.252394,5.88999,-5.6376
16.2,9.54985,-5.97884,-6.19468,2.86882,3.32586
16.3,11.0348,-8.3373,-8.63652,-0.00751519,8.64404
16.4,14.3461,-7.33796,-7.71056,-1.93328,9.64383
16.5,17.8768,-4.53229,-4.95021,-2.68751,7.63772
16.6,20.1276,-1.51647,-1.94956,-2.50302,4.45258
16.7,20.9501,1.30911,0.88911,-1.65499,0.76588
16.8,20.4416,3.61184,3.22796,-0.434252,-2.79371
16.9,18.8808,5.00065,4.66678,0.841005,-5.50778
17,16.7534,4.98128,4.69722,1.80506,-6.50228
17.1,14.7182,3.25024,2.99868,2.10346,-5.10214
17.2,13.3658,0.486788,0.240099,1.63762,-1.87772
17.3,12.9872,-1.94951,-2.2157,0.674292,1.5414
17.4,13.5502,-3.14486,-3.44249,-0.354903,3.79739
17.5,14.7215,-2.90718,-3.23389,-1.07465,4.30854
17.6,15.9326,-1.59088,-1.93349,-1.28936,3.22285
17.7,16.6369,0.236422,-0.103828,-0.992977,1.0968
17.8,16.5512,2.04277,1.72295,-0.313996,-1.40895
17.9,15.6885,3.3069,3.02015,0.519541,-3.53969
18,14.347,3.42607,3.17358,1.18305,-4.35663
18.1,13.0602,1.97083,1.73804,1.3218,-3.05984
18.2,12.3623,-0.549068,-0.787343,0.794513,-0.00717068
18.3,12.5551,-2.91716,-3.18461,-0.200268,3.38488
18.4,13.6559,-4.22987,-4.53962,-1.28511,5.82472
18.5,15.3888,-4.19653,-4.54824,-2.10089,6.64912
18.6,17.2206,-3.02746,-3.40944,-2.42803,5.83747
18.7,18.5843,-1.14588,-1.53932,-2.20585,3.74517
18.8,19.0982,1.05654,0.673658,-1.48597,0.812315
18.9,18.5898,3.24606,2.89565,-0.390569,-2.50508
19,17.0698,5.08452,4.78495,0.903311,-5.68826
19.1,14.7547,6.08198,5.84323,2.13829,-7.98152
19.2,12.1985,5.24936,5.0631,2.86949,-7.93259
19.3,10.2499,1.95122,1.78447,2.59824,-4.38271
19.4,9.45517,-1.91473,-2.10062,1.42352,0.677103
19.5,9.96144,-4.55521,-4.78665,-0.129022,4.91568
19.6,11.6278,-5.37693,-5.66214,-1.5123,7.17444
19.7,13.9385,-4.56404,-4.89489,-2.35795,7.25284
19.8,16.0538,-2.82115,-3.18022,-2.56352,5.74373
19.9,17.4058,-0.724436,-1.09075,-2.19532,3.28607
20,17.7838,1.37745,1.02492,-1.39026,0.365345
20.1,17.1771,3.20582,2.88535,-0.321361,-2.56398
20.2,15.7262,4.47776,4.20206,0.809493,-5.01155
20.3,13.7279,4.84471,4.61746,1.76149,-6.37895
20.4,11.6457,3.92644,3.73845,2.25573,-5.99417
20.5,9.98712,1.87366,1.70441,2.1179,-3.8223
20.6,9.05671,-0.262475,-0.434352,1.47983,-1.04548
20.7,8.88864,-1.51949,-1.70656,0.683236,1.02332
20.8,9.28438,-1.5775,-1.78034,0.067341,1.713
20.9,9.83988,-0.656874,-0.86629,-0.166067,1.03236
21,10.095,0.705805,0.503447,0.00131173,-0.504759
21.1,9.81758,1.88568,1.70218,0.426529,-2.12871
21.2,9.14016,2.1191,1.95679,0.809095,-2.76589
21.3,8.52285,0.747534,0.592699,0.754996,-1.34769
21.4,8.44986,-1.68194,-1.85359,0.102849,1.75074
21.5,9.19618,-3.92464,-4.13554,-0.956749,5.09229
21.6,10.8063,-5.1762,-5.43886,-2.07728,7.51614
21.7,13.0507,-5.19238,-5.50697,-2.9347,8.44166
21.8,15.417,-4.18998,-4.54647,-3.33764,7.88411
21.9,17.3756,-2.54908,-2.93106,-3.23599,6.16705
22,18.5924,-0.612192,-1.00029,-2.67707,3.67736
22.1,18.9274,1.26963,0.894228,-1.78424,0.890017
22.2,18.4366,2.64771,2.29879,-0.763487,-1.5353
22.3,17.4156,2.91343,2.59364,0.075794,-2.66943
22.4,16.4084,1.52005,1.21546,0.36071,-1.57617
22.5,16.0316,-1.28923,-1.60671,-0.131146,1.73786
22.6,16.7256,-4.40197,-4.76347,-1.28923,6.0527
22.7,18.6451,-6.74162,-7.17054,-2.75956,9.9301
22.8,21.6227,-7.76748,-8.27408,-4.13819,12.4123
22.9,25.1756,-7.47698,-8.05835,-5.11823,13.1766
23,28.6829,-6.17448,-6.81759,-5.54307,12.3607
23.1,31.6232,-4.206,-4.89117,-5.38009,10.2713
23.2,33.6506,-1.87307,-2.57697,-4.67931,7.25629
23.3,34.5773,0.553612,-0.144751,-3.54567,3.69042
23.4,34.3544,2.81646,2.14626,-2.12269,-0.0235739
23.5,33.063,4.66266,4.03909,-0.582245,-3.45684
23.6,30.9108,5.84225,5.2771,0.882592,-6.1597
23.7,28.2269,6.12284,5.61891,2.06667,-7.68559
23.8,25.4367,5.36403,4.91374,2.77844,-7.69219
23.9,22.9887,3.69069,3.27732,2.90316,-6.18047
24,21.2319,1.61586,1.21864,2.48203,-3.70067
24.1,20.3125,-0.159353,-0.558162,1.72198,-1.16382
24.2,20.1444,-1.11902,-1.52902,0.909232,0.619786
24.3,20.4408,-1.11389,-1.53503,0.298167,1.23686
24.4,20.803,-0.306059,-0.730258,0.0410606,0.689197
24.5,20.851,0.995338,0.581093,0.176069,-0.757162
24.6,20.3265,2.47691,2.08743,0.653909,-2.74134
24.7,19.1217,3.88206,3.53141,1.37328,-4.90469
24.8,17.2593,5.0168,4.71631,2.20904,-6.92535
24.9,14.8632,5.7346,5.49146,3.02964,-8.5211
25,12.1405,5.89825,5.71409,3.70076,-9.41485
25.1,9.39686,5.26559,5.13409,4.05909,-9.19318
25.2,7.07314,3.45206,3.35508,3.88309,-7.23816
25.3,5.52479,1.02405,0.937304,3.14664,-4.08394
25.4,4.83209,-0.833009,-0.928081,2.12796,-1.19988
25.5,4.92163,-1.76834,-1.88109,1.1257,0.755397
25.6,5.61534,-1.98445,-2.11705,0.31501,1.80204
25.7,6.60485,-1.96377,-2.11601,-0.292745,2.40875
25.8,7.65655,-2.1027,-2.27597,-0.788551,3.06452
25.9,8.76702,-2.45046,-2.64823,-1.25347,3.9017
26,9.99964,-2.85341,-3.07971,-1.71003,4.78974
26.1,11.3779,-3.11326,-3.3707,-2.1252,5.4959
26.2,12.8511,-3.08359,-3.37186,-2.43686,5.80873
26.3,14.3006,-2.7058,-3.02113,-2.58293,5.60406
26.4,15.5714,-2.00031,-2.33565,-2.52111,4.85676
26.5,16.5111,-1.04052,-1.38625,-2.2374,3.62365
26.6,16.9985,0.0703983,-0.274636,-1.74671,2.02134
26.7,16.961,1.21399,0.881093,-1.08976,0.208663
26.8,16.3836,2.26396,1.9537,-0.328891,-1.62481
26.9,15.3148,3.08713,2.80775,0.455269,-3.26302
27,13.8711,3.53787,3.29387,1.16492,-4.45879
27.1,12.2429,3.45586,3.24641,1.68529,-4.9317
27.2,10.686,2.72364,2.54143,1.89933,-4.44075
27.3,9.46397,1.4545,1.28684,1.7462,-3.03304
27.4,8.75268,0.0814466,-0.0854037,1.2883,-1.2029
27.5,8.58853,-0.923972,-1.10006,0.691211,0.408851
27.6,8.86968,-1.32314,-1.51246,0.140294,1.37216
27.7,9.38066,-1.13661,-1.3373,-0.229104,1.5664
27.8,9.85911,-0.542599,-0.748712,-0.359006,1.10772
27.9,10.0931,0.251809,0.0482137,-0.257201,0.208987
28,9.96944,1.07535,0.882508,0.0277263,-0.910234
28.1,9.46634,1.78903,1.61407,0.424313,-2.03839
28.2,8.63892,2.25874,2.10638,0.844829,-2.9512
28.3,7.61751,2.32285,2.19371,1.18205,-3.37576
28.4,6.60884,1.81089,1.69986,1.3115,-3.01136
28.5,5.84625,0.765092,0.661716,1.14906,-1.81077
28.6,5.48839,-0.399626,-0.506998,0.735042,-0.228044
28.7,5.57414,-1.23478,-1.3545,0.212656,1.14185
28.8,6.0252,-1.52475,-1.65971,-0.255437,1.91515
28.9,6.65232,-1.28123,-1.42901,-0.54883,1.97784
29,7.20701,-0.647594,-0.80185,-0.612085,1.41393
29.1,7.48081,0.223786,0.0717684,-0.441122,0.369353
29.2,7.34392,1.21945,1.07963,-0.0609349,-1.01869
29.3,6.72941,2.252,2.13469,0.487972,-2.62267
29.4,5.61812,3.24105,3.15616,1.15502,-4.31118
29.5,4.13552,3.69389,3.64593,1.77775,-5.42368
29.6,3.27549,0.318607,0.273839,1.40177,-1.67561
29.7,3.22058,-2.62933,-2.7004,0.376229,2.32417
29.8,4.07336,-4.66794,-4.78568,-0.914248,5.69992
29.9,5.89165,-5.57686,-5.75037,-2.12328,7.87365
30,8.57881,-5.29863,-5.52513,-2.97374,8.49887
30.1,11.153,-4.67489,-4.94813,-3.46734,8.41547
30.2,13.4236,-3.77928,-4.09032,-3.62308,7.7134
30.3,15.2588,-2.65844,-2.99606,-3.46633,6.46239
30.4,16.55,-1.37464,-1.72601,-3.03125,4.75726
30.5,17.219,-0.00339317,-0.354795,-2.36214,2.71693
30.6,17.2241,1.37084,1.03314,-1.51332,0.480174
30.7,16.5646,2.6593,2.3482,-0.547936,-1.80027
30.8,15.2833,3.77231,3.49893,0.463781,-3.96272
30.9,13.469,4.61602,4.38881,1.44504,-5.83384
31,11.2649,5.06306,4.88647,2.3054,-7.19186
31.1,8.91514,4.81052,4.68204,2.89956,-7.58159
31.2,6.8783,3.15719,3.06028,2.93974,-6.00002
31.3,5.60805,0.448287,0.355861,2.29377,-2.64963
31.4,5.25923,-1.84961,-1.96053,1.23019,0.730341
31.5,5.81621,-3.17048,-3.31311,0.0943667,3.21874
31.6,7.12768,-3.53433,-3.7123,-0.857301,4.5696
31.7,8.81322,-3.33557,-3.5469,-1.5297,5.0766
31.8,10.4837,-3.02858,-3.27019,-1.96482,5.23501
31.9,12.0256,-2.79251,-3.06205,-2.23913,5.30118
32,13.447,-2.64678,-2.94279,-2.41504,5.35783
32.1,14.7762,-2.532,-2.85333,-2.52462,5.37794
32.2,16.0211,-2.35178,-2.69663,-2.56762,5.26425
32.3,17.1506,-2.00949,-2.37443,-2.51932,4.89375
32.4,18.093,-1.43715,-1.81646,-2.34361,4.16006
32.5,18.7455,-0.610659,-0.996075,-2.00672,3.0028
32.6,18.9928,0.448246,0.0673121,-1.48821,1.4209
32.7,18.7281,1.67838,1.31423,-0.787603,-0.526628
32.8,17.8732,2.98793,2.65366,0.0727139,-2.72638
32.9,16.3941,4.25935,3.96767,1.04645,-5.01412
33,14.3198,5.33501,5.09669,2.05901,-7.1557
33.1,11.7868,5.9075,5.72825,2.97632,-8.70457
33.2,9.22949,4.96606,4.83647,3.44136,-8.27783
33.3,7.44734,1.47287,1.35801,2.92052,-4.27852
33.4,6.8649,-2.35767,-2.49611,1.56636,0.929749
33.5,7.58587,-5.00373,-5.19221,-0.123281,5.31549
33.6,9.53618,-6.09464,-6.34406,-1.67848,8.02254
33.7,12.3137,-5.83719,-6.14499,-2.7951,8.94009
33.8,15.1293,-4.92347,-5.2805,-3.41645,8.69695
33.9,17.546,-3.76011,-4.15474,-3.60102,7.75577
34,19.4151,-2.51958,-2.93941,-3.43562,6.37503
34.1,20.6899,-1.31511,-1.74809,-3.01374,4.76182
34.2,21.3823,-0.230457,-0.66574,-2.42674,3.09248
34.3,21.5445,0.680443,0.251965,-1.75706,1.5051
34.4,21.2547,1.39776,0.983262,-1.07198,0.0887192
34.5,20.6006,1.93636,1.54122,-0.41868,-1.12254
34.6,19.6648,2.33857,1.96682,0.177695,-2.14452
34.7,18.5135,2.65746,2.31228,0.711341,-3.02362
34.8,17.1928,2.93226,2.6164,1.18761,-3.80401
34.9,15.7369,3.15935,2.87509,1.60948,-4.48457
35,14.1901,3.26016,3.0085,1.95923,-4.96774
35.1,12.6437,3.04924,2.82808,2.17645,-5.00452
35.2,11.2769,2.25469,2.05607,2.14635,-4.20242
35.3,10.345,0.744342,0.553166,1.74805,-2.30122
35.4,10.082,-1.1808,-1.38379,0.965094,0.418695
35.5,10.614,-2.97593,-3.20868,-0.0783494,3.28703
35.6,11.9285,-4.23837,-4.51349,-1.18714,5.70063
35.7,13.8634,-4.8335,-5.15696,-2.17959,7.33655
35.8,16.14,-4.84332,-5.21522,-2.9385,8.15372
35.9,18.468,-4.43483,-4.85107,-3.41664,8.26771
36,20.6282,-3.76299,-4.21687,-3.6167,7.83357
36.1,22.4815,-2.9517,-3.43509,-3.5713,7.00639
36.2,23.9524,-2.09894,-2.60332,-3.3293,5.93262
36.3,25.0141,-1.2779,-1.79506,-2.94574,4.7408
36.4,25.6752,-0.533239,-1.05573,-2.47324,3.52897
36.5,25.9656,0.122492,-0.398775,-1.95462,2.3534
36.6,25.9217,0.708055,0.193869,-1.4175,1.22363
36.7,25.5729,1.26573,0.764197,-0.872075,0.107878
36.8,24.9314,1.8469,1.36384,-0.313096,-1.05074
36.9,23.9885,2.4945,2.03639,0.274275,-2.31067
37,22.7181,3.22676,2.80091,0.905934,-3.70684
37.1,21.088,4.02512,3.63953,1.58933,-5.22886
37.2,19.0771,4.82432,4.48697,2.31374,-6.80071
37.3,16.7026,5.49045,5.20801,3.03731,-8.24531
37.4,14.0701,5.73886,5.5138,3.65643,-9.17023
37.5,11.4893,4.90174,4.7257,3.92375,-8.64944
37.6,9.5364,2.23816,2.0845,3.46394,-5.54844
37.7,8.67972,-1.28965,-1.45621,2.2339,-0.777695
37.8,9.09287,-4.18506,-4.39347,0.577057,3.81641
37.9,10.7331,-5.79924,-6.06564,-1.08362,7.14926
38,13.2951,-6.10255,-6.42998,-2.42021,8.85019
38.1,16.1715,-5.50887,-5.89138,-3.288,9.17938
38.2,18.8307,-4.43439,-4.86125,-3.68131,8.54256
38.3,20.9943,-3.10164,-3.55952,-3.65086,7.21038
38.4,22.5218,-1.64827,-2.12263,-3.26881,5.39144
38.5,23.3488,-0.183784,-0.65998,-2.6166,3.27658
38.6,23.4668,1.19651,0.732276,-1.77938,1.0471
38.7,22.9147,2.41009,1.96996,-0.842044,-1.12792
38.8,21.7722,3.3888,2.98256,0.114107,-3.09667
38.9,20.1526,4.08032,3.71488,1.0143,-4.72919
39,18.1955,4.44871,4.12776,1.79267,-5.92043
39.1,16.058,4.47502,4.19882,2.39421,-6.59303
39.2,13.9059,4.16184,3.92726,2.77747,-6.70473
39.3,11.8992,3.54926,3.35017,2.92064,-6.27081
39.4,10.1703,2.74272,2.57106,2.83325,-5.4043
39.5,8.79573,1.92164,1.76919,2.56723,-4.33642
39.6,7.77754,1.28552,1.14593,2.21191,-3.35783
39.7,7.04376,0.96861,0.838705,1.86861,-2.70731
39.8,6.46739,0.999247,0.879334,1.62129,-2.50062
39.9,5.8974,1.31981,1.21309,1.51924,-2.73233
40,5.19482,1.83364,1.74526,1.57574,-3.321
40.1,4.25975,2.44305,2.37911,1.77659,-4.15569
40.2,3.08211,2.89517,2.86017,2.04748,-4.90765
40.3,2.42077,0.259355,0.226952,1.59235,-1.8193
40.4,2.39427,-2.05084,-2.10375,0.668323,1.43543
40.5,3.08558,-3.73216,-3.82239,-0.454355,4.27674
40.6,4.55577,-4.61186,-4.74821,-1.52782,6.27603
40.7,6.79316,-4.58076,-4.76292,-2.33659,7.09951
40.8,9.02329,-4.28876,-4.51381,-2.8809,7.39471
40.9,11.1066,-3.75501,-4.01761,-3.16508,7.18269
41,12.926,-2.9889,-3.28138,-3.19415,6.47553
41.1,14.3696,-2.01604,-2.32868,-2.97778,5.30647
41.2,15.3382,-0.878342,-1.19977,-2.53328,3.73305
41.3,15.7527,0.367723,0.0499709,-1.88747,1.8375
41.4,15.562,1.65426,1.35305,-1.07734,-0.275707
41.5,14.7472,2.906,2.63385,-0.149542,-2.48431
41.6,13.3265,4.04456,3.81286,0.841058,-4.65391
41.7,11.3566,4.98955,4.80774,1.83273,-6.64047
41.8,8.94138,5.63233,5.50684,2.75126,-8.2581
41.9,6.41739,5.12964,5.05545,3.32731,-8.38276
42,4.76384,1.19038,1.1281,2.7775,-3.9056
42.1,4.17726,-2.17176,-2.25576,1.51919,0.73657
42.2,4.66162,-4.12717,-4.25245,0.0762789,4.17617
42.3,6.14605,-4.58517,-4.75629,-1.13186,5.88816
42.4,8.30695,-3.78532,-3.9943,-1.84747,5.84178
42.5,10.1605,-2.68085,-2.91664,-2.11477,5.0314
42.6,11.4913,-1.51138,-1.76228,-2.02664,3.78892
42.7,12.2655,-0.394312,-0.649156,-1.68227,2.33143
42.8,12.512,0.548205,0.298843,-1.18699,0.888149
42.9,12.3219,1.18012,0.942556,-0.654606,-0.28795
43,11.8524,1.35843,1.13445,-0.207341,-0.927114
43.1,11.3193,0.982008,0.767851,0.0364574,-0.804309
43.2,10.9606,0.0942802,-0.118933,-0.00239029,0.121324
43.3,10.9766,-1.06699,-1.29088,-0.324512,1.61539
43.4,11.4813,-2.18402,-2.42975,-0.85082,3.28057
43.5,12.4833,-3.0208,-3.29673,-1.4623,4.75903
43.6,13.8923,-3.48987,-3.8007,-2.0469,5.8476
43.7,15.5546,-3.62338,-3.97045,-2.52779,6.49823
43.8,17.3082,-3.50308,-3.88518,-2.86713,6.75231
43.9,19.0203,-3.20541,-3.61956,-3.05524,6.6748
44,20.5947,-2.7815,-3.22346,-3.0973,6.32076
44.1,21.9624,-2.25839,-2.72294,-3.00371,5.72665
44.2,23.0703,-1.64738,-2.1284,-2.78488,4.91328
44.3,23.8734,-0.953257,-1.44381,-2.44961,3.89342
44.4,24.331,-0.182673,-0.675054,-2.00597,2.68103
44.5,24.4073,0.649693,0.163808,-1.46353,1.29972
44.6,24.0744,1.51776,1.04705,-0.835883,-0.211172
44.7,23.3178,2.3835,1.93663,-0.142754,-1.79388
44.8,22.1409,3.19867,2.78378,0.58888,-3.37266
44.9,20.5707,3.9078,3.532,1.32466,-4.85666
45,18.6612,4.45127,4.11998,2.02349,-6.14346
45.1,16.4958,4.76632,4.48269,2.63829,-7.12098
45.2,14.19,4.78454,4.54875,3.1159,-7.66466
45.3,11.8951,4.42742,4.2359,3.3959,-7.63181
45.4,9.79663,3.62597,3.47072,3.41461,-6.88532
45.5,8.08481,2.43399,2.30308,3.13672,-5.4398
45.6,6.8833,1.1614,1.0421,2.61307,-3.65517
45.7,6.19964,0.212501,0.0953275,1.98363,-2.07896
45.8,5.93047,-0.191353,-0.31044,1.41012,-1.09968
45.9,5.88629,-0.063509,-0.183231,1.01178,-0.828548
46,5.83674,0.433687,0.318302,0.83841,-1.15671
46.1,5.58992,1.10214,0.997776,0.878251,-1.87603
46.2,5.05148,1.75652,1.66972,1.07612,-2.74584
46.3,4.26346,2.08175,2.01577,1.31103,-3.3268
46.4,3.54258,1.19717,1.14316,1.26906,-2.41223
46.5,3.27255,-0.780328,-0.84214,0.741263,0.100876
46.6,3.64116,-2.68968,-2.77838,-0.138649,2.91703
46.7,4.74568,-4.07187,-4.2013,-1.15431,5.35561
46.8,6.58133,-4.77865,-4.95586,-2.1047,7.06056
46.9,8.88061,-4.9612,-5.18803,-2.87553,8.06356
47,11.3003,-4.8512,-5.12654,-3.43828,8.56483
47.1,13.6696,-4.50766,-4.82808,-3.78573,8.61381
47.2,15.8681,-3.94158,-4.30141,-3.91465,8.21606
47.3,17.7857,-3.16259,-3.55405,-3.8245,7.37855
47.4,19.3196,-2.19178,-2.60516,-3.51967,6.12482
47.5,20.3785,-1.0675,-1.49155,-3.01264,4.50418
47.6,20.8911,0.151022,-0.271517,-2.32736,2.59887
47.7,20.8164,1.38044,0.971703,-1.50259,0.530888
47.8,20.1563,2.50827,2.12462,-0.595789,-1.52883
47.9,18.9719,3.38262,3.03279,0.311357,-3.34415
48,17.4044,3.79572,3.48385,1.10448,-4.58833
48.1,15.6982,3.48885,3.21187,1.63133,-4.8432
48.2,14.1918,2.28828,2.03418,1.73204,-3.76622
48.3,13.2263,0.405603,0.155562,1.33792,-1.49348
48.4,13.0218,-1.54482,-1.81031,0.550864,1.25945
48.5,13.6162,-2.96476,-3.2599,-0.401827,3.66173
48.6,14.8582,-3.56107,-3.89182,-1.27433,5.16615
48.7,16.4357,-3.3551,-3.7194,-1.88559,5.605
48.8,17.977,-2.55048,-2.94028,-2.14927,5.08955
48.9,19.1755,-1.38336,-1.787,-2.0587,3.8457
49,19.8387,-0.0583744,-0.462595,-1.65967,2.12227
49.1,19.8805,1.25212,0.860415,-1.02965,0.169236
49.2,19.3034,2.39828,2.03056,-0.264599,-1.76596
49.3,18.1851,3.24883,2.9136,0.529952,-3.44356
49.4,16.6679,3.69528,3.397,1.24671,-4.64371
49.5,14.943,3.67057,3.409,1.78729,-5.19629
49.6,13.2231,3.19398,2.96435,2.08155,-5.04591
49.7,11.6958,2.4271,2.22174,2.1166,-4.33835
49.8,10.4706,1.66043,1.47168,1.95537,-3.42705
49.9,9.54898,1.18452,1.00761,1.71843,-2.72604
50,8.8297,1.15372,0.988343,1.53591,-2.52425
50.1,8.14259,1.54902,1.39913,1.50171,-2.90085
50.2,7.30397,2.22832,2.10072,1.65147,-3.75218
50.3,6.17618,3.00495,2.9074,1.96545,-4.87285
50.4,4.70307,3.70419,3.64368,2.38501,-6.02868
50.5,3.42712,2.13085,2.09165,2.31167,-4.40331
50.6,2.80988,-0.697454,-0.743628,1.54784,-0.804214
50.7,2.88786,-2.57774,-2.64969,0.49846,2.15123
50.8,3.65596,-3.35573,-3.46124,-0.491466,3.95271
50.9,5.06386,-2.97453,-3.10978,-1.14604,4.25582
51,6.50893,-2.01273,-2.16811,-1.40156,3.56968
51.1,7.52063,-1.04519,-1.21102,-1.35393,2.56495
51.2,8.12014,-0.342994,-0.512257,-1.14351,1.65577
51.3,8.46003,-0.251108,-0.422883,-0.963353,1.38623
51.4,8.81395,-0.994031,-1.17575,-1.01645,2.1922
51.5,9.48449,-2.3899,-2.59551,-1.41122,4.00673
51.6,10.6968,-3.9306,-4.17552,-2.10229,6.27782
51.7,12.5354,-5.12079,-5.41692,-2.93095,8.34787
51.8,14.9091,-5.67032,-6.02315,-3.704,9.72715
51.9,17.5627,-5.51333,-5.92129,-4.25832,10.1796
52,20.1653,-4.72221,-5.1774,-4.48809,9.66549
52.1,22.404,-3.4168,-3.90615,-4.34261,8.24876
52.2,24.0234,-1.72987,-2.23652,-3.81608,6.0526
52.3,24.8351,0.197271,-0.307409,-2.93892,3.24632
52.4,24.7209,2.21582,1.7333,-1.77086,0.037559
52.5,23.6361,4.17244,3.73164,-0.395236,-3.3364
52.6,21.6124,5.91037,5.52868,1.08574,-6.61442
52.7,18.7632,7.25561,6.94648,2.55093,-9.4974
52.8,15.3144,7.92084,7.69091,3.83592,-11.5268
52.9,11.7762,6.96188,6.80157,4.57733,-11.3789
53,9.11586,2.95409,2.82332,4.13883,-6.96216
53.1,7.87252,-1.6128,-1.75969,2.6642,-0.904508
53.2,8.13248,-4.67495,-4.8686,0.781001,4.0876
53.3,9.77201,-5.81917,-6.07101,-0.932002,7.00301
53.4,12.3442,-5.3312,-5.63636,-2.10809,7.74445
53.5,14.9214,-4.12632,-4.47273,-2.69925,7.17199
53.6,16.9832,-2.81108,-3.18561,-2.82084,6.00645
53.7,18.4363,-1.63645,-2.02734,-2.62247,4.64981
53.8,19.3335,-0.743952,-1.14228,-2.25242,3.3947
53.9,19.7966,-0.194225,-0.594496,-1.83794,2.43244
54,19.9725,0.0453453,-0.354472,-1.46707,1.82154
54.1,19.9925,0.0983067,-0.300528,-1.17544,1.47596
54.2,19.937,0.141855,-0.255561,-0.945467,1.20103
54.3,19.8159,0.343792,-0.0501861,-0.721647,0.771833
54.4,19.5713,0.803211,0.417265,-0.436919,0.0196536
54.5,19.103,1.51727,1.1465,-0.0410642,-1.10544
54.6,18.3121,2.37286,2.02581,0.475655,-2.50147
54.7,17.1559,3.14166,2.82603,1.06325,-3.88928
54.8,15.7124,3.45759,3.17654,1.59157,-4.76812
54.9,14.2394,2.83623,2.58354,1.83956,-4.4231
55,13.1486,1.01715,0.774635,1.57333,-2.34797
55.1,12.8294,-1.51401,-1.77166,0.737083,1.03458
55.2,13.4948,-3.84627,-4.14239,-0.482787,4.62518
55.3,15.1338,-5.31591,-5.66519,-1.77839,7.44357
55.4,17.4919,-5.70207,-6.10837,-2.86088,8.96925
55.5,20.1172,-5.14065,-5.59836,-3.54525,9.14361
55.6,22.5375,-3.90738,-4.40416,-3.75998,8.16414
55.7,24.4016,-2.26021,-2.77959,-3.51488,6.29447
55.8,25.4943,-0.418846,-0.942418,-2.87176,3.81418
55.9,25.7153,1.41665,0.907249,-1.92701,1.01976
56,25.066,3.0544,2.57554,-0.801374,-1.77416
56.1,23.6448,4.30621,3.87041,0.366572,-4.23698
56.2,21.6435,4.98805,4.60213,1.42546,-6.02759
56.3,19.3414,4.93872,4.60219,2.21964,-6.82183
56.4,17.0766,4.10171,3.8062,2.61628,-6.42248
56.5,15.1722,2.68293,2.41424,2.56577,-4.98002
56.6,13.8342,1.18551,0.928681,2.1565,-3.08518
56.7,13.0925,0.14562,-0.109753,1.58994,-1.48018
56.8,12.8031,-0.152492,-0.40939,1.0901,-0.680714
56.9,12.6949,0.260858,0.00656757,0.81922,-0.825788
57,12.462,1.13722,0.894304,0.837991,-1.73229
57.1,11.8799,2.14155,1.92004,1.1085,-3.02855
57.2,10.8852,2.91201,2.71962,1.51128,-4.23091
57.3,9.61058,3.02797,2.86587,1.84993,-4.7158
57.4,8.37883,2.10353,1.96246,1.87806,-3.84053
57.5,7.54775,0.378434,0.241151,1.46884,-1.70999
57.6,7.31431,-1.25685,-1.4067,0.74995,0.656754
57.7,7.67923,-2.11854,-2.28958,-0.0099315,2.29951
57.8,8.45132,-1.99174,-2.1827,-0.553123,2.73582
57.9,9.25466,-1.03732,-1.23865,-0.724505,1.96315
58,9.67254,0.413824,0.216635,-0.48922,0.272585
58.1,9.43074,2.06856,1.89205,0.106098,-1.99815
58.2,8.41507,3.69567,3.55613,0.968605,-4.52473
58.3,6.6542,5.01548,4.92609,1.95798,-6.88407
58.4,5.07739,2.66944,2.60674,2.12017,-4.7269
58.5,4.42216,-1.5604,-1.6387,1.18045,0.458252
58.6,4.83218,-4.58007,-4.70417,-0.290706,4.99488
58.7,6.35668,-5.98524,-6.16919,-1.76033,7.92952
58.8,8.92975,-5.57432,-5.81402,-2.77375,8.58777
58.9,11.5867,-4.10619,-4.38695,-3.17705,7.564
59,13.5469,-2.2366,-2.53973,-3.01772,5.55745
59.1,14.6163,-0.142528,-0.447079,-2.37506,2.82214
59.2,14.6995,1.94144,1.6563,-1.36722,-0.289081
59.3,13.8408,3.63006,3.38122,-0.180109,-3.20112
59.4,12.3491,4.11465,3.90696,0.84166,-4.74862
59.5,10.9523,2.15268,1.96651,1.12287,-3.08939
59.6,10.44,-1.75701,-1.96074,0.35197,1.60877
59.7,11.2578,-5.58937,-5.849,-1.19827,7.04727
59.8,13.5476,-8.11203,-8.45278,-3.0119,11.4647
59.9,17.1078,-8.9276,-9.35763,-4.59833,13.956
60,21.2656,-8.32307,-8.83633,-5.65783,14.4942
60.1,25.239,-6.82517,-7.40667,-6.09504,13.5017
60.2,28.5343,-4.78953,-5.41893,-5.92601,11.3449
60.3,30.8728,-2.47905,-3.13324,-5.22782,8.36106
60.4,32.1184,-0.145081,-0.800723,-4.12105,4.92177
60.5,32.2636,1.949,1.31285,-2.76257,1.44973
60.6,31.4318,3.52655,2.92566,-1.34051,-1.58515
60.7,29.8794,4.3174,3.75969,-0.0654637,-3.69422
60.8,27.9793,4.12811,3.61168,0.853822,-4.4655
60.9,26.1608,2.98999,2.50346,1.26623,-3.76969
61,24.8001,1.28896,0.815317,1.1535,-1.96882
61.1,24.108,-0.337027,-0.814039,0.661617,0.152422
61.2,24.0715,-1.30771,-1.7978,0.0467618,1.75104
61.3,24.4608,-1.33705,-1.84051,-0.425056,2.26557
61.4,24.9005,-0.468639,-0.976786,-0.562989,1.53977
61.5,24.9921,1.02287,0.524947,-0.291005,-0.233943
61.6,24.4422,2.74647,2.27602,0.350751,-2.62677
61.7,23.1485,4.23796,3.80988,1.21553,-5.02541
61.8,21.2557,4.92184,4.54299,2.0474,-6.59038
61.9,19.1945,4.13121,3.79366,2.48396,-6.27763
62,17.5952,1.6226,1.30128,2.18829,-3.48957
62.1,17.0061,-1.74403,-2.08278,1.12052,0.962261
62.2,17.6879,-4.63178,-5.01686,-0.413822,5.43068
62.3,19.5691,-6.17068,-6.61746,-1.96473,8.5822
62.4,22.2336,-6.15221,-6.66052,-3.13868,9.79919
62.5,25.0127,-4.85559,-5.41245,-3.70712,9.11957
62.6,27.2567,-2.71316,-3.29716,-3.60463,6.90178
62.7,28.5157,-0.0990143,-0.683996,-2.87447,3.55847
62.8,28.5383,2.68564,2.12751,-1.62398,-0.503535
62.9,27.2303,5.38455,4.88027,0.00208622,-4.88236
63,24.6281,7.77045,7.34388,1.83753,-9.18141
63.1,20.8867,9.62394,9.29361,3.70155,-12.9952
63.2,16.3112,10.5739,10.3493,5.3635,-15.7128
63.3,11.891,8.1393,7.9961,6.02165,-14.0177
63.4,9.12598,1.10549,0.973344,4.75957,-5.73292
63.5,8.30618,-4.45248,-4.62915,2.41239,2.21676
63.6,9.40008,-7.33218,-7.58218,-0.0862508,7.66843
63.7,12.1808,-7.46012,-7.78471,-2.01087,9.79558
63.8,15.7048,-5.66697,-6.04824,-3.02021,9.06845
63.9,18.4873,-3.44551,-3.86123,-3.23046,7.09169
64,20.223,-1.21439,-1.64225,-2.83341,4.47566
64.1,20.8951,0.802612,0.382773,-2.02937,1.64659
64.2,20.603,2.42266,2.02705,-1.01526,-1.01179
64.3,19.5347,3.50436,3.14379,0.0245019,-3.16829
64.4,17.942,3.97259,3.65174,0.931312,-4.58306
64.5,16.1022,3.86362,3.58142,1.59384,-5.17525
64.6,14.262,3.37074,3.12224,1.97594,-5.09817
64.7,12.5767,2.82287,2.6026,2.1326,-4.73521
64.8,11.0744,2.55552,2.3608,2.18965,-4.55046
64.9,9.66028,2.76131,2.59421,2.29079,-4.885
65,8.15769,3.43208,3.2993,2.54292,-5.84222
65.1,6.37539,4.39565,4.30683,2.9839,-7.29072
65.2,4.69222,3.3543,3.29902,3.06268,-6.3617
65.3,3.95951,-0.895826,-0.960067,2.05699,-1.09692
65.4,4.26668,-4.16812,-4.27404,0.474234,3.7998
65.5,5.67362,-6.08668,-6.25346,-1.20769,7.46115
65.6,8.18379,-6.34684,-6.57709,-2.55004,9.12713
65.7,11.2101,-5.2595,-5.54235,-3.29812,8.84047
65.8,13.7092,-3.64151,-3.96078,-3.46378,7.42456
65.9,15.4258,-1.59201,-1.92719,-3.07964,5.00683
66,16.1539,0.753134,0.425478,-2.20336,1.77788
66.1,15.7526,3.22868,2.93331,-0.919191,-2.01412
66.2,14.1601,5.65303,5.41419,0.664154,-6.07834
66.3,11.4018,7.84246,7.68205,2.41863,-10.1007
66.4,8.40506,6.37078,6.27407,3.38249,-9.65656
66.5,6.91138,-1.02098,-1.1279,2.25489,-1.12699
66.6,7.15882,-6.6023,-6.77524,-0.00264275,6.77789
66.7,9.28568,-9.85562,-10.1271,-2.53376,12.6609
66.8,13.317,-10.3988,-10.7743,-4.59389,15.3682
66.9,18.3453,-8.83068,-9.29447,-5.76903,15.0635
67,22.6159,-6.66952,-7.20001,-6.12678,13.3268
67.1,25.8433,-4.05468,-4.62571,-5.75151,10.3772
67.2,27.8091,-1.1614,-1.74404,-4.74964,6.49369
67.3,28.38,1.81005,1.24551,-3.25086,2.00535
67.4,27.5199,4.64421,4.1261,-1.40662,-2.71948
67.5,25.3005,7.11211,6.66512,0.611318,-7.27644
67.6,21.9172,8.93586,8.57823,2.60305,-11.1813
67.7,17.7645,9.55754,9.29549,4.27616,-13.5716
67.8,13.7527,7.24149,7.05186,4.97008,-12.0219
67.9,11.0783,1.57455,1.40066,4.07773,-5.47839
68,10.2109,-3.64053,-3.85082,2.09559,1.75523
68.1,11.1828,-6.65794,-6.93482,-0.162011,7.09683
68.2,13.7366,-7.23918,-7.58844,-2.01862,9.60706
68.3,17.0583,-6.06138,-6.47126,-3.13178,9.60304
68.4,20.024,-4.30818,-4.76114,-3.53912,8.30026
68.5,22.2193,-2.60894,-3.08799,-3.42634,6.51433
68.6,23.6392,-1.30089,-1.79295,-3.01799,4.81094
68.7,24.4523,-0.589048,-1.087,-2.53524,3.62224
68.8,24.9132,-0.511047,-1.01411,-2.15496,3.16906
68.9,25.2813,-0.891258,-1.40323,-1.96703,3.37026
69,25.7393,-1.37893,-1.90469,-1.95144,3.85614
69.1,26.3341,-1.58011,-2.12167,-1.994,4.11567
69.2,26.9575,-1.20061,-1.75418,-1.93405,3.68823
69.3,27.3711,-0.12133,-0.676112,-1.61956,2.29567
69.4,27.269,1.60705,1.06834,-0.947586,-0.120755
69.5,26.3529,3.81507,3.31451,0.117937,-3.43245
69.6,24.3951,6.27,5.83214,1.54649,-7.37863
69.7,21.2763,8.71207,8.36133,3.2502,-11.6115
69.8,17.0144,10.8316,10.5892,5.08495,-15.6742
69.9,12.359,9.97374,9.83105,6.27148,-16.1025
70,9.64098,0.693454,0.557702,4.84303,-5.40074
70.1,9.23042,-6.84185,-7.04602,1.87077,5.17525
70.2,11.2501,-11.4125,-11.7308,-1.52961,13.2604
70.3,15.6709,-12.6161,-13.0605,-4.41234,17.4729
70.4,21.7159,-10.8943,-11.4477,-6.17117,17.6188
70.5,27.0044,-8.38583,-9.02308,-6.88415,15.9072
70.6,31.089,-5.40599,-6.0973,-6.68744,12.7847
70.7,33.7396,-2.17579,-2.88886,-5.73779,8.62666
70.8,34.8374,1.06114,0.358676,-4.21368,3.855
70.9,34.3848,4.03768,3.37559,-2.31636,-1.05923
71,32.5192,6.45681,5.85929,-0.272447,-5.58685
71.1,29.5346,7.96271,7.44482,1.65687,-9.10169
71.2,25.9163,8.09234,7.65537,3.1565,-10.8119
71.3,22.3561,6.3811,6.00795,3.86936,-9.8773
71.4,19.5985,3.03912,2.69636,3.57611,-6.27247
71.5,18.1355,-0.611868,-0.960752,2.44189,-1.48114
71.6,18.0725,-3.18422,-3.56495,0.940182,2.62477
71.7,19.1499,-4.06108,-4.48241,-0.415467,4.89788
71.8,20.788,-3.37745,-3.83256,-1.26974,5.1023
71.9,22.2701,-1.69989,-2.172,-1.49531,3.66731
72,23.0588,0.367769,-0.100663,-1.14664,1.24731
72.1,22.9238,2.34249,1.89748,-0.385613,-1.51187
72.2,21.8966,3.82151,3.41471,0.564469,-3.97918
72.3,20.2203,4.43617,4.07374,1.44179,-5.51553
72.4,18.3045,3.91339,3.59009,1.97886,-5.56895
72.5,16.6219,2.34386,2.04401,1.99515,-4.03915
72.6,15.5376,0.37809,0.0820126,1.51686,-1.59888
72.7,15.1893,-1.14432,-1.45184,0.774688,0.677153
72.8,15.468,-1.70978,-2.0344,0.0724161,1.96198
72.9,16.0583,-1.28432,-1.62178,-0.351132,1.97291
73,16.5556,-0.208784,-0.548334,-0.400432,0.948766
73.1,16.6584,0.985,0.6553,-0.136499,-0.518801
73.2,16.317,1.69004,1.37724,0.241936,-1.61918
73.3,15.7683,1.33405,1.03459,0.4401,-1.47469
73.4,15.4381,-0.25347,-0.555464,0.191209,0.364255
73.5,15.7338,-2.50885,-2.83593,-0.565575,3.4015
73.6,16.8764,-4.50994,-4.88212,-1.64471,6.52683
73.7,18.8275,-5.55508,-5.98281,-2.72924,8.71205
73.8,21.2695,-5.3748,-5.85628,-3.511,9.36727
73.9,23.6804,-4.06587,-4.58801,-3.78025,8.36826
74,25.5139,-1.89605,-2.43715,-3.44447,5.88162
74.1,26.3356,0.840702,0.30801,-2.50635,2.19834
74.2,25.858,3.86338,3.36932,-1.03743,-2.33189
74.3,23.935,6.90562,6.48062,0.84208,-7.3227
74.4,20.5526,9.71837,9.39055,2.9792,-12.3697
74.5,15.8187,12.0781,11.8711,5.20217,-17.0733
74.6,11.4896,7.64019,7.50955,5.77902,-13.2886
74.7,9.38829,-2.09953,-2.25116,3.77147,-1.52032
74.8,9.7261,-8.99231,-9.23386,0.520141,8.71372
74.9,12.5803,-12.525,-12.8918,-2.83284,15.7246
75,17.8852,-12.3799,-12.8705,-5.34225,18.2127
75.1,23.8941,-9.99997,-10.5906,-6.65433,17.2449
75.2,28.7545,-7.03508,-7.69604,-6.91476,14.6108
75.3,32.1836,-3.68037,-4.37813,-6.2806,10.6587
75.4,33.9928,-0.158272,-0.857611,-4.92485,5.78246
75.5,34.1004,3.29699,2.63062,-3.03599,0.405369
75.6,32.5383,6.45482,5.853,-0.813739,-5.03926
75.7,29.4504,9.10026,8.58945,1.53706,-10.1265
75.8,25.0893,11.031,10.6305,3.81041,-14.4409
75.9,19.8328,11.9642,11.6833,5.77863,-17.4619
76,14.4727,10.4699,10.2937,6.9074,-17.2011
76.1,10.6341,3.74372,3.60499,6.0818,-9.68679
76.2,8.8284,-2.49349,-2.65716,3.89706,-1.23991
76.3,9.00876,-5.95136,-6.17454,1.37916,4.79538
76.4,10.9203,-6.50606,-6.7943,-0.664205,7.45851
76.5,13.8534,-4.81477,-5.15115,-1.78594,6.9371
76.6,16.2369,-2.5709,-2.93299,-2.07271,5.0057
76.7,17.5956,-0.519903,-0.887199,-1.77633,2.66353
76.8,18.001,1.01391,0.65675,-1.16806,0.511309
76.9,17.6926,1.80799,1.46891,-0.508817,-0.960093
77,16.9982,1.80197,1.48091,-0.0113844,-1.46953
77.1,16.244,1.20726,0.898276,0.216031,-1.11431
77.2,15.6544,0.487073,0.182959,0.207763,-0.390722
77.3,15.2862,0.140172,-0.16254,0.115187,0.0473528
77.4,15.0182,0.473694,0.175719,0.13032,-0.306039
77.5,14.5931,1.5223,1.23955,0.407627,-1.64717
77.6,13.7084,3.09488,2.84308,1.01649,-3.85956
77.7,12.135,4.83468,4.63122,1.92017,-6.55139
77.8,9.90578,5.90607,5.76167,2.88055,-8.64222
77.9,7.96835,3.11101,2.99772,2.90984,-5.90756
78,7.25638,-2.25453,-2.39037,1.58479,0.805577
78.1,8.07432,-6.62894,-6.83106,-0.519174,7.35024
78.2,10.5299,-9.04836,-9.34097,-2.72462,12.0656
78.3,14.4633,-9.20323,-9.58787,-4.44043,14.0283
78.4,18.8137,-7.79571,-8.2583,-5.3949,13.6532
78.5,22.5401,-5.60316,-6.12179,-5.57662,11.6984
78.6,25.2219,-2.89026,-3.43779,-5.04192,8.47971
78.7,26.6023,0.122059,-0.424248,-3.8875,4.31175
78.8,26.5371,3.19665,2.6823,-2.24505,-0.437257
78.9,24.9996,6.07803,5.62447,-0.277669,-5.3468
79,22.0941,8.47808,8.1093,1.81907,-9.92838
79.1,18.1071,9.92987,9.66039,3.7794,-13.4398
79.2,13.8507,8.65224,8.46928,4.95187,-13.4212
79.3,10.8361,2.56868,2.41141,4.31676,-6.72817
79.4,9.66521,-3.40163,-3.59292,2.33934,1.25358
79.5,10.3917,-6.85688,-7.11673,-0.0246792,7.14141
79.6,12.7875,-7.36861,-7.70216,-1.94405,9.6462
79.7,16.0444,-5.43873,-5.82666,-2.9147,8.74136
79.8,18.6121,-2.49387,-2.90673,-2.91271,5.81945
79.9,19.8123,0.744604,0.339181,-2.09974,1.76056
80,19.4838,3.87792,3.51128,-0.696983,-2.8143
80.1,17.7106,6.42028,6.11784,1.00672,-7.12456
80.2,14.9599,7.23029,7.00015,2.50508,-9.50523
80.3,12.4578,3.8623,3.67078,2.79651,-6.46729
80.4,11.3441,-2.15511,-2.36818,1.50534,0.862842
80.5,12.078,-7.19717,-7.4822,-0.74155,8.22375
80.6,14.7421,-9.86887,-10.2526,-3.11931,13.3719
80.7,18.9757,-9.92202,-10.405,-4.94073,15.3457
80.8,23.6115,-8.16292,-8.72749,-5.88742,14.6149
80.9,27.5213,-5.52715,-6.147,-5.95231,12.0993
81,30.2039,-2.4838,-3.12849,-5.24636,8.37484
81.1,31.447,0.620407,-0.0180742,-3.93929,3.95736
81.2,31.2238,3.4419,2.83784,-2.245,-0.592835
81.3,29.6855,5.60251,5.05448,-0.420134,-4.63434
81.4,27.1802,6.65841,6.17696,1.22914,-7.4061
81.5,24.269,6.13728,5.7172,2.35115,-8.06835
81.6,21.6531,3.90598,3.52495,2.6446,-6.16956
81.7,19.9356,0.741358,0.367751,2.07539,-2.44314
81.8,19.4037,-2.01982,-2.41363,0.953137,1.46049
81.9,19.9785,-3.41755,-3.84554,-0.246531,4.09207
82,21.2401,-3.19931,-3.65928,-1.09972,4.759
82.1,22.5309,-1.67052,-2.1472,-1.36159,3.50879
82.2,23.2052,0.639608,0.169326,-0.978861,0.809535
82.3,22.8394,3.24481,2.80698,-0.0324016,-2.77457
82.4,21.2589,5.76516,5.38498,1.32194,-6.70693
82.5,18.488,7.9033,7.60215,2.89199,-10.4941
82.6,14.7131,9.3864,9.17912,4.46378,-13.6429
82.7,10.5716,8.71323,8.59307,5.4961,-14.0892
82.8,7.82107,1.97929,1.87893,4.59181,-6.47073
82.9,6.73985,-3.3478,-3.48164,2.57345,0.908195
83,7.29808,-6.07782,-6.27243,0.361976,5.91046
83.1,9.32051,-6.11829,-6.37409,-1.32204,7.69613
83.2,12.1832,-3.98854,-4.28423,-2.06259,6.34681
83.3,14.1376,-1.47631,-1.78675,-1.99363,3.78038
83.4,14.913,0.948157,0.64719,-1.33342,0.686234
83.5,14.5646,2.93096,2.65931,-0.335242,-2.32406
83.6,13.351,3.98028,3.74842,0.685674,-4.43409
83.7,11.7933,3.40987,3.21211,1.31728,-4.5294
83.8,10.5606,1.11009,0.923438,1.21882,-2.14226
83.9,10.1171,-1.63021,-1.83316,0.455826,1.37734
84,10.6079,-3.47945,-3.7172,-0.587431,4.30464
84.1,11.8835,-3.86526,-4.14166,-1.47599,5.61765
84.2,13.4761,-2.87037,-3.17548,-1.90086,5.07634
84.3,14.7265,-0.976311,-1.29118,-1.74844,3.03962
84.4,15.137,1.33729,1.03579,-1.05238,0.0165881
84.5,14.4722,3.70872,3.44431,0.0717915,-3.51611
84.6,12.7006,5.8101,5.60379,1.45479,-7.05858
84.7,10.0496,6.95835,6.82163,2.7965,-9.61813
84.8,7.75433,3.52763,3.42618,2.95392,-6.38011
84.9,6.71657,-1.89434,-2.01473,1.71176,0.302973
85,7.13212,-5.7092,-5.88668,-0.187852,6.07454
85.1,9.01008,-7.27019,-7.52038,-2.02098,9.54136
85.2,12.1091,-6.47718,-6.79214,-3.21377,10.0059
85.3,15.1724,-4.37074,-4.7294,-3.59268,8.32208
85.4,17.2609,-1.79268,-2.16927,-3.23683,5.4061
85.5,18.122,0.975285,0.608444,-2.27551,1.66706
85.6,17.6637,3.67472,3.34462,-0.870476,-2.47415
85.7,15.9326,6.00222,5.73215,0.780181,-6.51233
85.8,13.1894,7.362,7.16555,2.37652,-9.54208
85.9,10.3638,5.43823,5.29616,3.10643,-8.40259
86,8.68471,-0.0665073,-0.209241,2.27751,-2.06827
86.1,8.57299,-4.85741,-5.04872,0.445955,4.60277
86.2,10.1119,-7.513,-7.77943,-1.61039,9.38983
86.3,13.1198,-7.7471,-8.09101,-3.23055,11.3216
86.4,16.719,-6.20247,-6.6084,-4.07501,10.6834
86.5,19.7115,-4.00231,-4.44827,-4.16832,8.61659
86.6,21.6912,-1.63796,-2.1003,-3.65132,5.75162
86.7,22.5712,0.546444,0.0895723,-2.71609,2.62652
86.8,22.4459,2.20567,1.77085,-1.59436,-0.176494
86.9,21.5769,3.0004,2.59559,-0.546871,-2.04872
87,20.3649,2.71127,2.33357,0.17324,-2.50681
87.1,19.2549,1.47531,1.11237,0.408022,-1.52039
87.2,18.5894,-0.107605,-0.471626,0.18811,0.283516
87.3,18.4946,-1.27155,-1.64828,-0.270989,1.91927
87.4,18.8455,-1.48571,-1.8773,-0.672567,2.54987
87.5,19.2962,-0.610689,-1.00839,-0.756523,1.76491
87.6,19.3819,1.17338,0.787411,-0.370539,-0.416872
87.7,18.6698,3.53339,3.18276,0.517786,-3.70055
87.8,16.8671,6.11479,5.8253,1.84466,-7.66997
87.9,13.8521,8.59594,8.39241,3.4816,-11.874
88,10.08,9.03357,8.92038,4.8413,-13.7617
88.1,7.98804,0.23908,0.128281,3.66304,-3.79132
88.2,7.84554,-6.57842,-6.755,1.05853,5.69647
88.3,9.81869,-10.7993,-11.0839,-1.97707,13.061
88.4,13.9487,-11.9574,-12.3615,-4.57319,16.9347
88.5,19.7239,-10.1985,-10.7046,-6.10604,16.8106
88.6,24.6518,-7.73704,-8.32055,-6.65967,14.9802
88.7,28.3946,-4.74326,-5.3742,-6.3383,11.7125
88.8,30.6961,-1.42917,-2.0744,-5.27233,7.34672
88.9,31.402,1.96635,1.34078,-3.61905,2.27827
89,30.4735,5.19351,4.61988,-1.55932,-3.06056
89.1,27.9939,8.00325,7.50965,0.707925,-8.21758
89.2,24.1736,10.1371,9.74491,2.96717,-12.7121
89.3,19.3888,11.1878,10.9074,4.95223,-15.8596
89.4,14.5062,9.48321,9.29769,6.03859,-15.3363
89.5,11.0339,3.1157,2.96134,5.26928,-8.23062
89.6,9.50579,-2.84446,-3.02726,3.19514,-0.167882
89.7,9.9096,-6.14594,-6.39021,0.798807,5.5914
89.8,11.9718,-6.54028,-6.84995,-1.11338,7.96333
89.9,14.8782,-4.6768,-5.03324,-2.09335,7.12658
90,17.1341,-2.06353,-2.4406,-2.18016,4.62076
90.1,18.1836,0.585869,0.214657,-1.58145,1.3668
90.2,17.9825,2.93258,2.59069,-0.538418,-2.05227
90.3,16.6803,4.67923,4.38413,0.69222,-5.07635
90.4,14.5941,5.46977,5.22937,1.82651,-7.05588
90.5,12.2383,4.81995,4.62776,2.52682,-7.15458
90.6,10.2408,2.63026,2.46437,2.51121,-4.97557
90.7,9.0251,0.0539055,-0.11145,1.85554,-1.74409
90.8,8.69244,-1.64531,-1.82712,0.934878,0.89224
90.9,9.09107,-2.02642,-2.22849,0.144035,2.08446
91,9.84364,-1.33754,-1.55299,-0.280222,1.83321
91.1,10.4711,-0.27664,-0.494854,-0.33388,0.828734
91.2,10.7519,0.376436,0.161986,-0.209913,0.047927
91.3,10.8471,0.0335054,-0.180609,-0.202587,0.383197
91.4,11.1136,-1.33649,-1.56397,-0.542934,2.10691
91.5,11.8693,-3.09041,-3.3488,-1.2444,4.5932
91.6,13.2572,-4.42971,-4.73239,-2.1164,6.84879
91.7,15.1868,-4.83681,-5.18786,-2.88426,8.07212
91.8,17.324,-4.17552,-4.56832,-3.30528,7.8736
91.9,19.1901,-2.59094,-3.00966,-3.23137,6.24103
92,20.3322,-0.337805,-0.759897,-2.6135,3.3734
92.1,20.4165,2.30834,1.90933,-1.48279,-0.42654
92.2,19.2508,5.05555,4.70709,0.0646781,-4.77177
92.3,16.8065,7.52837,7.2552,1.86231,-9.11751
92.4,13.4107,8.60861,8.42153,3.50211,-11.9236
92.5,10.6295,3.86552,3.71709,3.55586,-7.27294
92.6,9.60925,-3.3975,-3.57991,1.77192,1.80799
92.7,10.6903,-8.91006,-9.18156,-0.966454,10.148
92.8,13.9641,-11.6831,-12.0714,-3.7427,15.8141
92.9,19.1356,-11.5243,-12.0279,-5.81399,17.8419
93,24.6403,-9.64684,-10.2469,-6.92222,17.1691
93.1,29.2976,-6.99589,-7.66589,-7.10814,14.774
93.2,32.6913,-3.87749,-4.58627,-6.47767,11.0639
93.3,34.5893,-0.547672,-1.26193,-5.17373,6.43566
93.4,34.8899,2.72653,2.03954,-3.37042,1.33088
93.5,33.6256,5.66016,5.02977,-1.27037,-3.7594
93.6,30.9754,7.93307,7.38201,0.892726,-8.27474
93.7,27.2952,9.12739,8.66761,2.83645,-11.5041
93.8,23.1824,8.60953,8.23584,4.1863,-12.4221
93.9,19.4926,5.77806,5.46215,4.50526,-9.96741
94,17.0251,1.3972,1.09527,3.65276,-4.74803
94.1,16.1578,-2.54828,-2.8757,2.02065,0.855053
94.2,16.8411,-4.74297,-5.11782,0.236029,4.88179
94.3,18.6388,-4.92271,-5.34679,-1.15967,6.50646
94.4,20.7629,-3.57195,-4.03174,-1.87769,5.90943
94.5,22.4034,-1.42707,-1.90114,-1.88355,3.78469
94.6,23.0883,0.957809,0.493321,-1.28934,0.796014
94.7,22.6574,3.22751,2.7953,-0.268177,-2.52712
94.8,21.1459,5.14197,4.76118,0.989161,-5.75034
94.9,18.7144,6.5372,6.22177,2.29731,-8.51909
95,15.6086,7.30731,7.06496,3.48923,-10.5542
95.1,12.1381,7.35992,7.19117,4.41471,-11.6059
95.2,8.7431,6.28815,6.18228,4.8566,-11.0389
95.3,6.15954,3.0734,2.99827,4.39202,-7.39029
95.4,4.70874,-0.214438,-0.291716,3.22109,-2.92937
95.5,4.38878,-2.31269,-2.41309,1.81254,0.600548
95.6,5.12719,-3.34302,-3.47686,0.490192,2.98667
95.7,6.72659,-3.72538,-3.89646,-0.606472,4.50294
95.8,8.66127,-4.09826,-4.31033,-1.53244,5.84277
95.9,10.7392,-4.57371,-4.83152,-2.35721,7.18873
96,12.9747,-4.90413,-5.21098,-3.07065,8.28163
96.1,15.3106,-4.83898,-5.19422,-3.60154,8.79576
96.2,17.582,-4.22708,-4.62459,-3.8573,8.4819
96.3,19.5457,-3.03245,-3.46028,-3.75805,7.21833
96.4,20.9321,-1.31289,-1.75386,-3.257,5.01086
96.5,21.4937,0.807081,0.374188,-2.3492,1.97502
96.6,21.0405,3.15692,2.75559,-1.07301,-1.68259
96.7,19.4658,5.53024,5.18422,0.491301,-5.67552
96.8,16.7727,7.65989,7.39047,2.21609,-9.60656
96.9,13.1963,8.83329,8.6522,3.82512,-12.4773
97,10.0983,4.90177,4.76969,4.06126,-8.83096
97.1,8.68235,-2.12155,-2.27484,2.47724,-0.202398
97.2,9.23691,-7.47144,-7.69944,-0.0669311,7.76637
97.3,11.8298,-10.2474,-10.5778,-2.69466,13.2725
97.4,16.2566,-10.2404,-10.6733,-4.68931,15.3626
97.5,21.1515,-8.51961,-9.03768,-5.7764,14.8141
97.6,25.2703,-6.12764,-6.707,-6.00905,12.716
97.7,28.2438,-3.33213,-3.94481,-5.49299,9.4378
97.8,29.8701,-0.338409,-0.954467,-4.35836,5.31283
97.9,30.0516,2.64697,2.05738,-2.75443,0.697049
98,28.7928,5.41568,4.88025,-0.845757,-4.03449
98.1,26.2024,7.75686,7.29899,1.19043,-8.48942
98.2,22.5029,9.42404,9.06042,3.15793,-12.2183
98.3,18.0947,9.92727,9.66292,4.78418,-14.4471
98.4,13.8527,7.65842,7.47065,5.4558,-12.9265
98.5,10.9598,2.04695,1.87965,4.56176,-6.44141
98.6,9.86797,-3.11846,-3.31694,2.59208,0.72486
98.7,10.5775,-6.04892,-6.30789,0.367091,5.9408
98.8,12.8054,-6.50181,-6.8258,-1.43113,8.25693
98.9,15.7345,-5.10504,-5.48008,-2.44337,7.92345
99,18.1901,-3.00075,-3.4058,-2.68398,6.08977
99.1,19.6813,-0.761312,-1.17397,-2.30647,3.48045
99.2,20.1104,1.33885,0.939576,-1.49496,0.555386
99.3,19.5358,3.10128,2.73303,-0.437965,-2.29506
99.4,18.119,4.36356,4.03894,0.68126,-4.7202
99.5,16.1025,4.99392,4.71924,1.69076,-6.41
99.6,13.7906,4.90765,4.68205,2.43858,-7.12063
99.7,11.5092,4.14466,3.9605,2.81906,-6.77956
99.8,9.52436,3.0141,2.86008,2.82932,-5.6894
99.9,7.95134,2.06101,1.9276,2.60389,-4.53149
